"701","Barrett Fragrances","Love At First Touch Inspired by Love Don't Be Shy","Extrait de Parfum","Exact bottle/product image + direct image URL","https://barrettfragrances.com/products/love-at-first-touch","FACTORY_REBUILD_FROM_CANONICAL_TRUTH",""
"702","Barrett Fragrances","Lucky Millionaire inspired by One Million Lucky","Extrait de Parfum","Exact bottle/product image + direct image URL","https://barrettfragrances.com/products/lucky-millionaire-inspired-by-one-million-lucky","FACTORY_REBUILD_FROM_CANONICAL_TRUTH",""
"703","Barrett Fragrances","Lumina Inspired by New York Nights","Extrait de Parfum","Exact bottle/product image + direct image URL","https://barrettfragrances.com/products/lumina-inspired-by-sedley","FACTORY_REBUILD_FROM_CANONICAL_TRUTH",""
"704","Barrett Fragrances","Lychee Luminosity inspired by Eden Sparkling Lychee 39","Extrait de Parfum","Exact bottle/product image + direct image URL","https://barrettfragrances.com/products/lychee-luminosity-inspired-by-eden-sparkling-lychee-39","FACTORY_REBUILD_FROM_CANONICAL_TRUTH",""
"705","Barrett Fragrances","Magical Moments inspired by La Vie Est Belle","Extrait de Parfum","Exact bottle/product image + direct image URL","https://barrettfragrances.com/products/magical-moments-inspired-by-la-vie-est-belle","FACTORY_REBUILD_FROM_CANONICAL_TRUTH",""
"706","Barrett Fragrances","Marquis De Lafayette inspired by Lafayette Street","Extrait de Parfum","Exact bottle/product image + direct image URL","https://barrettfragrances.com/products/marquis-de-lafayette-inspired-by-lafayette-street","FACTORY_REBUILD_FROM_CANONICAL_TRUTH",""
"707","Barrett Fragrances","Master of Disguise inspired by Fantomas","Extrait de Parfum","Exact bottle/product image + direct image URL","https://barrettfragrances.com/products/master-of-disguise-inspired-by-fantomas","FACTORY_REBUILD_FROM_CANONICAL_TRUTH",""
"708","Barrett Fragrances","Mi Amore inspired by Lovers","Extrait de Parfum","Exact bottle/product image + direct image URL","https://barrettfragrances.com/products/mi-amore-inspired-by","FACTORY_REBUILD_FROM_CANONICAL_TRUTH",""
"709","Barrett Fragrances","Mi Promesa inspired by Valaya","Extrait de Parfum","Exact bottle/product image + direct image URL","https://barrettfragrances.com/products/mi-promesa-inspired-by-valaya","FACTORY_REBUILD_FROM_CANONICAL_TRUTH",""
"710","Barrett Fragrances","Millennium Inspired by Milisime Imperial","Extrait de Parfum","Exact bottle/product image + direct image URL","https://barrettfragrances.com/products/millennium","FACTORY_REBUILD_FROM_CANONICAL_TRUTH",""
"711","Barrett Fragrances","Miralis inspired by Attrape-Rêves","Extrait de Parfum","Exact bottle/product image + direct image URL","https://barrettfragrances.com/products/miralis-inspired-by-attrape-reves","FACTORY_REBUILD_FROM_CANONICAL_TRUTH",""
"712","Barrett Fragrances","Mirrored Effect 45 inspired by Reflection 45","Extrait de Parfum","Exact bottle/product image + direct image URL","https://barrettfragrances.com/products/pop-45-inspired-by-reflection-45","FACTORY_REBUILD_FROM_CANONICAL_TRUTH",""
"713","Barrett Fragrances","Mirrored Effect Inspired by Reflection Man","Extrait de Parfum","Exact bottle/product image + direct image URL","https://barrettfragrances.com/products/mirrored-effect","FACTORY_REBUILD_FROM_CANONICAL_TRUTH",""
"714","Barrett Fragrances","Misbehavior inspired by Good Girl Gone Bad","Extrait de Parfum","Exact bottle/product image + direct image URL","https://barrettfragrances.com/products/misbehavior-inspired-by-good-girl-gone-bad","FACTORY_REBUILD_FROM_CANONICAL_TRUTH",""
"715","Barrett Fragrances","Mona Lisa inspired by Portrait of a Lady","Extrait de Parfum","Exact bottle/product image + direct image URL","https://barrettfragrances.com/products/mona-lisa-inspired-by-portrait-of-a-lady","FACTORY_REBUILD_FROM_CANONICAL_TRUTH",""
"716","Barrett Fragrances","Moonlit Musk inspired by Musk 12","Extrait de Parfum","Exact bottle/product image + direct image URL","https://barrettfragrances.com/products/moonlit-musk-inspired-by-musk-12","FACTORY_REBUILD_FROM_CANONICAL_TRUTH",""
"717","Barrett Fragrances","Moore Electrique inspired by La Nuit de L'Homme Bleu Électrique","Extrait de Parfum","Exact bottle/product image + direct image URL","https://barrettfragrances.com/products/moore-electrique-inspired-by-la-nuit-de-lhomme-bleu-electrique","FACTORY_REBUILD_FROM_CANONICAL_TRUTH",""
"718","Barrett Fragrances","Moore Fragrance Please inspired by Myself","Extrait de Parfum","Exact bottle/product image + direct image URL","https://barrettfragrances.com/products/moore-fragrance-please-inspires-by-myself","FACTORY_REBUILD_FROM_CANONICAL_TRUTH",""
"719","Barrett Fragrances","Mr Moore Inspired by La Nuit De L'homme 2009","Extrait de Parfum","Exact bottle/product image + direct image URL","https://barrettfragrances.com/products/mr-moore-inspired-by-vintage-la-nuit-de-lhomme","FACTORY_REBUILD_FROM_CANONICAL_TRUTH",""
"720","Barrett Fragrances","Mysterious Chic inspired by Coco Mademoiselle","Extrait de Parfum","Exact bottle/product image + direct image URL","https://barrettfragrances.com/products/mysterious-chic-inspired-by-coco-mademoiselle","FACTORY_REBUILD_FROM_CANONICAL_TRUTH",""
"721","Barrett Fragrances","Narcotica inspired by Narcotic Delight","Extrait de Parfum","Exact bottle/product image + direct image URL","https://barrettfragrances.com/products/narcotica-inspired-by-narcotic-delight","FACTORY_REBUILD_FROM_CANONICAL_TRUTH",""
"722","Barrett Fragrances","Nocturnal Inspired by Jazz Club","Extrait de Parfum","Exact bottle/product image + direct image URL","https://barrettfragrances.com/products/nocturnal","FACTORY_REBUILD_FROM_CANONICAL_TRUTH",""
"723","Barrett Fragrances","Nom Nom inspired by Yum Pistachio Gelato 33","Extrait de Parfum","Exact bottle/product image + direct image URL","https://barrettfragrances.com/products/nom-nom-inspired-by-yum-pistachio-gelato-33","FACTORY_REBUILD_FROM_CANONICAL_TRUTH",""
"724","Barrett Fragrances","Nothing But Malt inspired by Pure Malt","Extrait de Parfum","Exact bottle/product image + direct image URL","https://barrettfragrances.com/products/nothing-but-malt-inspired-by-pure-malt","FACTORY_REBUILD_FROM_CANONICAL_TRUTH",""
"725","Barrett Fragrances","Nothing But Zest inspired by Ultra Zest","Extrait de Parfum","Exact bottle/product image + direct image URL","https://barrettfragrances.com/products/nothing-but-zest-inspired-by-ultra-zest","FACTORY_REBUILD_FROM_CANONICAL_TRUTH",""
"726","Barrett Fragrances","Nuit Francaise Inspired by Grand Soir","Extrait de Parfum","Exact bottle/product image + direct image URL","https://barrettfragrances.com/products/nuit-francaise","FACTORY_REBUILD_FROM_CANONICAL_TRUTH",""
"727","Barrett Fragrances","Nuit Time inspired by Afternoon Swim and Grand Soir","Extrait de Parfum","Exact bottle/product image + direct image URL","https://barrettfragrances.com/products/nuit-time-inspired-by-afternoon-swim-and-grand-soir","FACTORY_REBUILD_FROM_CANONICAL_TRUTH",""
"728","Barrett Fragrances","Nurture inspired by Aqua Sapphire","Extrait de Parfum","Exact bottle/product image + direct image URL","https://barrettfragrances.com/products/nurture-inspired-by-aqua-sapphire","FACTORY_REBUILD_FROM_CANONICAL_TRUTH",""
"729","Barrett Fragrances","Oceans Odyssey inspired by Voyage","Extrait de Parfum","Exact bottle/product image + direct image URL","https://barrettfragrances.com/products/oceans-odyssey-inspired-by-voyage","FACTORY_REBUILD_FROM_CANONICAL_TRUTH",""
"730","Barrett Fragrances","OG Santal inspired by Original Santal","Extrait de Parfum","Exact bottle/product image + direct image URL","https://barrettfragrances.com/products/og-santal-inspired-by-original-santal","FACTORY_REBUILD_FROM_CANONICAL_TRUTH",""
"731","Barrett Fragrances","OG Vetiver inspired by Original Vetiver","Extrait de Parfum","Exact bottle/product image + direct image URL","https://barrettfragrances.com/products/og-vetiver-inspired-by-original-vetiver","FACTORY_REBUILD_FROM_CANONICAL_TRUTH",""
"732","Barrett Fragrances","Old School inspired by Code Absolou","Extrait de Parfum","Exact bottle/product image + direct image URL","https://barrettfragrances.com/products/old-school-inspired-by-code-absolou","FACTORY_REBUILD_FROM_CANONICAL_TRUTH",""
"733","Barrett Fragrances","Olfactory Zone Inspired by Aqua Di Gio Profumo","Extrait de Parfum","Exact bottle/product image + direct image URL","https://barrettfragrances.com/products/olfactory-zone-inspired-by-aqua-di-gio-profumo","FACTORY_REBUILD_FROM_CANONICAL_TRUTH",""
"734","Barrett Fragrances","Olympiad Inspired by Allure Homme Sport Eau Extreme","Extrait de Parfum","Exact bottle/product image + direct image URL","https://barrettfragrances.com/products/olympiad","FACTORY_REBUILD_FROM_CANONICAL_TRUTH",""
"735","Barrett Fragrances","Omniscent inspired by The Omniscient Mr Thompson","Extrait de Parfum","Exact bottle/product image + direct image URL","https://barrettfragrances.com/products/veiled-intent-inspired-by-the-omniscient-mr-thompson","FACTORY_REBUILD_FROM_CANONICAL_TRUTH",""
"736","Barrett Fragrances","Onyx Inspired by Black Afgano","Extrait de Parfum","Exact bottle/product image + direct image URL","https://barrettfragrances.com/products/onyx","FACTORY_REBUILD_FROM_CANONICAL_TRUTH",""
"737","Barrett Fragrances","Oolong Infusion inspired by Wulóng Chá","Extrait de Parfum","Exact bottle/product image + direct image URL","https://barrettfragrances.com/products/oolong-infusion-inspired-by-wulong-cha","FACTORY_REBUILD_FROM_CANONICAL_TRUTH",""
"738","Barrett Fragrances","Oppel Spice inspired by Oajan","Extrait de Parfum","Exact bottle/product image + direct image URL","https://barrettfragrances.com/products/oppel-spice-inspired-by-oajan","FACTORY_REBUILD_FROM_CANONICAL_TRUTH",""
"739","Barrett Fragrances","Oud and Smoke inspired by Tobacco Oud","Extrait de Parfum","Exact bottle/product image + direct image URL","https://barrettfragrances.com/products/oud-and-smoke-inspired-by-tabacco-oud","FACTORY_REBUILD_FROM_CANONICAL_TRUTH",""
"740","Barrett Fragrances","Oud of Nobility inspired by Royal Oud","Extrait de Parfum","Exact bottle/product image + direct image URL","https://barrettfragrances.com/products/oud-of-nobility-inspired-by-royal-oud","FACTORY_REBUILD_FROM_CANONICAL_TRUTH",""
"741","Barrett Fragrances","Parapet inspired by Castley","Extrait de Parfum","Exact bottle/product image + direct image URL","https://barrettfragrances.com/products/parapet-inspired-by-castley","FACTORY_REBUILD_FROM_CANONICAL_TRUTH",""
"742","Barrett Fragrances","Patisserie inspired by Sweetie Aoud","Extrait de Parfum","Exact bottle/product image + direct image URL","https://barrettfragrances.com/products/patisserie-inspired-by-sweetie-aoud","FACTORY_REBUILD_FROM_CANONICAL_TRUTH",""
"743","Barrett Fragrances","Peachy Paradise inspired by Bitter Peach","Extrait de Parfum","Exact bottle/product image + direct image URL","https://barrettfragrances.com/products/peachy-paradise-inspired-by-bitter-peach","FACTORY_REBUILD_FROM_CANONICAL_TRUTH",""
"744","Barrett Fragrances","Petalburst inspired by Flowerbomb","Extrait de Parfum","Exact bottle/product image + direct image URL","https://barrettfragrances.com/products/petalburst-inspired-by-flowerbomb","FACTORY_REBUILD_FROM_CANONICAL_TRUTH",""
"745","Barrett Fragrances","Pool Time Inspired by Afternoon Swim","Extrait de Parfum","Exact bottle/product image + direct image URL","https://barrettfragrances.com/products/pool-time","FACTORY_REBUILD_FROM_CANONICAL_TRUTH",""
"746","Barrett Fragrances","Primary Particle Inspired by Molecule 01","Extrait de Parfum","Exact bottle/product image + direct image URL","https://barrettfragrances.com/products/primary-particle-inspired-by-molecule-01","FACTORY_REBUILD_FROM_CANONICAL_TRUTH",""
"747","Barrett Fragrances","Princess Of Silk inspired by Queen of Silk","Extrait de Parfum","Exact bottle/product image + direct image URL","https://barrettfragrances.com/products/princess-of-silk-inspired-by-queen-of-silk","FACTORY_REBUILD_FROM_CANONICAL_TRUTH",""
"748","Barrett Fragrances","Private Millionaire Inspired by One Million Prive","Extrait de Parfum","Exact bottle/product image + direct image URL","https://barrettfragrances.com/products/private-millionaire-inspired-by-one-million-prive","FACTORY_REBUILD_FROM_CANONICAL_TRUTH",""
"749","Barrett Fragrances","Queens Rose inspired by Fleur Majesty Rose Royale 31","Extrait de Parfum","Exact bottle/product image + direct image URL","https://barrettfragrances.com/products/queens-rose-inspired-by-fleur-majesty-rose-royale-31","FACTORY_REBUILD_FROM_CANONICAL_TRUTH",""
"750","Barrett Fragrances","Rawhide inspired by Tuscan Leather","Extrait de Parfum","Exact bottle/product image + direct image URL","https://barrettfragrances.com/products/rawhide-inspired-by-tuscan-leather","FACTORY_REBUILD_FROM_CANONICAL_TRUTH",""
"751","Barrett Fragrances","Rebirth inspired by Rehab","Extrait de Parfum","Exact bottle/product image + direct image URL","https://barrettfragrances.com/products/rebirth-inspired-by-rehab","FACTORY_REBUILD_FROM_CANONICAL_TRUTH",""
"752","Barrett Fragrances","Red Ribbon inspired by CH Men 2009","Extrait de Parfum","Exact bottle/product image + direct image URL","https://barrettfragrances.com/products/red-ribbon-inspired-by-ch-men-2009","FACTORY_REBUILD_FROM_CANONICAL_TRUTH",""
"753","Barrett Fragrances","Red Ribbon Prive inspired by CH Men Prive","Extrait de Parfum","Exact bottle/product image + direct image URL","https://barrettfragrances.com/products/red-ribbon-prive-inspired-by-ch-men-prive","FACTORY_REBUILD_FROM_CANONICAL_TRUTH",""
"754","Barrett Fragrances","Return To Darkness Inspired by Back To Black","Extrait de Parfum","Exact bottle/product image + direct image URL","https://barrettfragrances.com/products/return-to-darkness-inspired-by-back-to-black","FACTORY_REBUILD_FROM_CANONICAL_TRUTH",""
"755","Barrett Fragrances","Rocky Mountains Inspired by Silver Mountain Water","Extrait de Parfum","Exact bottle/product image + direct image URL","https://barrettfragrances.com/products/rocky-mountains","FACTORY_REBUILD_FROM_CANONICAL_TRUTH",""
"756","Barrett Fragrances","Roman King Inspired by Herod","Extrait de Parfum","Exact bottle/product image + direct image URL","https://barrettfragrances.com/products/roman-king","FACTORY_REBUILD_FROM_CANONICAL_TRUTH",""
"757","Barrett Fragrances","Rose Dagger inspired by Rose Prick","Extrait de Parfum","Exact bottle/product image + direct image URL","https://barrettfragrances.com/products/rose-dagger-inspired-by-rose-prick","FACTORY_REBUILD_FROM_CANONICAL_TRUTH",""
"758","Barrett Fragrances","Safari Leather Inspired by African Leather","Extrait de Parfum","Exact bottle/product image + direct image URL","https://barrettfragrances.com/products/safari-leather","FACTORY_REBUILD_FROM_CANONICAL_TRUTH",""
"759","Barrett Fragrances","Sapphire Bleu inspired by Blue Sapphire","Extrait de Parfum","Exact bottle/product image + direct image URL","https://barrettfragrances.com/products/sapphire-bleu-inspired-by-blue-sapphire","FACTORY_REBUILD_FROM_CANONICAL_TRUTH",""
"760","Barrett Fragrances","Scarlet Gamble Inspired by Baccarat Rouge 540","Extrait de Parfum","Exact bottle/product image + direct image URL","https://barrettfragrances.com/products/scarlet-gamble","FACTORY_REBUILD_FROM_CANONICAL_TRUTH",""
"761","Barrett Fragrances","Scarlet Moon inspired by Blue Moon Ginger Dash & Baccarat Rouge 540","Extrait de Parfum","Exact bottle/product image + direct image URL","https://barrettfragrances.com/products/scarlet-moon-inspired-by-blue-moon-ginger-dash-baccarat-rouge-540","FACTORY_REBUILD_FROM_CANONICAL_TRUTH",""
"762","Barrett Fragrances","Secret Gardena Inspired by Carmina","Extrait de Parfum","Exact bottle/product image + direct image URL","https://barrettfragrances.com/products/secret-gardena-inspired-by-jardin-di-amalfi","FACTORY_REBUILD_FROM_CANONICAL_TRUTH",""
"763","Barrett Fragrances","Shadow Essence inspired by Noir Extreme","Extrait de Parfum","Exact bottle/product image + direct image URL","https://barrettfragrances.com/products/shadow-essence-inspired-by-noir-extreme","FACTORY_REBUILD_FROM_CANONICAL_TRUTH",""
"764","Barrett Fragrances","Sherwood Forest inspired by Spice And Wood","Extrait de Parfum","Exact bottle/product image + direct image URL","https://barrettfragrances.com/products/sherwood-forest-inspired-by-spice-and-wood","FACTORY_REBUILD_FROM_CANONICAL_TRUTH",""
"765","Barrett Fragrances","Shino inspired by Nio","Extrait de Parfum","Exact bottle/product image + direct image URL","https://barrettfragrances.com/products/shino-inspired-by-nio","FACTORY_REBUILD_FROM_CANONICAL_TRUTH",""
"766","Barrett Fragrances","Silk Knot inspired by The Wedding Silk Santal 36","Extrait de Parfum","Exact bottle/product image + direct image URL","https://barrettfragrances.com/products/silk-knot-inspired-by-the-wedding-silk-santal-36","FACTORY_REBUILD_FROM_CANONICAL_TRUTH",""
"767","Barrett Fragrances","Silver Fox Inspired by Grey Vetiver","Extrait de Parfum","Exact bottle/product image + direct image URL","https://barrettfragrances.com/products/silver-fox","FACTORY_REBUILD_FROM_CANONICAL_TRUTH",""
"768","Barrett Fragrances","Simply Noir inspired by Drakkar Noir 1982","Extrait de Parfum","Exact bottle/product image + direct image URL","https://barrettfragrances.com/products/simply-noir-inspired-by-drakkar-noir-1982","FACTORY_REBUILD_FROM_CANONICAL_TRUTH",""
"769","Barrett Fragrances","Smokii inspired by Cherry Smoke","Extrait de Parfum","Exact bottle/product image + direct image URL","https://barrettfragrances.com/products/smokii-inspired-by-cherry-smoke","FACTORY_REBUILD_FROM_CANONICAL_TRUTH",""
"770","Barrett Fragrances","Smokiis Ember inspired by Lovefest Burning Cherry 48","Extrait de Parfum","Exact bottle/product image + direct image URL","https://barrettfragrances.com/products/smokiis-ember-inspired-by-lovefest-burning-cherry-48","FACTORY_REBUILD_FROM_CANONICAL_TRUTH",""
"771","Barrett Fragrances","So Far So Fragrant inspired by 14 Hour Dream","Extrait de Parfum","Exact bottle/product image + direct image URL","https://barrettfragrances.com/products/so-far-so-fragrant-inspired-by-14-hour-dream","FACTORY_REBUILD_FROM_CANONICAL_TRUTH",""
"772","Barrett Fragrances","Solar Nectar inspired by Erba Pura","Extrait de Parfum","Exact bottle/product image + direct image URL","https://barrettfragrances.com/products/solar-nectar-inspired-by-erba-pura","FACTORY_REBUILD_FROM_CANONICAL_TRUTH",""
"773","Barrett Fragrances","Solo Act inspired by The One","Eau de Parfum","Exact bottle/product image + direct image URL","https://barrettfragrances.com/products/solo-act-inspired-by-the-one","FACTORY_REBUILD_FROM_CANONICAL_TRUTH",""
"774","Barrett Fragrances","Soulfire inspired by Nefs","Extrait de Parfum","Exact bottle/product image + direct image URL","https://barrettfragrances.com/products/soulfire-inspired-by-nefs","FACTORY_REBUILD_FROM_CANONICAL_TRUTH",""
"775","Barrett Fragrances","Sound Of Silence inspired by More Than Words","Extrait de Parfum","Exact bottle/product image + direct image URL","https://barrettfragrances.com/products/sound-of-silence-inspired-by-more-than-words","FACTORY_REBUILD_FROM_CANONICAL_TRUTH",""
"776","Barrett Fragrances","Spirit of Satin inspired by Oud Satin Mood","Extrait de Parfum","Exact bottle/product image + direct image URL","https://barrettfragrances.com/products/spirit-of-satin","FACTORY_REBUILD_FROM_CANONICAL_TRUTH",""
"777","Barrett Fragrances","Spirit Of Vanilla Inspired by Spiritueuse Double Vanille","Extrait de Parfum","Exact bottle/product image + direct image URL","https://barrettfragrances.com/products/spirit-of-vanilla-inspired-by-spiritueuse-double-vanille","FACTORY_REBUILD_FROM_CANONICAL_TRUTH",""
"778","Barrett Fragrances","Stallion inspired by Sedley","Extrait de Parfum","Exact bottle/product image + direct image URL","https://barrettfragrances.com/products/stallion-inspired-by-sedley","FACTORY_REBUILD_FROM_CANONICAL_TRUTH",""
"779","Barrett Fragrances","Stamford Evening inspired by Chelsea Nights","Extrait de Parfum","Exact bottle/product image + direct image URL","https://barrettfragrances.com/products/stamford-evening-inspired-by-chelsea-nights","FACTORY_REBUILD_FROM_CANONICAL_TRUTH",""
"780","Barrett Fragrances","Star Boy inspired by Météore","Extrait de Parfum","Exact bottle/product image + direct image URL","https://barrettfragrances.com/products/star-boy-inspired-by-meteore","FACTORY_REBUILD_FROM_CANONICAL_TRUTH",""
"781","Barrett Fragrances","Starboard inspired by Neroli Portofino","Extrait de Parfum","Exact bottle/product image + direct image URL","https://barrettfragrances.com/products/starboard-inspired-by-neroli-portofino","FACTORY_REBUILD_FROM_CANONICAL_TRUTH",""
"782","Barrett Fragrances","Starlit City inspired by City Of Stars","Extrait de Parfum","Exact bottle/product image + direct image URL","https://barrettfragrances.com/products/starlit-city-inspired-by-city-of-stars","FACTORY_REBUILD_FROM_CANONICAL_TRUTH",""
"783","Barrett Fragrances","Stax inspired by Tony Iommi","Extrait de Parfum","Exact bottle/product image + direct image URL","https://barrettfragrances.com/products/stax-inspired-by-tony-iommi","FACTORY_REBUILD_FROM_CANONICAL_TRUTH",""
"784","Barrett Fragrances","Sticky Toffee inspired by Italica","Extrait de Parfum","Exact bottle/product image + direct image URL","https://barrettfragrances.com/products/sticky-toffee-inspired-by-italica","FACTORY_REBUILD_FROM_CANONICAL_TRUTH",""
"785","Barrett Fragrances","Sultan of Sage inspired by Wood Sage and Sea Salt","Extrait de Parfum","Exact bottle/product image + direct image URL","https://barrettfragrances.com/products/sultan-of-sage-inspired-by-wood-sage-and-sea-salt","FACTORY_REBUILD_FROM_CANONICAL_TRUTH",""
"786","Barrett Fragrances","Sweet Cicely inspired by Myrrh and Tonka","Extrait de Parfum","Exact bottle/product image + direct image URL","https://barrettfragrances.com/products/sweet-cicely-inspired-by-myrrh-and-tonka","FACTORY_REBUILD_FROM_CANONICAL_TRUTH",""
"787","Barrett Fragrances","Sweet Kiss inspired by Lira","Extrait de Parfum","Exact bottle/product image + direct image URL","https://barrettfragrances.com/products/sweet-kiss-inspired-by-lira","FACTORY_REBUILD_FROM_CANONICAL_TRUTH",""
"788","Barrett Fragrances","Sweet Smolder Inspired by Tobacco Honey","Extrait de Parfum","Exact bottle/product image + direct image URL","https://barrettfragrances.com/products/sweet-smolder-inspired-by-tobacco-honey","FACTORY_REBUILD_FROM_CANONICAL_TRUTH",""
"789","Barrett Fragrances","Swift Santal inspired by Santal Blush","Extrait de Parfum","Exact bottle/product image + direct image URL","https://barrettfragrances.com/products/swift-santal-inspired-by-santal-blush","FACTORY_REBUILD_FROM_CANONICAL_TRUTH",""
"790","Barrett Fragrances","Tailor Made Inspired by Tuxedo","Extrait de Parfum","Exact bottle/product image + direct image URL","https://barrettfragrances.com/products/tailor-made","FACTORY_REBUILD_FROM_CANONICAL_TRUTH",""
"791","Barrett Fragrances","Tame Your Tongue inspired by Hundred Silent Ways","Extrait de Parfum","Exact bottle/product image + direct image URL","https://barrettfragrances.com/products/tame-your-tongue-inspired-by-hundred-silent-ways","FACTORY_REBUILD_FROM_CANONICAL_TRUTH",""
"792","Barrett Fragrances","Tao inspired by Blue Talisman","Extrait de Parfum","Exact bottle/product image + direct image URL","https://barrettfragrances.com/products/tao-inspired-by-blue-talisman","FACTORY_REBUILD_FROM_CANONICAL_TRUTH",""
"793","Barrett Fragrances","The Wanderer inspired by Ombre Nomade","Extrait de Parfum","Exact bottle/product image + direct image URL","https://barrettfragrances.com/products/the-wanderer-inspired-by-ombre-nomad","FACTORY_REBUILD_FROM_CANONICAL_TRUTH",""
"794","Barrett Fragrances","Thelma Inspired by Delina","Extrait de Parfum","Exact bottle/product image + direct image URL","https://barrettfragrances.com/products/thelma","FACTORY_REBUILD_FROM_CANONICAL_TRUTH",""
"795","Barrett Fragrances","Thelma La Bebecita inspired by Oriana and Delina","Extrait de Parfum","Exact bottle/product image + direct image URL","https://barrettfragrances.com/products/thelma-la-bebecita-inspired-by-oriana-delina","FACTORY_REBUILD_FROM_CANONICAL_TRUTH",""
"796","Barrett Fragrances","Therapeutic Musk inspired by Musk Therapy","Extrait de Parfum","Exact bottle/product image + direct image URL","https://barrettfragrances.com/products/theraputic-musk-inspired-by-musk-therapy","FACTORY_REBUILD_FROM_CANONICAL_TRUTH",""
"797","Barrett Fragrances","Tibetan Plateau inspired by Himalaya","Extrait de Parfum","Exact bottle/product image + direct image URL","https://barrettfragrances.com/products/tibetan-plateau-inspired-by-creed-himalaya","FACTORY_REBUILD_FROM_CANONICAL_TRUTH",""
"798","Barrett Fragrances","Titans inspired by Eros","Parfum","Exact bottle/product image + direct image URL","https://barrettfragrances.com/products/titans-parfum-inspired-by-eros-parfum","FACTORY_REBUILD_FROM_CANONICAL_TRUTH",""
"799","Barrett Fragrances","Torch Song inspired by Sun Song","Extrait de Parfum","Exact bottle/product image + direct image URL","https://barrettfragrances.com/products/torch-song-inspired-by-sun-song","FACTORY_REBUILD_FROM_CANONICAL_TRUTH",""
"800","Barrett Fragrances","Touch Of Vanilla inspired by Vanilla Skin","Extrait de Parfum","Exact bottle/product image + direct image URL","https://barrettfragrances.com/products/touch-of-vanilla-inspired-by-vanilla-skin","FACTORY_REBUILD_FROM_CANONICAL_TRUTH",""
"801","Barrett Fragrances","Tranquil Tides inspired by Pacific Chill","Extrait de Parfum","Exact bottle/product image + direct image URL","https://barrettfragrances.com/products/tranquil-tides-inspired-by-pacific-chill","FACTORY_REBUILD_FROM_CANONICAL_TRUTH",""
"802","Barrett Fragrances","Transito del Fuoco inspired by Hypnotizing Fire","Extrait de Parfum","Exact bottle/product image + direct image URL","https://barrettfragrances.com/products/transito-del-fuoco-inspired-by-hypnotizing-fire","FACTORY_REBUILD_FROM_CANONICAL_TRUTH",""
"803","Barrett Fragrances","Traverse inspired by Vanilla Royale Sugared Patchouli 64","Extrait de Parfum","Exact bottle/product image + direct image URL","https://barrettfragrances.com/products/traverse-inspired-by-vanilla-royale-sugared-pachouli-64","FACTORY_REBUILD_FROM_CANONICAL_TRUTH",""
"804","Barrett Fragrances","Tre's Date Night inspired by Date","Extrait de Parfum","Exact bottle/product image + direct image URL","https://barrettfragrances.com/products/tres-date-night-inspired-by-date-for-men","FACTORY_REBUILD_FROM_CANONICAL_TRUTH",""
"805","Barrett Fragrances","Tres Leches inspired by Bianco Latte","Extrait de Parfum","Exact bottle/product image + direct image URL","https://barrettfragrances.com/products/tres-leches-inspired-by-bianco-latte","FACTORY_REBUILD_FROM_CANONICAL_TRUTH",""
"806","Barrett Fragrances","Trifecta inspired by TriBeCa","Extrait de Parfum","Exact bottle/product image + direct image URL","https://barrettfragrances.com/products/trifecta-inspired-by-tribeca","FACTORY_REBUILD_FROM_CANONICAL_TRUTH",""
"807","Barrett Fragrances","Turn On inspired by Absolute Aphrodisiac","Extrait de Parfum","Exact bottle/product image + direct image URL","https://barrettfragrances.com/products/turn-on-inspired-by-absolute-aphrodisiac","FACTORY_REBUILD_FROM_CANONICAL_TRUTH",""
"808","Barrett Fragrances","Ultra Spartan inspired by Ultra Male","Extrait de Parfum","Exact bottle/product image + direct image URL","https://barrettfragrances.com/products/ultra-spartan-inspired-by-ultra-male","FACTORY_REBUILD_FROM_CANONICAL_TRUTH",""
"809","Barrett Fragrances","Untamed Elixir Inspired by Sauvage Elixir","Extrait de Parfum","Exact bottle/product image + direct image URL","https://barrettfragrances.com/products/untamed-elixir","FACTORY_REBUILD_FROM_CANONICAL_TRUTH",""
"810","Barrett Fragrances","Untamed inspired by Sauvage","Parfum","Exact bottle/product image + direct image URL","https://barrettfragrances.com/products/untamed-parfum-inspired-by-sauvage-parfum","FACTORY_REBUILD_FROM_CANONICAL_TRUTH",""
"811","Barrett Fragrances","Valhalla Absolu inspired by Aventus Absolu","Extrait de Parfum","Exact bottle/product image + direct image URL","https://barrettfragrances.com/products/valhalla-absolu-inspired-by-aventus-absolu","FACTORY_REBUILD_FROM_CANONICAL_TRUTH",""
"812","Barrett Fragrances","Valhalla Cologne inspired by Aventus Cologne","Eau de Cologne","Exact bottle/product image + direct image URL","https://barrettfragrances.com/products/valhalla-cologne-inspired-by-aventus-cologne","FACTORY_REBUILD_FROM_CANONICAL_TRUTH",""
"813","Barrett Fragrances","Valhalla inspired by Aventus","Extrait de Parfum","Exact bottle/product image + direct image URL","https://barrettfragrances.com/products/valhalla-for-her-inspired-by-aventus-for-her","FACTORY_REBUILD_FROM_CANONICAL_TRUTH",""
"814","Barrett Fragrances","Valhalla's Gamble inspired by Aventus and Baccarat Rouge 540","Extrait de Parfum","Exact bottle/product image + direct image URL","https://barrettfragrances.com/products/valhallas-gamble-inspired-by-aventus-and-baccarat-rouge-540","FACTORY_REBUILD_FROM_CANONICAL_TRUTH",""
"815","Barrett Fragrances","Valhalla's Symphony inspired by Aventus and Chocolate Greedy","Extrait de Parfum","Exact bottle/product image + direct image URL","https://barrettfragrances.com/products/valhallas-symphony-inspired-by-aventus-and-chocolate-greedy","FACTORY_REBUILD_FROM_CANONICAL_TRUTH",""
"816","Barrett Fragrances","Vanilla Atop Patisserie inspired by Vanilla Bean Dream & Patisserie","Extrait de Parfum","Exact bottle/product image + direct image URL","https://barrettfragrances.com/products/vanilla-atop-patisserie-inspired-by-vanilla-bean-dream-patisserie","FACTORY_REBUILD_FROM_CANONICAL_TRUTH",""
"817","Barrett Fragrances","Vanilla Bean Dream inspired by Vanilla 28","Extrait de Parfum","Exact bottle/product image + direct image URL","https://barrettfragrances.com/products/vanilla-bean-dream-inspired-by-vanilla-28","FACTORY_REBUILD_FROM_CANONICAL_TRUTH",""
"818","Barrett Fragrances","Vanilla Seduction inspired by Vanilla Sex","Extrait de Parfum","Exact bottle/product image + direct image URL","https://barrettfragrances.com/products/vanilla-seduction-inspired-by-vanilla-sex","FACTORY_REBUILD_FROM_CANONICAL_TRUTH",""
"819","Barrett Fragrances","Ventidue inspired by Torino 22","Extrait de Parfum","Exact bottle/product image + direct image URL","https://barrettfragrances.com/products/ventidue-inspired-by-torino22","FACTORY_REBUILD_FROM_CANONICAL_TRUTH",""
"820","Barrett Fragrances","Vervantaville inspired by Greenley","Extrait de Parfum","Exact bottle/product image + direct image URL","https://barrettfragrances.com/products/vervantaville-inspired-by-greenley","FACTORY_REBUILD_FROM_CANONICAL_TRUTH",""
"821","Barrett Fragrances","Village Soiree inspired by Greenwich Village","Extrait de Parfum","Exact bottle/product image + direct image URL","https://barrettfragrances.com/products/village-soiree-inspired-by-greenwich-village","FACTORY_REBUILD_FROM_CANONICAL_TRUTH",""
"822","Barrett Fragrances","Vodka Straight inspired by Vodka On The Rocks","Extrait de Parfum","Exact bottle/product image + direct image URL","https://barrettfragrances.com/products/vodka-straight-inspired-by-vodka-on-the-rocks","FACTORY_REBUILD_FROM_CANONICAL_TRUTH",""
"823","Barrett Fragrances","Walking the Pier Inspired by Beach Walk","Extrait de Parfum","Exact bottle/product image + direct image URL","https://barrettfragrances.com/products/walking-the-pier-inspired-by-beach-walk","FACTORY_REBUILD_FROM_CANONICAL_TRUTH",""
"824","Barrett Fragrances","White Hot Love inspired by Love In White","Extrait de Parfum","Exact bottle/product image + direct image URL","https://barrettfragrances.com/products/white-hot-love-inspired-by-love-in-white","FACTORY_REBUILD_FROM_CANONICAL_TRUTH",""
"825","Barrett Fragrances","Why? inspired by Y","Eau de Toilette","Exact bottle/product image + direct image URL","https://barrettfragrances.com/products/why-inspired-by-y-edt","FACTORY_REBUILD_FROM_CANONICAL_TRUTH",""
"826","Barrett Fragrances","Wild Man Inspired by Fierce","Extrait de Parfum","Exact bottle/product image + direct image URL","https://barrettfragrances.com/products/wild-man","FACTORY_REBUILD_FROM_CANONICAL_TRUTH",""
"827","Barrett Fragrances","Winged Beauty inspired by Pegasus","Extrait de Parfum","Exact bottle/product image + direct image URL","https://barrettfragrances.com/products/winged-beauty-inspired-by-pegasus","FACTORY_REBUILD_FROM_CANONICAL_TRUTH",""
"828","Barrett Fragrances","Wut It Dew inspired by Aqua 2016","Extrait de Parfum","Exact bottle/product image + direct image URL","https://barrettfragrances.com/products/wut-it-dew-inspired-by-aqua-2016","FACTORY_REBUILD_FROM_CANONICAL_TRUTH",""
"829","Barrett Fragrances","XIII inspired by Another 13","Extrait de Parfum","Exact bottle/product image + direct image URL","https://barrettfragrances.com/products/xiii-inspired-by-another-13","FACTORY_REBUILD_FROM_CANONICAL_TRUTH",""
"830","Barrett Fragrances","Zephyr inspired by Althair","Extrait de Parfum","Exact bottle/product image + direct image URL","https://barrettfragrances.com/products/zephyr-inspired-by-althair","FACTORY_REBUILD_FROM_CANONICAL_TRUTH",""
"831","Barrett Fragrances","Zest On The Coast inspired by Virgin Island Water and Ultra Zest","Extrait de Parfum","Exact bottle/product image + direct image URL","https://barrettfragrances.com/products/zest-on-the-coast-inspired-by-a-hybrid-of-virgin-island-water-and-ultra-zest","FACTORY_REBUILD_FROM_CANONICAL_TRUTH",""
"832","Bharara","Beauty Valor 3.4","Eau de Parfum","Exact bottle/product image + direct image URL","https://bhararabeauty.com/products/bharara-beauty-valor-3-4-eau-de-parfum","FACTORY_REBUILD_FROM_CANONICAL_TRUTH",""
"833","Bharara","Green Phantom 3.4","Eau de Parfum","Exact bottle/product image + direct image URL","https://bhararabeauty.com/products/bharara-green-phantom-edp-3-4","FACTORY_REBUILD_FROM_CANONICAL_TRUTH",""
"834","Bharara","King Soleil SET","Fragrance","Exact bottle/product image + direct image URL","https://bhararabeauty.com/products/bharara-king-soleil-set","FACTORY_REBUILD_FROM_CANONICAL_TRUTH",""
"835","Bharara","Kiss My Peach 3.4","Eau de Parfum","Exact bottle/product image + direct image URL","https://bhararabeauty.com/products/kiss-my-peach-eau-de-parfum","FACTORY_REBUILD_FROM_CANONICAL_TRUTH",""
"836","Bharara","Mast Champion 3.4","Eau de Parfum","Exact bottle/product image + direct image URL","https://bhararabeauty.com/products/mast-champion-eau-de-parfum-3-4","FACTORY_REBUILD_FROM_CANONICAL_TRUTH",""
"837","Bharara","Mast Idol 3.4","Eau de Parfum","Exact bottle/product image + direct image URL","https://bhararabeauty.com/products/mast-idol-eau-de-parfum-3-4","FACTORY_REBUILD_FROM_CANONICAL_TRUTH",""
"838","Bharara","Mast Mandarin 3.4","Eau de Parfum","Exact bottle/product image + direct image URL","https://bhararabeauty.com/products/mast-mandarin-3-4-edp","FACTORY_REBUILD_FROM_CANONICAL_TRUTH",""
"839","Bharara","Mast Perfume Azul 3.4","Eau de Parfum","Exact bottle/product image + direct image URL","https://bhararabeauty.com/products/mast-perfume-azul-3-4-eau-de-parfum","FACTORY_REBUILD_FROM_CANONICAL_TRUTH",""
"840","Bharara","Mast Perfume Bleu L’Exclusif 3.4","Fragrance","Exact bottle/product image + direct image URL","https://bhararabeauty.com/products/bleu-l-exclusif-by-mast-perfume-3-4","FACTORY_REBUILD_FROM_CANONICAL_TRUTH",""
"841","Bharara","Mast Perfume Boozy 3.4","Eau de Parfum","Exact bottle/product image + direct image URL","https://bhararabeauty.com/products/mast-perfume-boozy-3-4-eau-de-parfum","FACTORY_REBUILD_FROM_CANONICAL_TRUTH",""
"842","Bharara","Mast Perfume Coral 3.4","Eau de Parfum","Exact bottle/product image + direct image URL","https://bhararabeauty.com/products/mast-coral-eau-de-parfum-3-4","FACTORY_REBUILD_FROM_CANONICAL_TRUTH",""
"843","Bharara","Mast Perfume Rome Extradose 3.4","Eau de Parfum","Exact bottle/product image + direct image URL","https://bhararabeauty.com/products/rome-extradose-pour-homme","FACTORY_REBUILD_FROM_CANONICAL_TRUTH",""
"844","Bharara","Mast Perfume Rome Fantasmagory 3.4","Eau de Parfum","Exact bottle/product image + direct image URL","https://bhararabeauty.com/products/rome-fantasmagory-3-4-edp","FACTORY_REBUILD_FROM_CANONICAL_TRUTH",""
"845","Bharara","Mast Perfume Rome Paradox 3.4","Eau de Parfum","Exact bottle/product image + direct image URL","https://bhararabeauty.com/products/mast-perfume-rome-paradox-3-4-eau-de-parfume-for-women","FACTORY_REBUILD_FROM_CANONICAL_TRUTH",""
"846","Bharara","Mast Perfume Rome Yum Yum 3.4","Eau de Parfum","Exact bottle/product image + direct image URL","https://bhararabeauty.com/products/mast-perfume-rome-yum-yum-3-4-eau-de-parfum","FACTORY_REBUILD_FROM_CANONICAL_TRUTH",""
"847","Bharara","Mast Perfume Stronger Together 3.4","Eau de Parfum","Exact bottle/product image + direct image URL","https://bhararabeauty.com/products/mast-perfume-stronger-together-edp","FACTORY_REBUILD_FROM_CANONICAL_TRUTH",""
"848","Bharara","Mast Perfumes Elixir 3.4","Eau de Parfum","Exact bottle/product image + direct image URL","https://bhararabeauty.com/products/mast-perfumes-elixir-eau-de-perfume","FACTORY_REBUILD_FROM_CANONICAL_TRUTH",""
"849","Bharara","Mast Perfumes Rome Ivory 3.4","Eau de Parfum","Exact bottle/product image + direct image URL","https://bhararabeauty.com/products/mast-perfume-rome-ivory-pour-homme-edp-3-4","FACTORY_REBUILD_FROM_CANONICAL_TRUTH",""
"850","Bharara","Reposado 3.4","Eau de Parfum","Exact bottle/product image + direct image URL","https://bhararabeauty.com/products/reposado","FACTORY_REBUILD_FROM_CANONICAL_TRUTH",""
"851","Bharara","Rohit Azure 3.4","Eau de Parfum","Exact bottle/product image + direct image URL","https://bhararabeauty.com/products/rohit-azure-eau-de-parfum-unisex","FACTORY_REBUILD_FROM_CANONICAL_TRUTH",""
"852","Bharara","Rohit Bloom 2.5","Eau de Parfum","Exact bottle/product image + direct image URL","https://bhararabeauty.com/products/rohit-bloom-3-4","FACTORY_REBUILD_FROM_CANONICAL_TRUTH",""
"853","Bharara","Rohit Breeze 2.5","Eau de Parfum","Exact bottle/product image + direct image URL","https://bhararabeauty.com/products/rohit-breeze-3-4","FACTORY_REBUILD_FROM_CANONICAL_TRUTH",""
"854","Bharara","Rohit Bronze 3.4","Eau de Parfum","Exact bottle/product image + direct image URL","https://bhararabeauty.com/products/rohit-bronze-3-4-eau-de-parfum","FACTORY_REBUILD_FROM_CANONICAL_TRUTH",""
"855","Bharara","Rohit Delicate 3.4","Eau de Parfum","Exact bottle/product image + direct image URL","https://bhararabeauty.com/products/rohit-delicate-eau-de-parfum","FACTORY_REBUILD_FROM_CANONICAL_TRUTH",""
"856","Bharara","Rohit Drift 2.5","Eau de Parfum","Exact bottle/product image + direct image URL","https://bhararabeauty.com/products/rohit-drift-eau-de-parfum-3-4","FACTORY_REBUILD_FROM_CANONICAL_TRUTH",""
"857","Bharara","Rohit Noir 3.4","Eau de Parfum","Exact bottle/product image + direct image URL","https://bhararabeauty.com/products/rohit-noir-3-4-eau-de-parfum","FACTORY_REBUILD_FROM_CANONICAL_TRUTH",""
"858","Bharara","Rohit Rouge 3.4","Eau de Parfum","Exact bottle/product image + direct image URL","https://bhararabeauty.com/products/rohit-rouge-eau-de-parfum","FACTORY_REBUILD_FROM_CANONICAL_TRUTH",""
"859","Bharara","Rohit Verde 3.4","Eau de Parfum","Exact bottle/product image + direct image URL","https://bhararabeauty.com/products/rohit-verde-eau-de-parfum-3-4","FACTORY_REBUILD_FROM_CANONICAL_TRUTH",""
"860","Bharara","Rome Extradose Giftset","Fragrance","Exact bottle/product image + direct image URL","https://bhararabeauty.com/products/rome-extradose-giftset","FACTORY_REBUILD_FROM_CANONICAL_TRUTH",""
"861","Bharara","Rome Giftset","Fragrance","Exact bottle/product image + direct image URL","https://bhararabeauty.com/products/rome-pour-homme-giftset","FACTORY_REBUILD_FROM_CANONICAL_TRUTH",""
"862","Bharara","Rome Intense 3.4","Eau de Parfum","Exact bottle/product image + direct image URL","https://bhararabeauty.com/products/rome-pour-homme-intense-edp","FACTORY_REBUILD_FROM_CANONICAL_TRUTH",""
"863","Bharara","Rome La Bomba 3.4","Eau de Parfum","Exact bottle/product image + direct image URL","https://bhararabeauty.com/products/rome-la-bomba-3-4-edp","FACTORY_REBUILD_FROM_CANONICAL_TRUTH",""
"864","Bharara","Rome Lucky 3.4","Eau de Parfum","Exact bottle/product image + direct image URL","https://bhararabeauty.com/products/rome-mr-lucky-3-4-edp","FACTORY_REBUILD_FROM_CANONICAL_TRUTH",""
"865","Bharara","Rome Melancholia 3.4","Eau de Parfum","Exact bottle/product image + direct image URL","https://bhararabeauty.com/products/rome-melancholia-pour-femme-3-4-edp","FACTORY_REBUILD_FROM_CANONICAL_TRUTH",""
"866","Bharara","Sweet Velvet By Mast Perfume 3.4","Eau de Parfum","Exact bottle/product image + direct image URL","https://bhararabeauty.com/products/sweet-velvet-by-mast-perfume-3-4-eau-de-parfum","FACTORY_REBUILD_FROM_CANONICAL_TRUTH",""
"867","Caron","ART OF GIFTING","Perfume","Exact bottle/product image + direct image URL","https://www.parfumscaron.com/products/paper-bag-bdx-caron-pm-h16xd9xw21-cm","FACTORY_REBUILD_FROM_CANONICAL_TRUTH",""
"868","Caron","Brochure Pour Un Homme Gitana","Perfume","Exact bottle/product image + direct image URL","https://www.parfumscaron.com/products/brochure-pour-un-homme-gitana","FACTORY_REBUILD_FROM_CANONICAL_TRUTH",""
"869","Caron","DIVERS","Perfume","Exact bottle/product image + direct image URL","https://www.parfumscaron.com/products/divers","FACTORY_REBUILD_FROM_CANONICAL_TRUTH",""
"870","Caron","ENTONNOIR ARGENT","Perfume","Exact bottle/product image + direct image URL","https://www.parfumscaron.com/products/entonnoir-argent","FACTORY_REBUILD_FROM_CANONICAL_TRUTH",""
"871","Caron","GIFT MESSAGE CARD ECOMMERCE SITE","Fragrance","Exact bottle/product image + direct image URL","https://www.parfumscaron.com/products/gift-message-card-ecommerce-site","FACTORY_REBUILD_FROM_CANONICAL_TRUTH",""
"872","Caron","GIFT MESSAGE ENVELOPE ECOMMERCE SITE","Fragrance","Exact bottle/product image + direct image URL","https://www.parfumscaron.com/products/gift-message-envelope-ecommerce-site","FACTORY_REBUILD_FROM_CANONICAL_TRUTH",""
"873","Caron","wooden vibrations","Perfume","Exact bottle/product image + direct image URL","https://www.parfumscaron.com/products/wooden-vibrations","FACTORY_REBUILD_FROM_CANONICAL_TRUTH",""
"874","eos","Sensitive Skin","Lotion","Exact bottle/product image + direct image URL","https://evolutionofsmooth.com/products/sensitive-skin-body-lotion","FACTORY_REBUILD_FROM_CANONICAL_TRUTH",""
"875","Fugazzi","Laundry Detergent Parfum 1","Parfum","Exact bottle/product image + direct image URL","https://fugazzifragrances.com/products/laundry-detergent-parfum-1","FACTORY_REBUILD_FROM_CANONICAL_TRUTH",""
"876","Fugazzi","Naughty Nori","Fragrance","Exact bottle/product image + direct image URL","https://fugazzifragrances.com/products/naughty-nori","FACTORY_REBUILD_FROM_CANONICAL_TRUTH",""
"877","Juliette Has a Gun","Seeding box - Bold Collection","Fragrance","Exact bottle/product image + direct image URL","https://us.juliettehasagun.com/products/seeding-box-bold-collection","FACTORY_REBUILD_FROM_CANONICAL_TRUTH",""
"878","Junaid Perfumes","abeer al manasek bakhoor al ward madakhen almajalis nazeeh","Perfume","Exact bottle/product image + direct image URL","https://junaidperfumes.com/products/abeer-al-manasek-bakhoor-al-ward-madakhen-almajalis-nazeeh","FACTORY_REBUILD_FROM_CANONICAL_TRUTH",""
"879","Junaid Perfumes","al oud set and her","Perfume","Exact bottle/product image + direct image URL","https://junaidperfumes.com/products/al-oud-set-for-him-and-her","FACTORY_REBUILD_FROM_CANONICAL_TRUTH",""
"880","Junaid Perfumes","badiah gold hair mist arabic perfume","Perfume","Exact bottle/product image + direct image URL","https://junaidperfumes.com/products/badiah-gold-hair-mist-for-women-arabic-perfume-30-ml","FACTORY_REBUILD_FROM_CANONICAL_TRUTH",""
"881","Junaid Perfumes","banafsaj hair mist","Perfume","Exact bottle/product image + direct image URL","https://junaidperfumes.com/products/banafsaj-hair-mist-for-her-western-perfume-30-ml","FACTORY_REBUILD_FROM_CANONICAL_TRUTH",""
"882","Junaid Perfumes","classic collection her","Perfume","Exact bottle/product image + direct image URL","https://junaidperfumes.com/products/classic-collection-for-him-her-perfume-oil-3-ml","FACTORY_REBUILD_FROM_CANONICAL_TRUTH",""
"883","Junaid Perfumes","emerald hair mist and her western arabic perfume","Perfume","Exact bottle/product image + direct image URL","https://junaidperfumes.com/products/emerald-hair-mist-for-him-and-her-western-arabic-perfume-30-ml","FACTORY_REBUILD_FROM_CANONICAL_TRUTH",""
"884","Junaid Perfumes","futaina hair mist french perfume","Perfume","Exact bottle/product image + direct image URL","https://junaidperfumes.com/products/futaina-hair-mist-for-her-french-perfume-30-ml","FACTORY_REBUILD_FROM_CANONICAL_TRUTH",""
"885","Junaid Perfumes","lilac hair mist western arabic perfume 1","Perfume","Exact bottle/product image + direct image URL","https://junaidperfumes.com/products/lilac-hair-mist-for-her-western-arabic-perfume-30-ml-1","FACTORY_REBUILD_FROM_CANONICAL_TRUTH",""
"886","Junaid Perfumes","lujje and her arabic","Perfume","Exact bottle/product image + direct image URL","https://junaidperfumes.com/products/lujje-for-him-and-her-arabic-fragrance-oil-24-ml","FACTORY_REBUILD_FROM_CANONICAL_TRUTH",""
"887","Junaid Perfumes","mamool aldewaniya and her agarwood powder 24 grams","Perfume","Exact bottle/product image + direct image URL","https://junaidperfumes.com/products/mamool-aldewaniya-for-him-and-her-agarwood-powder-24-grams","FACTORY_REBUILD_FROM_CANONICAL_TRUTH",""
"888","Junaid Perfumes","musk al aroos western","Perfume","Exact bottle/product image + direct image URL","https://junaidperfumes.com/products/musk-al-aroos-for-her-western-perfume-oil-12-ml","FACTORY_REBUILD_FROM_CANONICAL_TRUTH",""
"889","Junaid Perfumes","musk al ward western","Perfume","Exact bottle/product image + direct image URL","https://junaidperfumes.com/products/musk-al-ward-for-her-western-perfume-oil-12-ml","FACTORY_REBUILD_FROM_CANONICAL_TRUTH",""
"890","Junaid Perfumes","musk and her western","Perfume","Exact bottle/product image + direct image URL","https://junaidperfumes.com/products/musk-for-him-and-her-western-perfume-oil-12-ml","FACTORY_REBUILD_FROM_CANONICAL_TRUTH",""
"891","Junaid Perfumes","rimaal her western","Perfume","Exact bottle/product image + direct image URL","https://junaidperfumes.com/products/rimaal-for-him-her-western-perfume-oil-21-ml","FACTORY_REBUILD_FROM_CANONICAL_TRUTH",""
"892","Junaid Perfumes","sapphire hair mist and her oriental perfume","Perfume","Exact bottle/product image + direct image URL","https://junaidperfumes.com/products/sapphire-hair-mist-for-him-and-her-oriental-perfume-30-ml","FACTORY_REBUILD_FROM_CANONICAL_TRUTH",""
"893","Junaid Perfumes","suhaiyah hair mist oriental perfume","Perfume","Exact bottle/product image + direct image URL","https://junaidperfumes.com/products/suhaiyah-hair-mist-for-her-oriental-perfume-30-ml","FACTORY_REBUILD_FROM_CANONICAL_TRUTH",""
"894","Junaid Perfumes","tabahy hair mist and her western arabic perfume","Perfume","Exact bottle/product image + direct image URL","https://junaidperfumes.com/products/tabahy-hair-mist-for-him-and-her-western-arabic-perfume-30-ml","FACTORY_REBUILD_FROM_CANONICAL_TRUTH",""
"895","Junaid Perfumes","table set and her","Perfume","Exact bottle/product image + direct image URL","https://junaidperfumes.com/products/table-set-for-him-and-her-perfume-oil","FACTORY_REBUILD_FROM_CANONICAL_TRUTH",""
"896","Junaid Perfumes","taif her western","Perfume","Exact bottle/product image + direct image URL","https://junaidperfumes.com/products/taif-for-him-her-western-perfume-oil-23-ml","FACTORY_REBUILD_FROM_CANONICAL_TRUTH",""
"897","Junaid Perfumes","teeb al eid futaina bakhoor al ward","Perfume","Exact bottle/product image + direct image URL","https://junaidperfumes.com/products/teeb-al-eid-futaina-bakhoor-al-ward","FACTORY_REBUILD_FROM_CANONICAL_TRUTH",""
"898","Junaid Perfumes","tuhfa and her","Perfume","Exact bottle/product image + direct image URL","https://junaidperfumes.com/products/tuhfa-for-him-and-her-perfume-oil","FACTORY_REBUILD_FROM_CANONICAL_TRUTH",""
"899","Junaid Perfumes","vanilla musk western","Perfume","Exact bottle/product image + direct image URL","https://junaidperfumes.com/products/vanilla-musk-for-her-western-perfume-oil-12-ml","FACTORY_REBUILD_FROM_CANONICAL_TRUTH",""
"900","Junaid Perfumes","آیریس جل - نسائي - 40 جم","Perfume","Exact bottle/product image + direct image URL","https://junaidperfumes.com/products/iris-gel-for-her-floral-perfume-40-grams","FACTORY_REBUILD_FROM_CANONICAL_TRUTH",""
"901","Junaid Perfumes","إميرالد - للجنسين - عطر غربي عربي - 95 مل","Perfume","Exact bottle/product image + direct image URL","https://junaidperfumes.com/products/emerald-for-him-and-her-western-arabic-perfume-95ml","FACTORY_REBUILD_FROM_CANONICAL_TRUTH",""
"902","Junaid Perfumes","الثمين - للجنسين - 3.5 مل - 36 جم","Perfume","Exact bottle/product image + direct image URL","https://junaidperfumes.com/products/althameen-for-him-and-her-3-5-ml-each-36-gram","FACTORY_REBUILD_FROM_CANONICAL_TRUTH",""
"903","Junaid Perfumes","العود والورد - له ولها - الزيت العربي - 5.8 مل لكل منهما","Perfume","Exact bottle/product image + direct image URL","https://junaidperfumes.com/products/oud-and-ward-for-him-and-her-arabic-oil-5-8-ml-each","FACTORY_REBUILD_FROM_CANONICAL_TRUTH",""
"904","Junaid Perfumes","بنفسج جل - عطر فرنسي للنساء - 45 جرام","Perfume","Exact bottle/product image + direct image URL","https://junaidperfumes.com/products/banafsaj-gel-for-her-45-grams","FACTORY_REBUILD_FROM_CANONICAL_TRUTH",""
"905","Junaid Perfumes","تيجان - له ولها - 58 مل","Perfume","Exact bottle/product image + direct image URL","https://junaidperfumes.com/products/tijan-for-him-and-her-58-ml","FACTORY_REBUILD_FROM_CANONICAL_TRUTH",""
"906","Junaid Perfumes","حجر - للجنسين - عطر عربي غربي - 130 مل","Perfume","Exact bottle/product image + direct image URL","https://junaidperfumes.com/products/hajar-for-him-and-her-french-arabic-perfume-130-ml","FACTORY_REBUILD_FROM_CANONICAL_TRUTH",""
"907","Junaid Perfumes","حضارة - نسائي - زيت عطري غربي - 5.5 مل","Perfume","Exact bottle/product image + direct image URL","https://junaidperfumes.com/products/hadarah-for-her-5-5-ml","FACTORY_REBUILD_FROM_CANONICAL_TRUTH",""
"908","Junaid Perfumes","دهن رمال - للرجال و النساء - زيت غربي - 21مل","Perfume","Exact bottle/product image + direct image URL","https://junaidperfumes.com/products/rimaal-for-him-her-western-perfume-oil-21-ml","FACTORY_REBUILD_FROM_CANONICAL_TRUTH",""
"909","Junaid Perfumes","دهن طيف - للرجال والنساء - زيت غربي - 23 مل","Perfume","Exact bottle/product image + direct image URL","https://junaidperfumes.com/products/taif-for-him-her-western-perfume-oil-23-ml","FACTORY_REBUILD_FROM_CANONICAL_TRUTH",""
"910","Junaid Perfumes","دهن مسك العروس - نسائي - زيت غربي - 12 مل","Perfume","Exact bottle/product image + direct image URL","https://junaidperfumes.com/products/musk-al-aroos-for-her-western-perfume-oil-12-ml","FACTORY_REBUILD_FROM_CANONICAL_TRUTH",""
"911","Junaid Perfumes","ساحل - رجالي - عطر غربي - 90 مل","Perfume","Exact bottle/product image + direct image URL","https://junaidperfumes.com/products/sahil-for-him-western-perfume-90ml","FACTORY_REBUILD_FROM_CANONICAL_TRUTH",""
"912","Junaid Perfumes","سيراء – للرجال والنساء – عطر شرقي عربي – 70 مل","Perfume","Exact bottle/product image + direct image URL","https://junaidperfumes.com/products/sairaa-for-him-her-western-perfume-70ml","FACTORY_REBUILD_FROM_CANONICAL_TRUTH",""
"913","Junaid Perfumes","شيخة - لها - 18 مل","Perfume","Exact bottle/product image + direct image URL","https://junaidperfumes.com/products/shaikha-for-her-18-ml","FACTORY_REBUILD_FROM_CANONICAL_TRUTH",""
"914","Junaid Perfumes","شيفون - مجموعة لينين - معطر للمنزل - 180 مل","Perfume","Exact bottle/product image + direct image URL","https://junaidperfumes.com/products/chiffon-linen-collection-180-ml","FACTORY_REBUILD_FROM_CANONICAL_TRUTH",""
"915","Junaid Perfumes","عطر اغادير - للجنسين - عطر عربي غربي - 80 مل","Perfume","Exact bottle/product image + direct image URL","https://junaidperfumes.com/products/aghadeer-for-him-her-western-arabic-perfume-80ml","FACTORY_REBUILD_FROM_CANONICAL_TRUTH",""
"916","Junaid Perfumes","عطر الشعر ليلك - للنساء -عطر غربي عربي - 30 مل","Perfume","Exact bottle/product image + direct image URL","https://junaidperfumes.com/products/lilac-hair-mist-for-her-western-arabic-perfume-30-ml-1","FACTORY_REBUILD_FROM_CANONICAL_TRUTH",""
"917","Junaid Perfumes","عطر بريئة بلوم - نسائي - عطر غربي - 100 مل","Perfume","Exact bottle/product image + direct image URL","https://junaidperfumes.com/products/bareea-bloom-for-her-western-perfume-100-ml","FACTORY_REBUILD_FROM_CANONICAL_TRUTH",""
"918","Junaid Perfumes","عطر بهاء - للجنسين - زيت عربي - 24 مل","Perfume","Exact bottle/product image + direct image URL","https://junaidperfumes.com/products/baha-for-him-and-her-arabic-oil-24ml","FACTORY_REBUILD_FROM_CANONICAL_TRUTH",""
"919","Junaid Perfumes","عطر كربون - رجالي - غربي - 200 مل","Perfume","Exact bottle/product image + direct image URL","https://junaidperfumes.com/products/carbon-for-him-western-perfume-200-ml","FACTORY_REBUILD_FROM_CANONICAL_TRUTH",""
"920","Junaid Perfumes","فتينه - نسائي - 25 مل","Perfume","Exact bottle/product image + direct image URL","https://junaidperfumes.com/products/futaina-for-her-25-ml","FACTORY_REBUILD_FROM_CANONICAL_TRUTH",""
"921","Junaid Perfumes","في جي بحرين - للجنسين - زيت عربي - 60 مل","Perfume","Exact bottle/product image + direct image URL","https://junaidperfumes.com/products/figi-bahrain-for-him-and-her-60-ml","FACTORY_REBUILD_FROM_CANONICAL_TRUTH",""
"922","Junaid Perfumes","كنوز - للرجال والنساء - 3.5 مل و17.5 جرام","Perfume","Exact bottle/product image + direct image URL","https://junaidperfumes.com/products/kunooz-for-him-her-3-5-ml-each-and-17-5-gram-1","FACTORY_REBUILD_FROM_CANONICAL_TRUTH",""
"923","Junaid Perfumes","مجموعة ج ج - عطر غربي - 50 مل","Perfume","Exact bottle/product image + direct image URL","https://junaidperfumes.com/products/junaid-junior-collection","FACTORY_REBUILD_FROM_CANONICAL_TRUTH",""
"924","Junaid Perfumes","مجموعة فيلور - للجنسين - عطور بخاخ وبخور - 100 مل و 60 جرام","Perfume","Exact bottle/product image + direct image URL","https://junaidperfumes.com/products/velour-collection-for-him-and-her-perfume-spray-collection-100-ml-60-gram","FACTORY_REBUILD_FROM_CANONICAL_TRUTH",""
"925","Junaid Perfumes","مجموعته - للرجال - 10 مل","Perfume","Exact bottle/product image + direct image URL","https://junaidperfumes.com/products/his-collection-for-him-10-ml","FACTORY_REBUILD_FROM_CANONICAL_TRUTH",""
"926","Junaid Perfumes","معطر ذهب - للنساء - عطر فرنسي - 150 مل","Perfume","Exact bottle/product image + direct image URL","https://junaidperfumes.com/products/moattar-dhahab-for-her-150-ml","FACTORY_REBUILD_FROM_CANONICAL_TRUTH",""
"927","Junaid Perfumes","معطر ذھب - نسائي - جل فرنسي - 35 جم","Perfume","Exact bottle/product image + direct image URL","https://junaidperfumes.com/products/moattar-dhahab-gel-for-her-french-gel-35-grams","FACTORY_REBUILD_FROM_CANONICAL_TRUTH",""
"928","Junaid Perfumes","نشمة - له ولها - عطر غربي - 75 مل","Perfume","Exact bottle/product image + direct image URL","https://junaidperfumes.com/products/nashmah-unisex-75-ml","FACTORY_REBUILD_FROM_CANONICAL_TRUTH",""
"929","Khadlaj","25 LOYALTY","Eau de Parfum","Exact bottle/product image + direct image URL","https://khadlaj-perfumes.com/products/khadlaj-25-loyalty-100-ml-edp-spray-best-women-perfume-to-shop-online-dubai-uae","FACTORY_REBUILD_FROM_CANONICAL_TRUTH",""
"930","Khadlaj","LA FEDE AURA CRISP FLOWER EAU DE PARFUME","Perfume","Exact bottle/product image + direct image URL","https://khadlaj-perfumes.com/products/la-fede-aura-crisp-flower-100-ml-edp-sproay-for-women","FACTORY_REBUILD_FROM_CANONICAL_TRUTH",""
"931","Khadlaj","LA FEDE CRYSTALLIA IMPERIO EAU DE PARFUME","Perfume","Exact bottle/product image + direct image URL","https://khadlaj-perfumes.com/products/la-fede-crystallia-imperio-100-ml-edp-spray","FACTORY_REBUILD_FROM_CANONICAL_TRUTH",""
"932","Khadlaj","LA FEDE CRYSTALLIA PRIMASO EAU DE PARFUME","Perfume","Exact bottle/product image + direct image URL","https://khadlaj-perfumes.com/products/la-fede-crystallia-primaso-100-ml-edp-spray","FACTORY_REBUILD_FROM_CANONICAL_TRUTH",""
"933","Khadlaj","LA FEDE FIRST LADY","Extrait de Parfum","Exact bottle/product image + direct image URL","https://khadlaj-perfumes.com/products/la-fede-first-spray-shop-online-best-price-in-dubai-uae","FACTORY_REBUILD_FROM_CANONICAL_TRUTH",""
"934","Khadlaj","LA FEDE INTOXICATE BLUE ELIXIR EAU DE PARFUME","Eau de Parfum","Exact bottle/product image + direct image URL","https://khadlaj-perfumes.com/products/la-fede-intoxicate-blue-elixir-100-ml-edp-spray-for-men-best-perfumes-dubai-uae-usa-uk-worldwide","FACTORY_REBUILD_FROM_CANONICAL_TRUTH",""
"935","Khadlaj","LA FEDE KINGSMAN","Extrait de Parfum","Exact bottle/product image + direct image URL","https://khadlaj-perfumes.com/products/la-fede-kingsman-spray-shop-online-best-price-in-dubai-uae","FACTORY_REBUILD_FROM_CANONICAL_TRUTH",""
"936","Khadlaj","LA FEDE MAGNUM EXTREME BLUE EAU DE PARFUME","Eau de Parfum","Exact bottle/product image + direct image URL","https://khadlaj-perfumes.com/products/la-fede-magnum-extreme-blue-100-ml-edp-spray","FACTORY_REBUILD_FROM_CANONICAL_TRUTH",""
"937","Khadlaj","LA FEDE MAGNUM GOLD EDITION EAU DE PARFUME","Perfume","Exact bottle/product image + direct image URL","https://khadlaj-perfumes.com/products/la-fede-magnum-gold-edition-100-ml-edp-spray","FACTORY_REBUILD_FROM_CANONICAL_TRUTH",""
"938","Khadlaj","LA FEDE MAGNUM SILVER EDITION EAU DE PARFUME","Perfume","Exact bottle/product image + direct image URL","https://khadlaj-perfumes.com/products/la-fede-magnum-silver-edition-100-ml-edp-spray","FACTORY_REBUILD_FROM_CANONICAL_TRUTH",""
"939","Khadlaj","LA FEDE MAGNUM WILD GREEN EAU DE PARFUME","Eau de Parfum","Exact bottle/product image + direct image URL","https://khadlaj-perfumes.com/products/la-fede-magnum-wild-green-100ml-edp-spray","FACTORY_REBUILD_FROM_CANONICAL_TRUTH",""
"940","Khadlaj","LA FEDE MISS PREMIERE","Extrait de Parfum","Exact bottle/product image + direct image URL","https://khadlaj-perfumes.com/products/la-fede-miss-premeire-spray-shop-online-best-price-in-dubai-uae","FACTORY_REBUILD_FROM_CANONICAL_TRUTH",""
"941","Khadlaj","LA FEDE OPERA ROSE L'OR EAU DE PARFUME","Eau de Parfum","Exact bottle/product image + direct image URL","https://khadlaj-perfumes.com/products/la-fede-opera-rose-lor-100-ml-edp-spray","FACTORY_REBUILD_FROM_CANONICAL_TRUTH",""
"942","Khadlaj","LA FEDE STATESMAN","Extrait de Parfum","Exact bottle/product image + direct image URL","https://khadlaj-perfumes.com/products/la-fede-statesman-spray-shop-online-best-price-in-dubai-uae","FACTORY_REBUILD_FROM_CANONICAL_TRUTH",""
"943","Khadlaj","MIBRAAK","Perfume","Exact bottle/product image + direct image URL","https://khadlaj-perfumes.com/products/mibraak-18ml","FACTORY_REBUILD_FROM_CANONICAL_TRUTH",""
"944","Khadlaj","NUHA BON BON EAU DA","Eau de Parfum","Exact bottle/product image + direct image URL","https://khadlaj-perfumes.com/products/nuha-bon-bon-strawberry-vanilla-ice-cream-gourmand-perfume-for-women-online","FACTORY_REBUILD_FROM_CANONICAL_TRUTH",""
"945","Khadlaj","OUD MUATTAR MAAMUL DAHABI 48 G","Perfume","Exact bottle/product image + direct image URL","https://khadlaj-perfumes.com/products/oud-muattar-maamul-dahabi-48-g","FACTORY_REBUILD_FROM_CANONICAL_TRUTH",""
"946","Khadlaj","OUD MUATTAR MAAMUL HANEEN 48 G","Perfume","Exact bottle/product image + direct image URL","https://khadlaj-perfumes.com/products/oud-muattar-maamul-wardi-48-g-copy","FACTORY_REBUILD_FROM_CANONICAL_TRUTH",""
"947","Khadlaj","OUD MUATTAR MAAMUL WARDI 48 G","Perfume","Exact bottle/product image + direct image URL","https://khadlaj-perfumes.com/products/oud-muattar-maamul-dahabi-48-g-copy","FACTORY_REBUILD_FROM_CANONICAL_TRUTH",""
"948","Khadlaj","OUD MUATTAR QISSA 40 G","Perfume","Exact bottle/product image + direct image URL","https://khadlaj-perfumes.com/products/oud-muattar-qissa-home-and-office-aromatic-fragrance-online-dubai-uae","FACTORY_REBUILD_FROM_CANONICAL_TRUTH",""
"949","Khadlaj","OUD MUATTAR RUKAIYA 80 G","Fragrance","Exact bottle/product image + direct image URL","https://khadlaj-perfumes.com/products/oud-muattar-rukaiya-80-g-home-fragrances-shop-online-dubai-uae","FACTORY_REBUILD_FROM_CANONICAL_TRUTH",""
"950","Lattafa","Ana Abiyedh Rouge","Eau de Parfum","Exact bottle/product image + direct image URL","https://lattafa-usa.com/products/ana-abiyedh-rouge-set","FACTORY_REBUILD_FROM_CANONICAL_TRUTH",""
"951","Lattafa","Asad & Zanzibar Set","Eau de Parfum","Exact bottle/product image + direct image URL","https://lattafa-usa.com/products/asad-zanzibar-set","FACTORY_REBUILD_FROM_CANONICAL_TRUTH",""
"952","Lattafa","Asad Set","Hair Mist","Exact bottle/product image + direct image URL","https://lattafa-usa.com/products/asad-set","FACTORY_REBUILD_FROM_CANONICAL_TRUTH",""
"953","Lattafa","Badee Al Oud Honor And Glory Set","Fragrance","Exact bottle/product image + direct image URL","https://lattafa-usa.com/products/badee-al-oud-honor-and-glory-set","FACTORY_REBUILD_FROM_CANONICAL_TRUTH",""
"954","Lattafa","Badee Al Oud Sublime Set","Eau de Parfum","Exact bottle/product image + direct image URL","https://lattafa-usa.com/products/badee-al-oud-sublime-set","FACTORY_REBUILD_FROM_CANONICAL_TRUTH",""
"955","Lattafa","Fakhar Women Set","Hair Mist","Exact bottle/product image + direct image URL","https://lattafa-usa.com/products/fakhar-set","FACTORY_REBUILD_FROM_CANONICAL_TRUTH",""
"956","Lattafa","Hayaati Set","Fragrance","Exact bottle/product image + direct image URL","https://lattafa-usa.com/products/hayaati","FACTORY_REBUILD_FROM_CANONICAL_TRUTH",""
"957","Lattafa","Khamrah Set","Eau de Parfum","Exact bottle/product image + direct image URL","https://lattafa-usa.com/products/khamrah-set","FACTORY_REBUILD_FROM_CANONICAL_TRUTH",""
"958","Lattafa","Maahir Black Edition Set","Eau de Parfum","Exact bottle/product image + direct image URL","https://lattafa-usa.com/products/maahir-black-edition-set","FACTORY_REBUILD_FROM_CANONICAL_TRUTH",""
"959","Lattafa","Maahir Legacy Set","Fragrance","Exact bottle/product image + direct image URL","https://lattafa-usa.com/products/maahir-legacy-set","FACTORY_REBUILD_FROM_CANONICAL_TRUTH",""
"960","Lattafa","Mahasin Crystal Violet Set","Eau de Parfum","Exact bottle/product image + direct image URL","https://lattafa-usa.com/products/mahasin-crystal-violet-set","FACTORY_REBUILD_FROM_CANONICAL_TRUTH",""
"961","Lattafa","Oud Mood Elixir Set","Fragrance","Exact bottle/product image + direct image URL","https://lattafa-usa.com/products/oud-mood-elixir-set","FACTORY_REBUILD_FROM_CANONICAL_TRUTH",""
"962","Lattafa","Raghba Set","Eau de Parfum","Exact bottle/product image + direct image URL","https://lattafa-usa.com/products/raghba","FACTORY_REBUILD_FROM_CANONICAL_TRUTH",""
"963","Lattafa","Yara & Yara Candy Set","Fragrance","Exact bottle/product image + direct image URL","https://lattafa-usa.com/products/yara-yara-candy-set","FACTORY_REBUILD_FROM_CANONICAL_TRUTH",""
"964","Lattafa","Yara Collection 4 X","Eau de Parfum","Exact bottle/product image + direct image URL","https://lattafa-usa.com/products/yara-collection-set","FACTORY_REBUILD_FROM_CANONICAL_TRUTH",""
"965","Lattafa","Yara Set","Fragrance","Exact bottle/product image + direct image URL","https://lattafa-usa.com/products/yara-set","FACTORY_REBUILD_FROM_CANONICAL_TRUTH",""
"966","LoveShackFancy","Girls Billie Heirloom Print Skirt - HIBISCUS","Fragrance","Exact bottle/product image + direct image URL","https://www.loveshackfancy.com/products/billie-skirt-gs016-1771-color-hibiscus","FACTORY_REBUILD_FROM_CANONICAL_TRUTH",""
"967","LoveShackFancy","Girls Billie Heirloom Print Skirt - STRAWBERRY MACAROON","Fragrance","Exact bottle/product image + direct image URL","https://www.loveshackfancy.com/products/billie-skirt-gs016-1771-color-strawberry-macaroon","FACTORY_REBUILD_FROM_CANONICAL_TRUTH",""
"968","LoveShackFancy","Girls Billie Heirloom Print Skirt - WHISPER BLUE","Fragrance","Exact bottle/product image + direct image URL","https://www.loveshackfancy.com/products/billie-skirt-gs016-1771-color-whisper-blue","FACTORY_REBUILD_FROM_CANONICAL_TRUTH",""
"969","LoveShackFancy","Ruffle Summer Heirloom Print Skirt","Body Mist","Exact bottle/product image + direct image URL","https://www.loveshackfancy.com/products/ruffle-mini-skirt-ls002-2664","FACTORY_REBUILD_FROM_CANONICAL_TRUTH",""
"970","Maison Asrar","1963","Fragrance","Exact bottle/product image + direct image URL","https://maisonasrar.com/products/1963-eau-de-perfum-100ml","FACTORY_REBUILD_FROM_CANONICAL_TRUTH",""
"971","Maison Asrar","ADORABLE","Fragrance","Exact bottle/product image + direct image URL","https://maisonasrar.com/products/adorable-eau-de-parfum-100-ml-for-women","FACTORY_REBUILD_FROM_CANONICAL_TRUTH",""
"972","Maison Asrar","ALONOUD","Fragrance","Exact bottle/product image + direct image URL","https://maisonasrar.com/products/maison-asrar-alonoud-eau-de-parfum-100-ml-for-women","FACTORY_REBUILD_FROM_CANONICAL_TRUTH",""
"973","Maison Asrar","BASMA","Fragrance","Exact bottle/product image + direct image URL","https://maisonasrar.com/products/maison-asrar-basma-eau-de-parfum-100-ml-unisex","FACTORY_REBUILD_FROM_CANONICAL_TRUTH",""
"974","Maison Asrar","BLOOM BLOOM","Fragrance","Exact bottle/product image + direct image URL","https://maisonasrar.com/products/bloom-bloom-eau-de-parfum-100ml","FACTORY_REBUILD_FROM_CANONICAL_TRUTH",""
"975","Maison Asrar","BONITA","Fragrance","Exact bottle/product image + direct image URL","https://maisonasrar.com/products/bonita-eau-de-parfum-100ml","FACTORY_REBUILD_FROM_CANONICAL_TRUTH",""
"976","Maison Asrar","COFFEE BLEND","Fragrance","Exact bottle/product image + direct image URL","https://maisonasrar.com/products/coffee-blend-eau-de-parfum","FACTORY_REBUILD_FROM_CANONICAL_TRUTH",""
"977","Maison Asrar","DAHAM","Fragrance","Exact bottle/product image + direct image URL","https://maisonasrar.com/products/maison-asrar-daham-eau-de-parfum-100-ml-for-men","FACTORY_REBUILD_FROM_CANONICAL_TRUTH",""
"978","Maison Asrar","EMERALD","Fragrance","Exact bottle/product image + direct image URL","https://maisonasrar.com/products/maison-asrar-emerald-eau-de-parfum-110ml","FACTORY_REBUILD_FROM_CANONICAL_TRUTH",""
"979","Maison Asrar","EMESSA","Fragrance","Exact bottle/product image + direct image URL","https://maisonasrar.com/products/maison-asrar-emessa-eau-de-parfum-for-women","FACTORY_REBUILD_FROM_CANONICAL_TRUTH",""
"980","Maison Asrar","FAKHAMA","Fragrance","Exact bottle/product image + direct image URL","https://maisonasrar.com/products/maison-asrar-fakhama-eau-de-parfum-100-ml-for-women","FACTORY_REBUILD_FROM_CANONICAL_TRUTH",""
"981","Maison Asrar","FLAIR","Fragrance","Exact bottle/product image + direct image URL","https://maisonasrar.com/products/gulf-orchid-flaire-eau-de-parfum","FACTORY_REBUILD_FROM_CANONICAL_TRUTH",""
"982","Maison Asrar","GENTLE OUD","Fragrance","Exact bottle/product image + direct image URL","https://maisonasrar.com/products/maison-asrar-gentle-oud-eau-de-parfum-80-ml-for-men","FACTORY_REBUILD_FROM_CANONICAL_TRUTH",""
"983","Maison Asrar","GOLD NOIR","Fragrance","Exact bottle/product image + direct image URL","https://maisonasrar.com/products/gulf-orchid-gold-noir-eau-de-parfum","FACTORY_REBUILD_FROM_CANONICAL_TRUTH",""
"984","Maison Asrar","HAMSAT GHARAM","Fragrance","Exact bottle/product image + direct image URL","https://maisonasrar.com/products/maison-asrar-hamsat-gharam-eau-de-parfum-100-ml-for-women","FACTORY_REBUILD_FROM_CANONICAL_TRUTH",""
"985","Maison Asrar","HAMSAT GHAZAL","Fragrance","Exact bottle/product image + direct image URL","https://maisonasrar.com/products/maison-asrar-hamsat-ghazal-eau-de-parfum-100-ml-for-women","FACTORY_REBUILD_FROM_CANONICAL_TRUTH",""
"986","Maison Asrar","HAMSAT HOB","Fragrance","Exact bottle/product image + direct image URL","https://maisonasrar.com/products/maison-asrar-hamsat-hob-eau-de-parfum-100-ml-for-women","FACTORY_REBUILD_FROM_CANONICAL_TRUTH",""
"987","Maison Asrar","HAMSAT ISHQ","Fragrance","Exact bottle/product image + direct image URL","https://maisonasrar.com/products/maison-asrar-hamsat-ishq-eau-de-parfum-100-ml-for-women","FACTORY_REBUILD_FROM_CANONICAL_TRUTH",""
"988","Maison Asrar","HERITAGE","Fragrance","Exact bottle/product image + direct image URL","https://maisonasrar.com/products/maison-asrar-heritage-eau-de-parfum-100-ml-unisex","FACTORY_REBUILD_FROM_CANONICAL_TRUTH",""
"989","Maison Asrar","HUNTER","Fragrance","Exact bottle/product image + direct image URL","https://maisonasrar.com/products/maison-asrar-hunter-eau-de-parfum-100ml","FACTORY_REBUILD_FROM_CANONICAL_TRUTH",""
"990","Maison Asrar","IMPERIAL","Fragrance","Exact bottle/product image + direct image URL","https://maisonasrar.com/products/maison-asrar-imperial-eau-de-parfum","FACTORY_REBUILD_FROM_CANONICAL_TRUTH",""
"991","Maison Asrar","ITALIAN LEATHER","Fragrance","Exact bottle/product image + direct image URL","https://maisonasrar.com/products/maison-asrar-italian-leather-eau-de-parfum-80-ml-for-men","FACTORY_REBUILD_FROM_CANONICAL_TRUTH",""
"992","Maison Asrar","JOY","Fragrance","Exact bottle/product image + direct image URL","https://maisonasrar.com/products/joy-eau-de-parfum-100ml","FACTORY_REBUILD_FROM_CANONICAL_TRUTH",""
"993","Maison Asrar","KHATEER","Fragrance","Exact bottle/product image + direct image URL","https://maisonasrar.com/products/maison-asrar-khateer-eau-de-parfum-100-ml-for-men","FACTORY_REBUILD_FROM_CANONICAL_TRUTH",""
"994","Maison Asrar","KHAYAL","Fragrance","Exact bottle/product image + direct image URL","https://maisonasrar.com/products/maison-asrar-khayal-eau-de-parfum-100-ml-unisex","FACTORY_REBUILD_FROM_CANONICAL_TRUTH",""
"995","Maison Asrar","LEO","Fragrance","Exact bottle/product image + direct image URL","https://maisonasrar.com/products/maison-asrar-leo-eau-de-parfum-100ml","FACTORY_REBUILD_FROM_CANONICAL_TRUTH",""
"996","Maison Asrar","LILY","Fragrance","Exact bottle/product image + direct image URL","https://maisonasrar.com/products/lily-eau-de-parfum-100ml","FACTORY_REBUILD_FROM_CANONICAL_TRUTH",""
"997","Maison Asrar","LOLITA","Fragrance","Exact bottle/product image + direct image URL","https://maisonasrar.com/products/lolita-eau-de-parfum-100ml","FACTORY_REBUILD_FROM_CANONICAL_TRUTH",""
"998","Maison Asrar","LUNA","Fragrance","Exact bottle/product image + direct image URL","https://maisonasrar.com/products/luna-eau-de-parfum-100ml","FACTORY_REBUILD_FROM_CANONICAL_TRUTH",""
"999","Maison Asrar","MASTERPIECE","Fragrance","Exact bottle/product image + direct image URL","https://maisonasrar.com/products/gulf-orchid-masterpiece-eau-de-parfum","FACTORY_REBUILD_FROM_CANONICAL_TRUTH",""
"1000","Maison Asrar","MONARCH","Fragrance","Exact bottle/product image + direct image URL","https://maisonasrar.com/products/maison-asrar-monarch-eau-de-parfum","FACTORY_REBUILD_FROM_CANONICAL_TRUTH",""
"1001","Maison Asrar","OH HONEY!","Fragrance","Exact bottle/product image + direct image URL","https://maisonasrar.com/products/oh-honey-eau-de-parfum","FACTORY_REBUILD_FROM_CANONICAL_TRUTH",""
"1002","Maison Asrar","PINK CRUSH","Fragrance","Exact bottle/product image + direct image URL","https://maisonasrar.com/products/maison-asrar-pink-crush-eau-de-parfum-100-ml-for-women","FACTORY_REBUILD_FROM_CANONICAL_TRUTH",""
"1003","Maison Asrar","RED VELVET","Fragrance","Exact bottle/product image + direct image URL","https://maisonasrar.com/products/maison-asrar-red-velvet-eau-de-parfum-100-ml-for-women","FACTORY_REBUILD_FROM_CANONICAL_TRUTH",""
"1004","Maison Asrar","REY","Fragrance","Exact bottle/product image + direct image URL","https://maisonasrar.com/products/rey-eau-de-parfum-100ml-maison-asrar","FACTORY_REBUILD_FROM_CANONICAL_TRUTH",""
"1005","Maison Asrar","ROSE","Fragrance","Exact bottle/product image + direct image URL","https://maisonasrar.com/products/gulf-orchid-rose-eau-de-parfum","FACTORY_REBUILD_FROM_CANONICAL_TRUTH",""
"1006","Maison Asrar","ROSE HONEY","Fragrance","Exact bottle/product image + direct image URL","https://maisonasrar.com/products/maison-asrar-rose-honey-eau-de-parfum-100-ml-for-women","FACTORY_REBUILD_FROM_CANONICAL_TRUTH",""
"1007","Maison Asrar","ROSE MUSK","Fragrance","Exact bottle/product image + direct image URL","https://maisonasrar.com/products/maison-asrar-rose-musk-eau-de-parfum-100-ml-for-women","FACTORY_REBUILD_FROM_CANONICAL_TRUTH",""
"1008","Maison Asrar","ROSE OUD","Fragrance","Exact bottle/product image + direct image URL","https://maisonasrar.com/products/maison-asrar-rose-oud-eau-de-parfum-100-ml-for-women","FACTORY_REBUILD_FROM_CANONICAL_TRUTH",""
"1009","Maison Asrar","ROSE VANILLA","Fragrance","Exact bottle/product image + direct image URL","https://maisonasrar.com/products/maison-asrar-rose-vanilla-eau-de-parfum-100-ml-for-women","FACTORY_REBUILD_FROM_CANONICAL_TRUTH",""
"1010","Maison Asrar","SILVER ELIXER","Fragrance","Exact bottle/product image + direct image URL","https://maisonasrar.com/products/gulf-orchid-silver-elixer-eau-de-parfum","FACTORY_REBUILD_FROM_CANONICAL_TRUTH",""
"1011","Maison Asrar","SOUDFA","Fragrance","Exact bottle/product image + direct image URL","https://maisonasrar.com/products/maison-asrar-soudfa-eau-de-parfum-100-ml-for-women","FACTORY_REBUILD_FROM_CANONICAL_TRUTH",""
"1012","Maison Asrar","TIMELESS","Fragrance","Exact bottle/product image + direct image URL","https://maisonasrar.com/products/gulf-orchid-timeless-eau-de-parfum","FACTORY_REBUILD_FROM_CANONICAL_TRUTH",""
"1013","Maison Asrar","TREASURE","Fragrance","Exact bottle/product image + direct image URL","https://maisonasrar.com/products/maison-asrar-treasure-eau-de-parfum-100-ml-unisex","FACTORY_REBUILD_FROM_CANONICAL_TRUTH",""
"1014","Maison Asrar","VANILLA VOYAGE","Fragrance","Exact bottle/product image + direct image URL","https://maisonasrar.com/products/vanilla-voyage-eau-de-parfum","FACTORY_REBUILD_FROM_CANONICAL_TRUTH",""
"1015","Maison Asrar","WOOD INTENSE","Fragrance","Exact bottle/product image + direct image URL","https://maisonasrar.com/products/maison-asrar-wood-intense-eau-de-parfum-80-ml-for-men","FACTORY_REBUILD_FROM_CANONICAL_TRUTH",""
"1016","Maison Asrar","ZENOBIA","Fragrance","Exact bottle/product image + direct image URL","https://maisonasrar.com/products/maison-asrar-zenobia-eau-de-parfum-100-ml-for-women","FACTORY_REBUILD_FROM_CANONICAL_TRUTH",""
"1017","Marina de Bourbon","Rouge Royal for Women Eau de Parfum Spray TESTER 1.7 oz","Eau de Parfum","Exact bottle/product image + direct image URL","https://www.kqzyfj.com/click-101873859-16941446?url=https%3A%2F%2Fwww.fragranceshop.com%2Fproduct%2Fmarina-de-bourbon-rouge-royal-for-women-eau-de-parfum-spray-tester-1-7-oz-perfume-for-women%2F%3Fattribute_pa_size%3Deau-de-parfum-spray-1-7-oz-tester%26wmc-currency%3DUSD&cjsku=FS91623ga","FACTORY_REBUILD_FROM_CANONICAL_TRUTH",""
"1018","Maurer & Wirtz","Tabac","Eau de Cologne","Exact bottle/product image + direct image URL","https://www.jdoqocy.com/click-101873859-16941446?url=https%3A%2F%2Fwww.fragranceshop.com%2Fproduct%2Ftabac-for-men%2F%3Fattribute_pa_size%3Dafter-shave-10-1-oz%26wmc-currency%3DUSD&cjsku=FMB16562ga","FACTORY_REBUILD_FROM_CANONICAL_TRUTH",""
"1019","Oakcha","After Light","Fragrance","Exact bottle/product image + direct image URL","https://www.oakcha.com/products/after-light","FACTORY_REBUILD_FROM_CANONICAL_TRUTH",""
"1020","Oakcha","Aged Tobacco","Fragrance","Exact bottle/product image + direct image URL","https://www.oakcha.com/products/aged-tobacco","FACTORY_REBUILD_FROM_CANONICAL_TRUTH",""
"1021","Oakcha","Akimbo","Fragrance","Exact bottle/product image + direct image URL","https://www.oakcha.com/products/akimbo","FACTORY_REBUILD_FROM_CANONICAL_TRUTH",""
"1022","Oakcha","Almost Nude","Fragrance","Exact bottle/product image + direct image URL","https://www.oakcha.com/products/almost-nude","FACTORY_REBUILD_FROM_CANONICAL_TRUTH",""
"1023","Oakcha","Amber Aura","Fragrance","Exact bottle/product image + direct image URL","https://www.oakcha.com/products/amber-aura","FACTORY_REBUILD_FROM_CANONICAL_TRUTH",""
"1024","Oakcha","Ambery Bean","Fragrance","Exact bottle/product image + direct image URL","https://www.oakcha.com/products/ambery-bean","FACTORY_REBUILD_FROM_CANONICAL_TRUTH",""
"1025","Oakcha","Amore Oudh","Fragrance","Exact bottle/product image + direct image URL","https://www.oakcha.com/products/amore-oudh","FACTORY_REBUILD_FROM_CANONICAL_TRUTH",""
"1026","Oakcha","Apple Glaze","Fragrance","Exact bottle/product image + direct image URL","https://www.oakcha.com/products/apple-glaze","FACTORY_REBUILD_FROM_CANONICAL_TRUTH",""
"1027","Oakcha","Astral Honey","Fragrance","Exact bottle/product image + direct image URL","https://www.oakcha.com/products/astral-honey","FACTORY_REBUILD_FROM_CANONICAL_TRUTH",""
"1028","Oakcha","Astro Vision","Fragrance","Exact bottle/product image + direct image URL","https://www.oakcha.com/products/astro-vision","FACTORY_REBUILD_FROM_CANONICAL_TRUTH",""
"1029","Oakcha","Athena","Fragrance","Exact bottle/product image + direct image URL","https://www.oakcha.com/products/athena","FACTORY_REBUILD_FROM_CANONICAL_TRUTH",""
"1030","Oakcha","Aura of Iron","Fragrance","Exact bottle/product image + direct image URL","https://www.oakcha.com/products/aura-of-iron","FACTORY_REBUILD_FROM_CANONICAL_TRUTH",""
"1031","Oakcha","Azure Protocol","Fragrance","Exact bottle/product image + direct image URL","https://www.oakcha.com/products/azure-protocol","FACTORY_REBUILD_FROM_CANONICAL_TRUTH",""
"1032","Oakcha","Banana Crepe","Fragrance","Exact bottle/product image + direct image URL","https://www.oakcha.com/products/banana-crepe","FACTORY_REBUILD_FROM_CANONICAL_TRUTH",""
"1033","Oakcha","Bare Confection","Fragrance","Exact bottle/product image + direct image URL","https://www.oakcha.com/products/bare-confection","FACTORY_REBUILD_FROM_CANONICAL_TRUTH",""
"1034","Oakcha","Basic Union -","Fragrance","Exact bottle/product image + direct image URL","https://www.oakcha.com/products/basic-union-copy","FACTORY_REBUILD_FROM_CANONICAL_TRUTH",""
"1035","Oakcha","Beach Wave","Fragrance","Exact bottle/product image + direct image URL","https://www.oakcha.com/products/beach-wave","FACTORY_REBUILD_FROM_CANONICAL_TRUTH",""
"1036","Oakcha","Berry Bonbon","Fragrance","Exact bottle/product image + direct image URL","https://www.oakcha.com/products/berry-bonbon","FACTORY_REBUILD_FROM_CANONICAL_TRUTH",""
"1037","Oakcha","Blessed","Fragrance","Exact bottle/product image + direct image URL","https://www.oakcha.com/products/blessed","FACTORY_REBUILD_FROM_CANONICAL_TRUTH",""
"1038","Oakcha","Blu Mist","Fragrance","Exact bottle/product image + direct image URL","https://www.oakcha.com/products/blu-mist","FACTORY_REBUILD_FROM_CANONICAL_TRUTH",""
"1039","Oakcha","Blue Smoke","Fragrance","Exact bottle/product image + direct image URL","https://www.oakcha.com/products/blue-smoke","FACTORY_REBUILD_FROM_CANONICAL_TRUTH",""
"1040","Oakcha","Blue Velvet","Fragrance","Exact bottle/product image + direct image URL","https://www.oakcha.com/products/blue-velvet","FACTORY_REBUILD_FROM_CANONICAL_TRUTH",""
"1041","Oakcha","Blush Creme","Fragrance","Exact bottle/product image + direct image URL","https://www.oakcha.com/products/blush-creme","FACTORY_REBUILD_FROM_CANONICAL_TRUTH",""
"1042","Oakcha","Bronze Summer","Fragrance","Exact bottle/product image + direct image URL","https://www.oakcha.com/products/bronze-summer","FACTORY_REBUILD_FROM_CANONICAL_TRUTH",""
"1043","Oakcha","Busker Nuit","Fragrance","Exact bottle/product image + direct image URL","https://www.oakcha.com/products/busker-nuit","FACTORY_REBUILD_FROM_CANONICAL_TRUTH",""
"1044","Oakcha","Cafe Culture","Fragrance","Exact bottle/product image + direct image URL","https://www.oakcha.com/products/cafe-culture","FACTORY_REBUILD_FROM_CANONICAL_TRUTH",""
"1045","Oakcha","Camden","Fragrance","Exact bottle/product image + direct image URL","https://www.oakcha.com/products/camden","FACTORY_REBUILD_FROM_CANONICAL_TRUTH",""
"1046","Oakcha","Canopy Bloom","Fragrance","Exact bottle/product image + direct image URL","https://www.oakcha.com/products/canopy-bloom","FACTORY_REBUILD_FROM_CANONICAL_TRUTH",""
"1047","Oakcha","Caramel Brew","Fragrance","Exact bottle/product image + direct image URL","https://www.oakcha.com/products/caramel-brew","FACTORY_REBUILD_FROM_CANONICAL_TRUTH",""
"1048","Oakcha","Carbon Code","Fragrance","Exact bottle/product image + direct image URL","https://www.oakcha.com/products/carbon-code","FACTORY_REBUILD_FROM_CANONICAL_TRUTH",""
"1049","Oakcha","Celebrity","Fragrance","Exact bottle/product image + direct image URL","https://www.oakcha.com/products/celebrity","FACTORY_REBUILD_FROM_CANONICAL_TRUTH",""
"1050","Oakcha","Chic Treat","Fragrance","Exact bottle/product image + direct image URL","https://www.oakcha.com/products/chic-treat","FACTORY_REBUILD_FROM_CANONICAL_TRUTH",""
"1051","Oakcha","Choco Break","Fragrance","Exact bottle/product image + direct image URL","https://www.oakcha.com/products/choco-break","FACTORY_REBUILD_FROM_CANONICAL_TRUTH",""
"1052","Oakcha","Citrus Carnival","Fragrance","Exact bottle/product image + direct image URL","https://www.oakcha.com/products/citrus-carnival","FACTORY_REBUILD_FROM_CANONICAL_TRUTH",""
"1053","Oakcha","Clean Skin","Fragrance","Exact bottle/product image + direct image URL","https://www.oakcha.com/products/clean-skin","FACTORY_REBUILD_FROM_CANONICAL_TRUTH",""
"1054","Oakcha","Cocaigne","Fragrance","Exact bottle/product image + direct image URL","https://www.oakcha.com/products/cocaigne","FACTORY_REBUILD_FROM_CANONICAL_TRUTH",""
"1055","Oakcha","Colaroma","Fragrance","Exact bottle/product image + direct image URL","https://www.oakcha.com/products/colaroma","FACTORY_REBUILD_FROM_CANONICAL_TRUTH",""
"1056","Oakcha","Copper Cask","Fragrance","Exact bottle/product image + direct image URL","https://www.oakcha.com/products/copper-cask","FACTORY_REBUILD_FROM_CANONICAL_TRUTH",""
"1057","Oakcha","Cosmic Fusion","Fragrance","Exact bottle/product image + direct image URL","https://www.oakcha.com/products/cosmic-fusion","FACTORY_REBUILD_FROM_CANONICAL_TRUTH",""
"1058","Oakcha","Cotton Clouds","Fragrance","Exact bottle/product image + direct image URL","https://www.oakcha.com/products/cotton-clouds","FACTORY_REBUILD_FROM_CANONICAL_TRUTH",""
"1059","Oakcha","Craving You","Fragrance","Exact bottle/product image + direct image URL","https://www.oakcha.com/products/craving-you","FACTORY_REBUILD_FROM_CANONICAL_TRUTH",""
"1060","Oakcha","Crazy Good","Fragrance","Exact bottle/product image + direct image URL","https://www.oakcha.com/products/crazy-good","FACTORY_REBUILD_FROM_CANONICAL_TRUTH",""
"1061","Oakcha","Crimson Caffeine","Fragrance","Exact bottle/product image + direct image URL","https://www.oakcha.com/products/crimson-caffeine","FACTORY_REBUILD_FROM_CANONICAL_TRUTH",""
"1062","Oakcha","Crimson Star","Fragrance","Exact bottle/product image + direct image URL","https://www.oakcha.com/products/crimson-star","FACTORY_REBUILD_FROM_CANONICAL_TRUTH",""
"1063","Oakcha","Crisp Orchard","Fragrance","Exact bottle/product image + direct image URL","https://www.oakcha.com/products/crisp-orchard","FACTORY_REBUILD_FROM_CANONICAL_TRUTH",""
"1064","Oakcha","Crystal Euphoria","Fragrance","Exact bottle/product image + direct image URL","https://www.oakcha.com/products/crystal-euphoria","FACTORY_REBUILD_FROM_CANONICAL_TRUTH",""
"1065","Oakcha","Desert Glass","Fragrance","Exact bottle/product image + direct image URL","https://www.oakcha.com/products/desert-glass","FACTORY_REBUILD_FROM_CANONICAL_TRUTH",""
"1066","Oakcha","Desiree","Fragrance","Exact bottle/product image + direct image URL","https://www.oakcha.com/products/desiree","FACTORY_REBUILD_FROM_CANONICAL_TRUTH",""
"1067","Oakcha","Diamond 15","Fragrance","Exact bottle/product image + direct image URL","https://www.oakcha.com/products/diamond-15","FACTORY_REBUILD_FROM_CANONICAL_TRUTH",""
"1068","Oakcha","Doctor Queen","Fragrance","Exact bottle/product image + direct image URL","https://www.oakcha.com/products/dr-queen","FACTORY_REBUILD_FROM_CANONICAL_TRUTH",""
"1069","Oakcha","Dream Fuel","Fragrance","Exact bottle/product image + direct image URL","https://www.oakcha.com/products/dream-fuel","FACTORY_REBUILD_FROM_CANONICAL_TRUTH",""
"1070","Oakcha","Driftwood","Fragrance","Exact bottle/product image + direct image URL","https://www.oakcha.com/products/driftwood","FACTORY_REBUILD_FROM_CANONICAL_TRUTH",""
"1071","Oakcha","Dry Timber","Fragrance","Exact bottle/product image + direct image URL","https://www.oakcha.com/products/dry-timber","FACTORY_REBUILD_FROM_CANONICAL_TRUTH",""
"1072","Oakcha","Dubai Cocoa Pista","Fragrance","Exact bottle/product image + direct image URL","https://www.oakcha.com/products/dubai-cocoa-pista","FACTORY_REBUILD_FROM_CANONICAL_TRUTH",""
"1073","Oakcha","Dune Dance","Fragrance","Exact bottle/product image + direct image URL","https://www.oakcha.com/products/dune-dance","FACTORY_REBUILD_FROM_CANONICAL_TRUTH",""
"1074","Oakcha","Dusk","Fragrance","Exact bottle/product image + direct image URL","https://www.oakcha.com/products/dusk","FACTORY_REBUILD_FROM_CANONICAL_TRUTH",""
"1075","Oakcha","Eclipse","Fragrance","Exact bottle/product image + direct image URL","https://www.oakcha.com/products/eclipse","FACTORY_REBUILD_FROM_CANONICAL_TRUTH",""
"1076","Oakcha","Electric Rebel","Fragrance","Exact bottle/product image + direct image URL","https://www.oakcha.com/products/electric-rebel","FACTORY_REBUILD_FROM_CANONICAL_TRUTH",""
"1077","Oakcha","Electric Shimmer","Fragrance","Exact bottle/product image + direct image URL","https://www.oakcha.com/products/electric-shimmer","FACTORY_REBUILD_FROM_CANONICAL_TRUTH",""
"1078","Oakcha","Ember Harbor","Fragrance","Exact bottle/product image + direct image URL","https://www.oakcha.com/products/ember-harbor","FACTORY_REBUILD_FROM_CANONICAL_TRUTH",""
"1079","Oakcha","Emerald 13","Fragrance","Exact bottle/product image + direct image URL","https://www.oakcha.com/products/emerald-13","FACTORY_REBUILD_FROM_CANONICAL_TRUTH",""
"1080","Oakcha","English Royal","Fragrance","Exact bottle/product image + direct image URL","https://www.oakcha.com/products/english-royal","FACTORY_REBUILD_FROM_CANONICAL_TRUTH",""
"1081","Oakcha","Esker","Fragrance","Exact bottle/product image + direct image URL","https://www.oakcha.com/products/esker","FACTORY_REBUILD_FROM_CANONICAL_TRUTH",""
"1082","Oakcha","Ethereal Myth","Fragrance","Exact bottle/product image + direct image URL","https://www.oakcha.com/products/ethereal-myth","FACTORY_REBUILD_FROM_CANONICAL_TRUTH",""
"1083","Oakcha","Faint Murmur","Fragrance","Exact bottle/product image + direct image URL","https://www.oakcha.com/products/faint-murmur","FACTORY_REBUILD_FROM_CANONICAL_TRUTH",""
"1084","Oakcha","Femme Fatale","Fragrance","Exact bottle/product image + direct image URL","https://www.oakcha.com/products/femme-fatale","FACTORY_REBUILD_FROM_CANONICAL_TRUTH",""
"1085","Oakcha","First Morning","Fragrance","Exact bottle/product image + direct image URL","https://www.oakcha.com/products/first-morning","FACTORY_REBUILD_FROM_CANONICAL_TRUTH",""
"1086","Oakcha","Forever Young","Fragrance","Exact bottle/product image + direct image URL","https://www.oakcha.com/products/forever-young","FACTORY_REBUILD_FROM_CANONICAL_TRUTH",""
"1087","Oakcha","Fortis","Fragrance","Exact bottle/product image + direct image URL","https://www.oakcha.com/products/fortis","FACTORY_REBUILD_FROM_CANONICAL_TRUTH",""
"1088","Oakcha","Fragaria Script","Fragrance","Exact bottle/product image + direct image URL","https://www.oakcha.com/products/fragaria-script","FACTORY_REBUILD_FROM_CANONICAL_TRUTH",""
"1089","Oakcha","Frosted Spirit","Fragrance","Exact bottle/product image + direct image URL","https://www.oakcha.com/products/frosted-spirit","FACTORY_REBUILD_FROM_CANONICAL_TRUTH",""
"1090","Oakcha","Garden of Lusail","Fragrance","Exact bottle/product image + direct image URL","https://www.oakcha.com/products/garden-of-lusail","FACTORY_REBUILD_FROM_CANONICAL_TRUTH",""
"1091","Oakcha","Gilded Nomad","Fragrance","Exact bottle/product image + direct image URL","https://www.oakcha.com/products/gilded-nomad","FACTORY_REBUILD_FROM_CANONICAL_TRUTH",""
"1092","Oakcha","Gilded Pod","Fragrance","Exact bottle/product image + direct image URL","https://www.oakcha.com/products/gilded-pod","FACTORY_REBUILD_FROM_CANONICAL_TRUTH",""
"1093","Oakcha","Gold Gem","Fragrance","Exact bottle/product image + direct image URL","https://www.oakcha.com/products/gold-gem","FACTORY_REBUILD_FROM_CANONICAL_TRUTH",""
"1094","Oakcha","Golden Slumber","Fragrance","Exact bottle/product image + direct image URL","https://www.oakcha.com/products/golden-slumber","FACTORY_REBUILD_FROM_CANONICAL_TRUTH",""
"1095","Oakcha","Goldie Tailor","Fragrance","Exact bottle/product image + direct image URL","https://www.oakcha.com/products/goldie-tailor","FACTORY_REBUILD_FROM_CANONICAL_TRUTH",""
"1096","Oakcha","Gossamer Petal","Fragrance","Exact bottle/product image + direct image URL","https://www.oakcha.com/products/gossamer-petal","FACTORY_REBUILD_FROM_CANONICAL_TRUTH",""
"1097","Oakcha","Gotham Dust","Fragrance","Exact bottle/product image + direct image URL","https://www.oakcha.com/products/gotham-dust","FACTORY_REBUILD_FROM_CANONICAL_TRUTH",""
"1098","Oakcha","Granite Sky","Fragrance","Exact bottle/product image + direct image URL","https://www.oakcha.com/products/granite-sky","FACTORY_REBUILD_FROM_CANONICAL_TRUTH",""
"1099","Oakcha","Gypsy Beats","Fragrance","Exact bottle/product image + direct image URL","https://www.oakcha.com/products/gypsy-beats","FACTORY_REBUILD_FROM_CANONICAL_TRUTH",""
"1100","Oakcha","Hallowed Bloom","Fragrance","Exact bottle/product image + direct image URL","https://www.oakcha.com/products/hallowed-bloom","FACTORY_REBUILD_FROM_CANONICAL_TRUTH",""
"1101","Oakcha","Halo Eclipse","Fragrance","Exact bottle/product image + direct image URL","https://www.oakcha.com/products/halo-eclipse","FACTORY_REBUILD_FROM_CANONICAL_TRUTH",""
"1102","Oakcha","Heartbreak","Fragrance","Exact bottle/product image + direct image URL","https://www.oakcha.com/products/heartbreak","FACTORY_REBUILD_FROM_CANONICAL_TRUTH",""
"1103","Oakcha","Heavens Speak","Fragrance","Exact bottle/product image + direct image URL","https://www.oakcha.com/products/heavens-speak","FACTORY_REBUILD_FROM_CANONICAL_TRUTH",""
"1104","Oakcha","High Coral","Fragrance","Exact bottle/product image + direct image URL","https://www.oakcha.com/products/high-coral","FACTORY_REBUILD_FROM_CANONICAL_TRUTH",""
"1105","Oakcha","Indigo Resin","Fragrance","Exact bottle/product image + direct image URL","https://www.oakcha.com/products/indigo-resin","FACTORY_REBUILD_FROM_CANONICAL_TRUTH",""
"1106","Oakcha","Indigo Roots","Fragrance","Exact bottle/product image + direct image URL","https://www.oakcha.com/products/indigo-roots","FACTORY_REBUILD_FROM_CANONICAL_TRUTH",""
"1107","Oakcha","Ineffable","Fragrance","Exact bottle/product image + direct image URL","https://www.oakcha.com/products/ineffable","FACTORY_REBUILD_FROM_CANONICAL_TRUTH",""
"1108","Oakcha","Infinite","Fragrance","Exact bottle/product image + direct image URL","https://www.oakcha.com/products/infinite","FACTORY_REBUILD_FROM_CANONICAL_TRUTH",""
"1109","Oakcha","Iris Illusion","Fragrance","Exact bottle/product image + direct image URL","https://www.oakcha.com/products/iris-illusion","FACTORY_REBUILD_FROM_CANONICAL_TRUTH",""
"1110","Oakcha","Ironleaf","Fragrance","Exact bottle/product image + direct image URL","https://www.oakcha.com/products/ironleaf","FACTORY_REBUILD_FROM_CANONICAL_TRUTH",""
"1111","Oakcha","Island Odyssey","Fragrance","Exact bottle/product image + direct image URL","https://www.oakcha.com/products/island-odyssey","FACTORY_REBUILD_FROM_CANONICAL_TRUTH",""
"1112","Oakcha","Italian Cello","Fragrance","Exact bottle/product image + direct image URL","https://www.oakcha.com/products/italian-cello","FACTORY_REBUILD_FROM_CANONICAL_TRUTH",""
"1113","Oakcha","Ivory Sap","Fragrance","Exact bottle/product image + direct image URL","https://www.oakcha.com/products/ivory-sap","FACTORY_REBUILD_FROM_CANONICAL_TRUTH",""
"1114","Oakcha","Jasmine Blossom","Fragrance","Exact bottle/product image + direct image URL","https://www.oakcha.com/products/jasmine-blossom","FACTORY_REBUILD_FROM_CANONICAL_TRUTH",""
"1115","Oakcha","Kalahari","Fragrance","Exact bottle/product image + direct image URL","https://www.oakcha.com/products/kalahari","FACTORY_REBUILD_FROM_CANONICAL_TRUTH",""
"1116","Oakcha","Kalon","Fragrance","Exact bottle/product image + direct image URL","https://www.oakcha.com/products/kalon","FACTORY_REBUILD_FROM_CANONICAL_TRUTH",""
"1117","Oakcha","Kissed Glow -","Fragrance","Exact bottle/product image + direct image URL","https://www.oakcha.com/products/kissed-glow-copy","FACTORY_REBUILD_FROM_CANONICAL_TRUTH",""
"1118","Oakcha","Koda","Fragrance","Exact bottle/product image + direct image URL","https://www.oakcha.com/products/koda","FACTORY_REBUILD_FROM_CANONICAL_TRUTH",""
"1119","Oakcha","Konigsduft","Fragrance","Exact bottle/product image + direct image URL","https://www.oakcha.com/products/konigsduft","FACTORY_REBUILD_FROM_CANONICAL_TRUTH",""
"1120","Oakcha","Lavender Stem","Fragrance","Exact bottle/product image + direct image URL","https://www.oakcha.com/products/lavender-stem","FACTORY_REBUILD_FROM_CANONICAL_TRUTH",""
"1121","Oakcha","Lavish","Fragrance","Exact bottle/product image + direct image URL","https://www.oakcha.com/products/lavish","FACTORY_REBUILD_FROM_CANONICAL_TRUTH",""
"1122","Oakcha","Le Funky","Fragrance","Exact bottle/product image + direct image URL","https://www.oakcha.com/products/le-funky","FACTORY_REBUILD_FROM_CANONICAL_TRUTH",""
"1123","Oakcha","Legacy League","Fragrance","Exact bottle/product image + direct image URL","https://www.oakcha.com/products/legacy-league","FACTORY_REBUILD_FROM_CANONICAL_TRUTH",""
"1124","Oakcha","Lemon Cake","Fragrance","Exact bottle/product image + direct image URL","https://www.oakcha.com/products/lemon-cake","FACTORY_REBUILD_FROM_CANONICAL_TRUTH",""
"1125","Oakcha","Liberty Nude","Fragrance","Exact bottle/product image + direct image URL","https://www.oakcha.com/products/liberty-nude","FACTORY_REBUILD_FROM_CANONICAL_TRUTH",""
"1126","Oakcha","Libra Elixir","Fragrance","Exact bottle/product image + direct image URL","https://www.oakcha.com/products/libra-elixir","FACTORY_REBUILD_FROM_CANONICAL_TRUTH",""
"1127","Oakcha","Lost in Ink","Fragrance","Exact bottle/product image + direct image URL","https://www.oakcha.com/products/lost-in-ink","FACTORY_REBUILD_FROM_CANONICAL_TRUTH",""
"1128","Oakcha","Love in Rome -","Fragrance","Exact bottle/product image + direct image URL","https://www.oakcha.com/products/love-in-rome-copy","FACTORY_REBUILD_FROM_CANONICAL_TRUTH",""
"1129","Oakcha","Lullaby","Fragrance","Exact bottle/product image + direct image URL","https://www.oakcha.com/products/lullaby","FACTORY_REBUILD_FROM_CANONICAL_TRUTH",""
"1130","Oakcha","Lumina Essence","Fragrance","Exact bottle/product image + direct image URL","https://www.oakcha.com/products/lumina-essence","FACTORY_REBUILD_FROM_CANONICAL_TRUTH",""
"1131","Oakcha","Lunar Cipher","Fragrance","Exact bottle/product image + direct image URL","https://www.oakcha.com/products/lunar-cipher","FACTORY_REBUILD_FROM_CANONICAL_TRUTH",""
"1132","Oakcha","Madame Rose","Fragrance","Exact bottle/product image + direct image URL","https://www.oakcha.com/products/madame-rose","FACTORY_REBUILD_FROM_CANONICAL_TRUTH",""
"1133","Oakcha","Mango Hour | Viral Vanilla","Fragrance","Exact bottle/product image + direct image URL","https://www.oakcha.com/products/mango-hour","FACTORY_REBUILD_FROM_CANONICAL_TRUTH",""
"1134","Oakcha","Mango Mousse","Fragrance","Exact bottle/product image + direct image URL","https://www.oakcha.com/products/mango-mousse","FACTORY_REBUILD_FROM_CANONICAL_TRUTH",""
"1135","Oakcha","Marshmallow Mist","Fragrance","Exact bottle/product image + direct image URL","https://www.oakcha.com/products/marshmallow-mist","FACTORY_REBUILD_FROM_CANONICAL_TRUTH",""
"1136","Oakcha","Matcha Ritual","Fragrance","Exact bottle/product image + direct image URL","https://www.oakcha.com/products/matcha-ritual","FACTORY_REBUILD_FROM_CANONICAL_TRUTH",""
"1137","Oakcha","Melting Embers","Fragrance","Exact bottle/product image + direct image URL","https://www.oakcha.com/products/melting-embers","FACTORY_REBUILD_FROM_CANONICAL_TRUTH",""
"1138","Oakcha","Midnight Nymph","Fragrance","Exact bottle/product image + direct image URL","https://www.oakcha.com/products/midnight-nymph","FACTORY_REBUILD_FROM_CANONICAL_TRUTH",""
"1139","Oakcha","Milk Skin","Fragrance","Exact bottle/product image + direct image URL","https://www.oakcha.com/products/milk-skin","FACTORY_REBUILD_FROM_CANONICAL_TRUTH",""
"1140","Oakcha","Milky Bloom","Fragrance","Exact bottle/product image + direct image URL","https://www.oakcha.com/products/milky-bloom","FACTORY_REBUILD_FROM_CANONICAL_TRUTH",""
"1141","Oakcha","Mind's Mirror","Fragrance","Exact bottle/product image + direct image URL","https://www.oakcha.com/products/minds-mirror","FACTORY_REBUILD_FROM_CANONICAL_TRUTH",""
"1142","Oakcha","Mint Squeeze","Fragrance","Exact bottle/product image + direct image URL","https://www.oakcha.com/products/mint-squeeze","FACTORY_REBUILD_FROM_CANONICAL_TRUTH",""
"1143","Oakcha","Miss Girl -","Fragrance","Exact bottle/product image + direct image URL","https://www.oakcha.com/products/miss-girl-100ml","FACTORY_REBUILD_FROM_CANONICAL_TRUTH",""
"1144","Oakcha","Mistflora","Fragrance","Exact bottle/product image + direct image URL","https://www.oakcha.com/products/mistflora","FACTORY_REBUILD_FROM_CANONICAL_TRUTH",""
"1145","Oakcha","Moira","Fragrance","Exact bottle/product image + direct image URL","https://www.oakcha.com/products/moira","FACTORY_REBUILD_FROM_CANONICAL_TRUTH",""
"1146","Oakcha","Moonlit","Fragrance","Exact bottle/product image + direct image URL","https://www.oakcha.com/products/moonlit","FACTORY_REBUILD_FROM_CANONICAL_TRUTH",""
"1147","Oakcha","Moontide","Fragrance","Exact bottle/product image + direct image URL","https://www.oakcha.com/products/moontide","FACTORY_REBUILD_FROM_CANONICAL_TRUTH",""
"1148","Oakcha","Morning Rain","Fragrance","Exact bottle/product image + direct image URL","https://www.oakcha.com/products/morning-rain","FACTORY_REBUILD_FROM_CANONICAL_TRUTH",""
"1149","Oakcha","Muse of Rumi","Fragrance","Exact bottle/product image + direct image URL","https://www.oakcha.com/products/muse-of-rumi","FACTORY_REBUILD_FROM_CANONICAL_TRUTH",""
"1150","Oakcha","Mystical Oud","Fragrance","Exact bottle/product image + direct image URL","https://www.oakcha.com/products/mystical-oud","FACTORY_REBUILD_FROM_CANONICAL_TRUTH",""
"1151","Oakcha","Nebula","Fragrance","Exact bottle/product image + direct image URL","https://www.oakcha.com/products/nebula","FACTORY_REBUILD_FROM_CANONICAL_TRUTH",""
"1152","Oakcha","Nectar Whirl","Fragrance","Exact bottle/product image + direct image URL","https://www.oakcha.com/products/nectar-whirl","FACTORY_REBUILD_FROM_CANONICAL_TRUTH",""
"1153","Oakcha","Neon Stem","Fragrance","Exact bottle/product image + direct image URL","https://www.oakcha.com/products/neon-stem","FACTORY_REBUILD_FROM_CANONICAL_TRUTH",""
"1154","Oakcha","Nocturnal Daydream","Fragrance","Exact bottle/product image + direct image URL","https://www.oakcha.com/products/nocturnal-daydream","FACTORY_REBUILD_FROM_CANONICAL_TRUTH",""
"1155","Oakcha","Nyxian","Fragrance","Exact bottle/product image + direct image URL","https://www.oakcha.com/products/nyxian","FACTORY_REBUILD_FROM_CANONICAL_TRUTH",""
"1156","Oakcha","Ocean of Gold","Fragrance","Exact bottle/product image + direct image URL","https://www.oakcha.com/products/ocean-of-gold","FACTORY_REBUILD_FROM_CANONICAL_TRUTH",""
"1157","Oakcha","Only Mine","Fragrance","Exact bottle/product image + direct image URL","https://www.oakcha.com/products/only-mine","FACTORY_REBUILD_FROM_CANONICAL_TRUTH",""
"1158","Oakcha","Open Skin","Fragrance","Exact bottle/product image + direct image URL","https://www.oakcha.com/products/open-skin","FACTORY_REBUILD_FROM_CANONICAL_TRUTH",""
"1159","Oakcha","Orchid Water","Fragrance","Exact bottle/product image + direct image URL","https://www.oakcha.com/products/orchid-water","FACTORY_REBUILD_FROM_CANONICAL_TRUTH",""
"1160","Oakcha","Orphic","Fragrance","Exact bottle/product image + direct image URL","https://www.oakcha.com/products/orphic","FACTORY_REBUILD_FROM_CANONICAL_TRUTH",""
"1161","Oakcha","Pacific Timber","Fragrance","Exact bottle/product image + direct image URL","https://www.oakcha.com/products/pacific-timber","FACTORY_REBUILD_FROM_CANONICAL_TRUTH",""
"1162","Oakcha","Parallel","Fragrance","Exact bottle/product image + direct image URL","https://www.oakcha.com/products/parallel","FACTORY_REBUILD_FROM_CANONICAL_TRUTH",""
"1163","Oakcha","Paris Bloom","Fragrance","Exact bottle/product image + direct image URL","https://www.oakcha.com/products/paris-bloom","FACTORY_REBUILD_FROM_CANONICAL_TRUTH",""
"1164","Oakcha","Peach Rings","Fragrance","Exact bottle/product image + direct image URL","https://www.oakcha.com/products/peach-rings","FACTORY_REBUILD_FROM_CANONICAL_TRUTH",""
"1165","Oakcha","Pearl 22","Fragrance","Exact bottle/product image + direct image URL","https://www.oakcha.com/products/pearl-22","FACTORY_REBUILD_FROM_CANONICAL_TRUTH",""
"1166","Oakcha","Petal Fetish","Fragrance","Exact bottle/product image + direct image URL","https://www.oakcha.com/products/petal-fetish","FACTORY_REBUILD_FROM_CANONICAL_TRUTH",""
"1167","Oakcha","Pink Euphoria","Fragrance","Exact bottle/product image + direct image URL","https://www.oakcha.com/products/pink-euphoria","FACTORY_REBUILD_FROM_CANONICAL_TRUTH",""
"1168","Oakcha","Plus One","Fragrance","Exact bottle/product image + direct image URL","https://www.oakcha.com/products/plus-one","FACTORY_REBUILD_FROM_CANONICAL_TRUTH",""
"1169","Oakcha","Point of No Return","Fragrance","Exact bottle/product image + direct image URL","https://www.oakcha.com/products/point-of-no-return","FACTORY_REBUILD_FROM_CANONICAL_TRUTH",""
"1170","Oakcha","Pool Party","Fragrance","Exact bottle/product image + direct image URL","https://www.oakcha.com/products/pool-party","FACTORY_REBUILD_FROM_CANONICAL_TRUTH",""
"1171","Oakcha","Praise the Perfume -","Fragrance","Exact bottle/product image + direct image URL","https://www.oakcha.com/products/praise-the-perfume-copy","FACTORY_REBUILD_FROM_CANONICAL_TRUTH",""
"1172","Oakcha","Prism","Fragrance","Exact bottle/product image + direct image URL","https://www.oakcha.com/products/prism","FACTORY_REBUILD_FROM_CANONICAL_TRUTH",""
"1173","Oakcha","Prismatic Pulse","Fragrance","Exact bottle/product image + direct image URL","https://www.oakcha.com/products/prismatic-pulse","FACTORY_REBUILD_FROM_CANONICAL_TRUTH",""
"1174","Oakcha","Pumpkin Cream","Fragrance","Exact bottle/product image + direct image URL","https://www.oakcha.com/products/pumpkin-cream","FACTORY_REBUILD_FROM_CANONICAL_TRUTH",""
"1175","Oakcha","Pure Veil","Fragrance","Exact bottle/product image + direct image URL","https://www.oakcha.com/products/pure-veil","FACTORY_REBUILD_FROM_CANONICAL_TRUTH",""
"1176","Oakcha","Real Muse","Fragrance","Exact bottle/product image + direct image URL","https://www.oakcha.com/products/real-muse","FACTORY_REBUILD_FROM_CANONICAL_TRUTH",""
"1177","Oakcha","Reborn Lust","Fragrance","Exact bottle/product image + direct image URL","https://www.oakcha.com/products/reborn-lust","FACTORY_REBUILD_FROM_CANONICAL_TRUTH",""
"1178","Oakcha","Recharged","Fragrance","Exact bottle/product image + direct image URL","https://www.oakcha.com/products/recharged","FACTORY_REBUILD_FROM_CANONICAL_TRUTH",""
"1179","Oakcha","Rooibos Reserve","Fragrance","Exact bottle/product image + direct image URL","https://www.oakcha.com/products/rooibos-reserve","FACTORY_REBUILD_FROM_CANONICAL_TRUTH",""
"1180","Oakcha","Rosalina","Fragrance","Exact bottle/product image + direct image URL","https://www.oakcha.com/products/rosalina","FACTORY_REBUILD_FROM_CANONICAL_TRUTH",""
"1181","Oakcha","Royal Loom","Fragrance","Exact bottle/product image + direct image URL","https://www.oakcha.com/products/royal-loom","FACTORY_REBUILD_FROM_CANONICAL_TRUTH",""
"1182","Oakcha","Ruby 34","Fragrance","Exact bottle/product image + direct image URL","https://www.oakcha.com/products/ruby-34","FACTORY_REBUILD_FROM_CANONICAL_TRUTH",""
"1183","Oakcha","Ruhe","Fragrance","Exact bottle/product image + direct image URL","https://www.oakcha.com/products/ruhe","FACTORY_REBUILD_FROM_CANONICAL_TRUTH",""
"1184","Oakcha","Sacred Scandal","Fragrance","Exact bottle/product image + direct image URL","https://www.oakcha.com/products/sacred-scandal","FACTORY_REBUILD_FROM_CANONICAL_TRUTH",""
"1185","Oakcha","Saffron Citadel","Fragrance","Exact bottle/product image + direct image URL","https://www.oakcha.com/products/saffron-citadel","FACTORY_REBUILD_FROM_CANONICAL_TRUTH",""
"1186","Oakcha","Sand Crystal","Fragrance","Exact bottle/product image + direct image URL","https://www.oakcha.com/products/sand-crystal","FACTORY_REBUILD_FROM_CANONICAL_TRUTH",""
"1187","Oakcha","Santorini Sails","Fragrance","Exact bottle/product image + direct image URL","https://www.oakcha.com/products/santorini-sails","FACTORY_REBUILD_FROM_CANONICAL_TRUTH",""
"1188","Oakcha","Sapphire 7","Fragrance","Exact bottle/product image + direct image URL","https://www.oakcha.com/products/sapphire-7","FACTORY_REBUILD_FROM_CANONICAL_TRUTH",""
"1189","Oakcha","Sarang","Fragrance","Exact bottle/product image + direct image URL","https://www.oakcha.com/products/sarang","FACTORY_REBUILD_FROM_CANONICAL_TRUTH",""
"1190","Oakcha","Scarlet Rhythm","Fragrance","Exact bottle/product image + direct image URL","https://www.oakcha.com/products/scarlet-rhythm","FACTORY_REBUILD_FROM_CANONICAL_TRUTH",""
"1191","Oakcha","Secret Duchess","Fragrance","Exact bottle/product image + direct image URL","https://www.oakcha.com/products/secret-duchess","FACTORY_REBUILD_FROM_CANONICAL_TRUTH",""
"1192","Oakcha","Secret Lagoon","Fragrance","Exact bottle/product image + direct image URL","https://www.oakcha.com/products/secret-lagoon","FACTORY_REBUILD_FROM_CANONICAL_TRUTH",""
"1193","Oakcha","Senora","Fragrance","Exact bottle/product image + direct image URL","https://www.oakcha.com/products/senora","FACTORY_REBUILD_FROM_CANONICAL_TRUTH",""
"1194","Oakcha","Seven Skies","Fragrance","Exact bottle/product image + direct image URL","https://www.oakcha.com/products/seven-skies","FACTORY_REBUILD_FROM_CANONICAL_TRUTH",""
"1195","Oakcha","Shined Body","Fragrance","Exact bottle/product image + direct image URL","https://www.oakcha.com/products/shined-body","FACTORY_REBUILD_FROM_CANONICAL_TRUTH",""
"1196","Oakcha","Sienna","Fragrance","Exact bottle/product image + direct image URL","https://www.oakcha.com/products/sienna","FACTORY_REBUILD_FROM_CANONICAL_TRUTH",""
"1197","Oakcha","Silent Melody","Fragrance","Exact bottle/product image + direct image URL","https://www.oakcha.com/products/silent-melody","FACTORY_REBUILD_FROM_CANONICAL_TRUTH",""
"1198","Oakcha","Silk Dew","Fragrance","Exact bottle/product image + direct image URL","https://www.oakcha.com/products/silk-dew","FACTORY_REBUILD_FROM_CANONICAL_TRUTH",""
"1199","Oakcha","Sinful -","Fragrance","Exact bottle/product image + direct image URL","https://www.oakcha.com/products/sinful-100ml","FACTORY_REBUILD_FROM_CANONICAL_TRUTH",""
"1200","Oakcha","Sinful Smoke","Fragrance","Exact bottle/product image + direct image URL","https://www.oakcha.com/products/sinful-smoke","FACTORY_REBUILD_FROM_CANONICAL_TRUTH",""
"1201","Oakcha","Snowy Sun","Fragrance","Exact bottle/product image + direct image URL","https://www.oakcha.com/products/snowy-sun","FACTORY_REBUILD_FROM_CANONICAL_TRUTH",""
"1202","Oakcha","Soft Static","Fragrance","Exact bottle/product image + direct image URL","https://www.oakcha.com/products/soft-static","FACTORY_REBUILD_FROM_CANONICAL_TRUTH",""
"1203","Oakcha","Solar Shore","Fragrance","Exact bottle/product image + direct image URL","https://www.oakcha.com/products/solar-shore","FACTORY_REBUILD_FROM_CANONICAL_TRUTH",""
"1204","Oakcha","Sorcery","Fragrance","Exact bottle/product image + direct image URL","https://www.oakcha.com/products/sorcery","FACTORY_REBUILD_FROM_CANONICAL_TRUTH",""
"1205","Oakcha","Sorelle","Fragrance","Exact bottle/product image + direct image URL","https://www.oakcha.com/products/sorelle","FACTORY_REBUILD_FROM_CANONICAL_TRUTH",""
"1206","Oakcha","Speakeasy","Fragrance","Exact bottle/product image + direct image URL","https://www.oakcha.com/products/speakeasy","FACTORY_REBUILD_FROM_CANONICAL_TRUTH",""
"1207","Oakcha","Static Bond","Fragrance","Exact bottle/product image + direct image URL","https://www.oakcha.com/products/static-bond","FACTORY_REBUILD_FROM_CANONICAL_TRUTH",""
"1208","Oakcha","Steamed Milk","Fragrance","Exact bottle/product image + direct image URL","https://www.oakcha.com/products/steamed-milk","FACTORY_REBUILD_FROM_CANONICAL_TRUTH",""
"1209","Oakcha","Still Gold","Fragrance","Exact bottle/product image + direct image URL","https://www.oakcha.com/products/still-gold","FACTORY_REBUILD_FROM_CANONICAL_TRUTH",""
"1210","Oakcha","Stitched Leather","Fragrance","Exact bottle/product image + direct image URL","https://www.oakcha.com/products/stitched-leather","FACTORY_REBUILD_FROM_CANONICAL_TRUTH",""
"1211","Oakcha","Strawberry Sensation","Fragrance","Exact bottle/product image + direct image URL","https://www.oakcha.com/products/strawberry-sensation","FACTORY_REBUILD_FROM_CANONICAL_TRUTH",""
"1212","Oakcha","Street Art","Fragrance","Exact bottle/product image + direct image URL","https://www.oakcha.com/products/street-art","FACTORY_REBUILD_FROM_CANONICAL_TRUTH",""
"1213","Oakcha","Sugar Rush","Fragrance","Exact bottle/product image + direct image URL","https://www.oakcha.com/products/sugar-rush","FACTORY_REBUILD_FROM_CANONICAL_TRUTH",""
"1214","Oakcha","Sundrenched","Fragrance","Exact bottle/product image + direct image URL","https://www.oakcha.com/products/sundrenched","FACTORY_REBUILD_FROM_CANONICAL_TRUTH",""
"1215","Oakcha","Sunkissed","Fragrance","Exact bottle/product image + direct image URL","https://www.oakcha.com/products/sunkissed","FACTORY_REBUILD_FROM_CANONICAL_TRUTH",""
"1216","Oakcha","Sunrise Blush","Fragrance","Exact bottle/product image + direct image URL","https://www.oakcha.com/products/sunrise-blush","FACTORY_REBUILD_FROM_CANONICAL_TRUTH",""
"1217","Oakcha","Sweet Addict -","Fragrance","Exact bottle/product image + direct image URL","https://www.oakcha.com/products/sweet-addict-copy","FACTORY_REBUILD_FROM_CANONICAL_TRUTH",""
"1218","Oakcha","Sweven -","Fragrance","Exact bottle/product image + direct image URL","https://www.oakcha.com/products/sweven-100ml","FACTORY_REBUILD_FROM_CANONICAL_TRUTH",""
"1219","Oakcha","Tango Noir","Fragrance","Exact bottle/product image + direct image URL","https://www.oakcha.com/products/tango-noir","FACTORY_REBUILD_FROM_CANONICAL_TRUTH",""
"1220","Oakcha","Tectonic Flora","Fragrance","Exact bottle/product image + direct image URL","https://www.oakcha.com/products/tectonic-flora","FACTORY_REBUILD_FROM_CANONICAL_TRUTH",""
"1221","Oakcha","Terrawood","Fragrance","Exact bottle/product image + direct image URL","https://www.oakcha.com/products/terrawood","FACTORY_REBUILD_FROM_CANONICAL_TRUTH",""
"1222","Oakcha","That Girl | Viral Vanilla -","Fragrance","Exact bottle/product image + direct image URL","https://www.oakcha.com/products/that-girl-viral-vanilla-copy","FACTORY_REBUILD_FROM_CANONICAL_TRUTH",""
"1223","Oakcha","The Beekeeper","Fragrance","Exact bottle/product image + direct image URL","https://www.oakcha.com/products/the-beekeeper","FACTORY_REBUILD_FROM_CANONICAL_TRUTH",""
"1224","Oakcha","The Monograph","Fragrance","Exact bottle/product image + direct image URL","https://www.oakcha.com/products/the-monograph","FACTORY_REBUILD_FROM_CANONICAL_TRUTH",""
"1225","Oakcha","Titan","Fragrance","Exact bottle/product image + direct image URL","https://www.oakcha.com/products/titan","FACTORY_REBUILD_FROM_CANONICAL_TRUTH",""
"1226","Oakcha","Torrid Day","Fragrance","Exact bottle/product image + direct image URL","https://www.oakcha.com/products/torrid-day","FACTORY_REBUILD_FROM_CANONICAL_TRUTH",""
"1227","Oakcha","Tropic Frost","Fragrance","Exact bottle/product image + direct image URL","https://www.oakcha.com/products/tropic-frost","FACTORY_REBUILD_FROM_CANONICAL_TRUTH",""
"1228","Oakcha","Tuxedo Hour","Fragrance","Exact bottle/product image + direct image URL","https://www.oakcha.com/products/tuxedo-hour","FACTORY_REBUILD_FROM_CANONICAL_TRUTH",""
"1229","Oakcha","Ukiyo","Fragrance","Exact bottle/product image + direct image URL","https://www.oakcha.com/products/ukiyo","FACTORY_REBUILD_FROM_CANONICAL_TRUTH",""
"1230","Oakcha","Unveiled Orchid","Fragrance","Exact bottle/product image + direct image URL","https://www.oakcha.com/products/unveiled-orchid","FACTORY_REBUILD_FROM_CANONICAL_TRUTH",""
"1231","Oakcha","Valor","Fragrance","Exact bottle/product image + direct image URL","https://www.oakcha.com/products/valor","FACTORY_REBUILD_FROM_CANONICAL_TRUTH",""
"1232","Oakcha","Vanilla Gelato","Fragrance","Exact bottle/product image + direct image URL","https://www.oakcha.com/products/vanilla-gelato","FACTORY_REBUILD_FROM_CANONICAL_TRUTH",""
"1233","Oakcha","Vanilla Glaze","Fragrance","Exact bottle/product image + direct image URL","https://www.oakcha.com/products/vanilla-glaze","FACTORY_REBUILD_FROM_CANONICAL_TRUTH",""
"1234","Oakcha","Vanilla Vacay","Fragrance","Exact bottle/product image + direct image URL","https://www.oakcha.com/products/vanilla-vacay","FACTORY_REBUILD_FROM_CANONICAL_TRUTH",""
"1235","Oakcha","Vault No. 69","Fragrance","Exact bottle/product image + direct image URL","https://www.oakcha.com/products/vault-no-69","FACTORY_REBUILD_FROM_CANONICAL_TRUTH",""
"1236","Oakcha","Velvet Sovereign","Fragrance","Exact bottle/product image + direct image URL","https://www.oakcha.com/products/velvet-sovereign","FACTORY_REBUILD_FROM_CANONICAL_TRUTH",""
"1237","Oakcha","Verdant","Fragrance","Exact bottle/product image + direct image URL","https://www.oakcha.com/products/verdant","FACTORY_REBUILD_FROM_CANONICAL_TRUTH",""
"1238","Oakcha","Vermillion Heat","Fragrance","Exact bottle/product image + direct image URL","https://www.oakcha.com/products/vermillion-heat","FACTORY_REBUILD_FROM_CANONICAL_TRUTH",""
"1239","Oakcha","Verse 22","Fragrance","Exact bottle/product image + direct image URL","https://www.oakcha.com/products/verse-22","FACTORY_REBUILD_FROM_CANONICAL_TRUTH",""
"1240","Oakcha","Vivid Pulse","Fragrance","Exact bottle/product image + direct image URL","https://www.oakcha.com/products/vivid-pulse","FACTORY_REBUILD_FROM_CANONICAL_TRUTH",""
"1241","Oakcha","Volt & Vetiver","Fragrance","Exact bottle/product image + direct image URL","https://www.oakcha.com/products/volt-vetiver","FACTORY_REBUILD_FROM_CANONICAL_TRUTH",""
"1242","Oakcha","Waning Rose","Fragrance","Exact bottle/product image + direct image URL","https://www.oakcha.com/products/waning-rose","FACTORY_REBUILD_FROM_CANONICAL_TRUTH",""
"1243","Oakcha","Watermelon Jam -","Fragrance","Exact bottle/product image + direct image URL","https://www.oakcha.com/products/watermelon-jam-copy","FACTORY_REBUILD_FROM_CANONICAL_TRUTH",""
"1244","Oakcha","White Fig","Fragrance","Exact bottle/product image + direct image URL","https://www.oakcha.com/products/white-fig","FACTORY_REBUILD_FROM_CANONICAL_TRUTH",""
"1245","Oakcha","White Tea House","Fragrance","Exact bottle/product image + direct image URL","https://www.oakcha.com/products/white-tea-house","FACTORY_REBUILD_FROM_CANONICAL_TRUTH",""
"1246","Oakcha","Why","Fragrance","Exact bottle/product image + direct image URL","https://www.oakcha.com/products/why","FACTORY_REBUILD_FROM_CANONICAL_TRUTH",""
"1247","Oakcha","Yuzu Spark","Fragrance","Exact bottle/product image + direct image URL","https://www.oakcha.com/products/yuzu-spark","FACTORY_REBUILD_FROM_CANONICAL_TRUTH",""
"1248","Oakcha","Zealot","Fragrance","Exact bottle/product image + direct image URL","https://www.oakcha.com/products/zealot","FACTORY_REBUILD_FROM_CANONICAL_TRUTH",""
"1249","Oakcha","Zen Escape","Fragrance","Exact bottle/product image + direct image URL","https://www.oakcha.com/products/zen-escape","FACTORY_REBUILD_FROM_CANONICAL_TRUTH",""
"1250","Parfums de Marly","CARIOS","Eau de Parfum","Exact bottle/product image + direct image URL","https://us.parfums-de-marly.com/products/carios","FACTORY_REBUILD_FROM_CANONICAL_TRUTH",""
"1251","Parfums de Marly","ENGRAVING","Fragrance","Exact bottle/product image + direct image URL","https://us.parfums-de-marly.com/products/engraving","FACTORY_REBUILD_FROM_CANONICAL_TRUTH",""
"1252","Parfums de Marly","ERAGON","Eau de Parfum","Exact bottle/product image + direct image URL","https://us.parfums-de-marly.com/products/eragon","FACTORY_REBUILD_FROM_CANONICAL_TRUTH",""
"1253","Parfums de Marly","GIFTING - LARGE BOX","Fragrance","Exact bottle/product image + direct image URL","https://us.parfums-de-marly.com/products/gifting-large-box","FACTORY_REBUILD_FROM_CANONICAL_TRUTH",""
"1254","Parfums de Marly","GIFTING - MEDIUM BOX","Fragrance","Exact bottle/product image + direct image URL","https://us.parfums-de-marly.com/products/gifting-medium-box","FACTORY_REBUILD_FROM_CANONICAL_TRUTH",""
"1255","Parfums de Marly","VALERO","Eau de Parfum","Exact bottle/product image + direct image URL","https://us.parfums-de-marly.com/products/valero","FACTORY_REBUILD_FROM_CANONICAL_TRUTH",""
"1256","Paris Corner","INTENSE OUD SAFFRON","Eau de Parfum","Exact bottle/product image + direct image URL","https://www.pariscornerperfumes.com/products/intense-oud-saffron","FACTORY_REBUILD_FROM_CANONICAL_TRUTH",""
"1257","Paris Corner","MINISTRY OF OUD SIGNATURE SET","Eau de Parfum","Exact bottle/product image + direct image URL","https://www.pariscornerperfumes.com/products/ministry-of-oud-50ml-signature-set","FACTORY_REBUILD_FROM_CANONICAL_TRUTH",""
"1258","Paris Corner","NORTH STAG SET OF THREE","Eau de Parfum","Exact bottle/product image + direct image URL","https://www.pariscornerperfumes.com/products/north-stag-set-of-three","FACTORY_REBUILD_FROM_CANONICAL_TRUTH",""
"1259","Rasasi","Hawas For Her","Eau de Parfum","Exact bottle/product image + direct image URL","https://rasasistore.com/products/hawas-for-her","FACTORY_REBUILD_FROM_CANONICAL_TRUTH",""
"1260","Rasasi","Hawas For Him","Eau de Parfum","Exact bottle/product image + direct image URL","https://rasasistore.com/products/hawas-for-him","FACTORY_REBUILD_FROM_CANONICAL_TRUTH",""
"1261","Rasasi","Hawas His & Hers Discovery Quartet","Perfume","Exact bottle/product image + direct image URL","https://rasasistore.com/products/hawas-his-and-hers-discovery-quartet","FACTORY_REBUILD_FROM_CANONICAL_TRUTH",""
"1262","Rasasi","Rafan for Her","Eau de Parfum","Exact bottle/product image + direct image URL","https://rasasistore.com/products/rafan-for-her","FACTORY_REBUILD_FROM_CANONICAL_TRUTH",""
"1263","Rasasi","Rafan for Him","Eau de Parfum","Exact bottle/product image + direct image URL","https://rasasistore.com/products/rafan-for-him","FACTORY_REBUILD_FROM_CANONICAL_TRUTH",""
"1264","Rasasi","Talcum Powder Romance","Eau de Parfum","Exact bottle/product image + direct image URL","https://rasasistore.com/products/talcum-powder-romance-women-60-gms","FACTORY_REBUILD_FROM_CANONICAL_TRUTH",""
"1265","Sapil","Berry Crush","Fragrance","Exact bottle/product image + direct image URL","https://sapil.com/products/berry-crush-eau-de-parfum-100ml","FACTORY_REBUILD_FROM_CANONICAL_TRUTH",""
"1266","Sapil","Bound","Fragrance","Exact bottle/product image + direct image URL","https://sapil.com/products/boundm_deo","FACTORY_REBUILD_FROM_CANONICAL_TRUTH",""
"1267","Sapil","Caresse","Eau de Parfum","Exact bottle/product image + direct image URL","https://sapil.com/products/caresse","FACTORY_REBUILD_FROM_CANONICAL_TRUTH",""
"1268","Sapil","Carnal Essence","Fragrance","Exact bottle/product image + direct image URL","https://sapil.com/products/carnal-essence-eau-de-parfum-100ml-by-sapil","FACTORY_REBUILD_FROM_CANONICAL_TRUTH",""
"1269","Sapil","Cheeky Cheery Oud","Eau de Parfum","Exact bottle/product image + direct image URL","https://sapil.com/products/sapil-cheeky-cheery-oud-unisex-eau-de-parfum-100ml","FACTORY_REBUILD_FROM_CANONICAL_TRUTH",""
"1270","Sapil","Cheeky Cheery Oud","Fragrance","Exact bottle/product image + direct image URL","https://sapil.com/products/sapil-cheeky-cheery-oud-unisex-eau-de-parfum-100ml","FACTORY_REBUILD_FROM_CANONICAL_TRUTH",""
"1271","Sapil","Chichi GSET","Fragrance","Exact bottle/product image + direct image URL","https://sapil.com/products/chichi_gset","FACTORY_REBUILD_FROM_CANONICAL_TRUTH",""
"1272","Sapil","Chichi(M)","Fragrance","Exact bottle/product image + direct image URL","https://sapil.com/products/chichim_-200ml","FACTORY_REBUILD_FROM_CANONICAL_TRUTH",""
"1273","Sapil","Chichi(W)","Fragrance","Exact bottle/product image + direct image URL","https://sapil.com/products/chichiw_200ml","FACTORY_REBUILD_FROM_CANONICAL_TRUTH",""
"1274","Sapil","Dapper","Fragrance","Exact bottle/product image + direct image URL","https://sapil.com/products/dapper","FACTORY_REBUILD_FROM_CANONICAL_TRUTH",""
"1275","Sapil","Desire","Fragrance","Exact bottle/product image + direct image URL","https://sapil.com/products/desire","FACTORY_REBUILD_FROM_CANONICAL_TRUTH",""
"1276","Sapil","Disclosure (M)","Fragrance","Exact bottle/product image + direct image URL","https://sapil.com/products/disclosure_m_200ml_deo","FACTORY_REBUILD_FROM_CANONICAL_TRUTH",""
"1277","Sapil","Disclosure GSET","Fragrance","Exact bottle/product image + direct image URL","https://sapil.com/products/disclosure_gset","FACTORY_REBUILD_FROM_CANONICAL_TRUTH",""
"1278","Sapil","Disclosure White","Fragrance","Exact bottle/product image + direct image URL","https://sapil.com/products/disclosure-white","FACTORY_REBUILD_FROM_CANONICAL_TRUTH",""
"1279","Sapil","Elixir Fusion","Fragrance","Exact bottle/product image + direct image URL","https://sapil.com/products/sapil-elixir-fusion-unisex-eau-de-parfum-100ml","FACTORY_REBUILD_FROM_CANONICAL_TRUTH",""
"1280","Sapil","Elixir Intense","Fragrance","Exact bottle/product image + direct image URL","https://sapil.com/products/sapil-elixir-intense-unisex-eau-de-parfum-100ml","FACTORY_REBUILD_FROM_CANONICAL_TRUTH",""
"1281","Sapil","Elixir Of Dubai","Fragrance","Exact bottle/product image + direct image URL","https://sapil.com/products/sapil-elixir-of-dubai-unisex-eau-de-parfum-100ml","FACTORY_REBUILD_FROM_CANONICAL_TRUTH",""
"1282","Sapil","Ember Blaze","Fragrance","Exact bottle/product image + direct image URL","https://sapil.com/products/ember-blaze-eau-de-parfum-100ml-by-sapil","FACTORY_REBUILD_FROM_CANONICAL_TRUTH",""
"1283","Sapil","Enchanted love","Fragrance","Exact bottle/product image + direct image URL","https://sapil.com/products/enchanted_love","FACTORY_REBUILD_FROM_CANONICAL_TRUTH",""
"1284","Sapil","Eternal Potion","Fragrance","Exact bottle/product image + direct image URL","https://sapil.com/products/eternal-potion-eau-de-parfum-100ml-by-sapil","FACTORY_REBUILD_FROM_CANONICAL_TRUTH",""
"1285","Sapil","Fiery Passion","Fragrance","Exact bottle/product image + direct image URL","https://sapil.com/products/fiery-passion-eau-de-parfum-100ml-by-sapil","FACTORY_REBUILD_FROM_CANONICAL_TRUTH",""
"1286","Sapil","Iconic","Fragrance","Exact bottle/product image + direct image URL","https://sapil.com/products/iconic-1","FACTORY_REBUILD_FROM_CANONICAL_TRUTH",""
"1287","Sapil","Inferno Rush","Fragrance","Exact bottle/product image + direct image URL","https://sapil.com/products/inferno-rush-eau-de-parfum-100ml-by-sapil","FACTORY_REBUILD_FROM_CANONICAL_TRUTH",""
"1288","Sapil","Joy","Fragrance","Exact bottle/product image + direct image URL","https://sapil.com/products/joy","FACTORY_REBUILD_FROM_CANONICAL_TRUTH",""
"1289","Sapil","Laheeb","Fragrance","Exact bottle/product image + direct image URL","https://sapil.com/products/laheeb","FACTORY_REBUILD_FROM_CANONICAL_TRUTH",""
"1290","Sapil","Legend","Fragrance","Exact bottle/product image + direct image URL","https://sapil.com/products/legend","FACTORY_REBUILD_FROM_CANONICAL_TRUTH",""
"1291","Sapil","Ma Cherie Cherry","Fragrance","Exact bottle/product image + direct image URL","https://sapil.com/products/ma-cherie-cherry-eau-de-parfum-100ml","FACTORY_REBUILD_FROM_CANONICAL_TRUTH",""
"1292","Sapil","Maison De Bois","Fragrance","Exact bottle/product image + direct image URL","https://sapil.com/products/maison_de_bois","FACTORY_REBUILD_FROM_CANONICAL_TRUTH",""
"1293","Sapil","Maison De Luxe","Fragrance","Exact bottle/product image + direct image URL","https://sapil.com/products/maison_de_luxe","FACTORY_REBUILD_FROM_CANONICAL_TRUTH",""
"1294","Sapil","Maison De Oud","Fragrance","Exact bottle/product image + direct image URL","https://sapil.com/products/maison_de_oud","FACTORY_REBUILD_FROM_CANONICAL_TRUTH",""
"1295","Sapil","Maison De Rose","Fragrance","Exact bottle/product image + direct image URL","https://sapil.com/products/maison_de_rose","FACTORY_REBUILD_FROM_CANONICAL_TRUTH",""
"1296","Sapil","Moringa","Fragrance","Exact bottle/product image + direct image URL","https://sapil.com/products/moringa","FACTORY_REBUILD_FROM_CANONICAL_TRUTH",""
"1297","Sapil","Mystic Elixir","Fragrance","Exact bottle/product image + direct image URL","https://sapil.com/products/mystic-elixir-eau-de-parfum-100ml-by-sapil","FACTORY_REBUILD_FROM_CANONICAL_TRUTH",""
"1298","Sapil","Nancy","Fragrance","Exact bottle/product image + direct image URL","https://sapil.com/products/nancy_green2","FACTORY_REBUILD_FROM_CANONICAL_TRUTH",""
"1299","Sapil","Nancy Pink Gset","Fragrance","Exact bottle/product image + direct image URL","https://sapil.com/products/nancy-pink_gset","FACTORY_REBUILD_FROM_CANONICAL_TRUTH",""
"1300","Sapil","Naughty Vanilla Oud","Fragrance","Exact bottle/product image + direct image URL","https://sapil.com/products/sapil-naughty-vanilla-oud-unisex-eau-de-parfum-100ml","FACTORY_REBUILD_FROM_CANONICAL_TRUTH",""
"1301","Sapil","Nice Feeling Black","Fragrance","Exact bottle/product image + direct image URL","https://sapil.com/products/nice_feeling_black","FACTORY_REBUILD_FROM_CANONICAL_TRUTH",""
"1302","Sapil","Nice Feeling Black DEO","Fragrance","Exact bottle/product image + direct image URL","https://sapil.com/products/nice_feeling_black_deo","FACTORY_REBUILD_FROM_CANONICAL_TRUTH",""
"1303","Sapil","Nice Feeling Blue","Fragrance","Exact bottle/product image + direct image URL","https://sapil.com/products/nice-feeling-blue-1","FACTORY_REBUILD_FROM_CANONICAL_TRUTH",""
"1304","Sapil","Nice Feelings Black GSET","Fragrance","Exact bottle/product image + direct image URL","https://sapil.com/products/nice_feelings_black_gset","FACTORY_REBUILD_FROM_CANONICAL_TRUTH",""
"1305","Sapil","Ode","Fragrance","Exact bottle/product image + direct image URL","https://sapil.com/products/ode","FACTORY_REBUILD_FROM_CANONICAL_TRUTH",""
"1306","Sapil","Ombre Flame Aura","Fragrance","Exact bottle/product image + direct image URL","https://sapil.com/products/sapil-ombre-flame-aura-unisex-eau-de-parfum-100ml","FACTORY_REBUILD_FROM_CANONICAL_TRUTH",""
"1307","Sapil","Ombre Smoky Quartz","Fragrance","Exact bottle/product image + direct image URL","https://sapil.com/products/sapil-ombre-smoky-quartz-unisex-eau-de-parfum-100ml","FACTORY_REBUILD_FROM_CANONICAL_TRUTH",""
"1308","Sapil","Ombre Turquoise","Fragrance","Exact bottle/product image + direct image URL","https://sapil.com/products/sapil-ombre-turquoise-unisex-eau-de-parfum-100ml","FACTORY_REBUILD_FROM_CANONICAL_TRUTH",""
"1309","Sapil","Oud Al Hayat","Fragrance","Exact bottle/product image + direct image URL","https://sapil.com/products/oud_al_hayat","FACTORY_REBUILD_FROM_CANONICAL_TRUTH",""
"1310","Sapil","Oud Al Lail","Fragrance","Exact bottle/product image + direct image URL","https://sapil.com/products/oud-al-hayat-copy","FACTORY_REBUILD_FROM_CANONICAL_TRUTH",""
"1311","Sapil","Paris Pleasure","Fragrance","Exact bottle/product image + direct image URL","https://sapil.com/products/paris-_pleasure","FACTORY_REBUILD_FROM_CANONICAL_TRUTH",""
"1312","Sapil","Pina Colada","Fragrance","Exact bottle/product image + direct image URL","https://sapil.com/products/pina-colada-eau-de-parfum-100ml","FACTORY_REBUILD_FROM_CANONICAL_TRUTH",""
"1313","Sapil","Pink lace","Fragrance","Exact bottle/product image + direct image URL","https://sapil.com/products/pink_lace","FACTORY_REBUILD_FROM_CANONICAL_TRUTH",""
"1314","Sapil","Promise","Fragrance","Exact bottle/product image + direct image URL","https://sapil.com/products/promise_200ml_deo","FACTORY_REBUILD_FROM_CANONICAL_TRUTH",""
"1315","Sapil","Qamar","Fragrance","Exact bottle/product image + direct image URL","https://sapil.com/products/qamar","FACTORY_REBUILD_FROM_CANONICAL_TRUTH",""
"1316","Sapil","Raspberry","Fragrance","Exact bottle/product image + direct image URL","https://sapil.com/products/raspberry","FACTORY_REBUILD_FROM_CANONICAL_TRUTH",""
"1317","Sapil","Rave","Fragrance","Exact bottle/product image + direct image URL","https://sapil.com/products/rave_men","FACTORY_REBUILD_FROM_CANONICAL_TRUTH",""
"1318","Sapil","Rave(M) GSET","Fragrance","Exact bottle/product image + direct image URL","https://sapil.com/products/ravem_gset","FACTORY_REBUILD_FROM_CANONICAL_TRUTH",""
"1319","Sapil","Rave(W)","Fragrance","Exact bottle/product image + direct image URL","https://sapil.com/products/rave-w","FACTORY_REBUILD_FROM_CANONICAL_TRUTH",""
"1320","Sapil","Rave(W) GSET","Fragrance","Exact bottle/product image + direct image URL","https://sapil.com/products/ravew_gset","FACTORY_REBUILD_FROM_CANONICAL_TRUTH",""
"1321","Sapil","Rouge","Fragrance","Exact bottle/product image + direct image URL","https://sapil.com/products/rouge1","FACTORY_REBUILD_FROM_CANONICAL_TRUTH",""
"1322","Sapil","Royale Charm","Fragrance","Exact bottle/product image + direct image URL","https://sapil.com/products/sapil-royale-charm-unisex-eau-de-parfum-100ml","FACTORY_REBUILD_FROM_CANONICAL_TRUTH",""
"1323","Sapil","Royale Flair","Fragrance","Exact bottle/product image + direct image URL","https://sapil.com/products/sapil-royale-flair-unisex-eau-de-parfum-100ml","FACTORY_REBUILD_FROM_CANONICAL_TRUTH",""
"1324","Sapil","Royale Oud","Fragrance","Exact bottle/product image + direct image URL","https://sapil.com/products/sapil-royale-oud-unisex-eau-de-parfum-100ml","FACTORY_REBUILD_FROM_CANONICAL_TRUTH",""
"1325","Sapil","Sarab Gloss","Fragrance","Exact bottle/product image + direct image URL","https://sapil.com/products/sarab-gloss-eau-de-parfum-100ml-by-sapil","FACTORY_REBUILD_FROM_CANONICAL_TRUTH",""
"1326","Sapil","Sarab Glow","Fragrance","Exact bottle/product image + direct image URL","https://sapil.com/products/sarab-glow-eau-de-parfum-100ml-by-sapil","FACTORY_REBUILD_FROM_CANONICAL_TRUTH",""
"1327","Sapil","Sarab Sheer","Fragrance","Exact bottle/product image + direct image URL","https://sapil.com/products/sarab-sheer-eau-de-parfum-100ml-by-sapil","FACTORY_REBUILD_FROM_CANONICAL_TRUTH",""
"1328","Sapil","Solid GSET","Fragrance","Exact bottle/product image + direct image URL","https://sapil.com/products/solid_gset","FACTORY_REBUILD_FROM_CANONICAL_TRUTH",""
"1329","Sapil","Solid(M)","Fragrance","Exact bottle/product image + direct image URL","https://sapil.com/products/solidm_deo","FACTORY_REBUILD_FROM_CANONICAL_TRUTH",""
"1330","Sapil","Strawberry","Fragrance","Exact bottle/product image + direct image URL","https://sapil.com/products/strawberry","FACTORY_REBUILD_FROM_CANONICAL_TRUTH",""
"1331","Sapil","Strawberry Daiquiri","Fragrance","Exact bottle/product image + direct image URL","https://sapil.com/products/strawberry-daiquiri-eau-de-parfum-100ml","FACTORY_REBUILD_FROM_CANONICAL_TRUTH",""
"1332","Sapil","Vogue","Fragrance","Exact bottle/product image + direct image URL","https://sapil.com/products/vogue","FACTORY_REBUILD_FROM_CANONICAL_TRUTH",""
"1333","Sapil","Yummy Pistachio Oud","Fragrance","Exact bottle/product image + direct image URL","https://sapil.com/products/sapil-yummy-pistachio-oud-unisex-eau-de-parfum-100ml","FACTORY_REBUILD_FROM_CANONICAL_TRUTH",""
"1334","Scents of Wood","Cedar in Acacia","Fragrance","Exact bottle/product image + direct image URL","https://scentsofwood.com/products/copy-of-cedar-in-acacia-10ml","FACTORY_REBUILD_FROM_CANONICAL_TRUTH",""
"1335","Scents of Wood","Rosewood - Mahogany","Eau de Parfum","Exact bottle/product image + direct image URL","https://scentsofwood.com/products/rosewood-mahogany-10ml","FACTORY_REBUILD_FROM_CANONICAL_TRUTH",""
"1336","Scents of Wood","The Collectors Box","Fragrance","Exact bottle/product image + direct image URL","https://scentsofwood.com/products/the-collector-box","FACTORY_REBUILD_FROM_CANONICAL_TRUTH",""
"1337","Serge Lutens","RDL gift box","Fragrance","Exact bottle/product image + direct image URL","https://sergelutens.com/products/rdl-gift-box","FACTORY_REBUILD_FROM_CANONICAL_TRUTH",""
"1338","Snif","ONLY SUNSHINE","Fragrance","Exact bottle/product image + direct image URL","https://snif.co/products/only-sunshine-tts","FACTORY_REBUILD_FROM_CANONICAL_TRUTH",""
"1339","Sol de Janeiro","SOL Cheirosa 62™","Fragrance","Exact bottle/product image + direct image URL","https://soldejaneiro.com/products/sol-cheirosa-62","FACTORY_REBUILD_FROM_CANONICAL_TRUTH",""
"1340","Swiss Arabian","Al Ghutra | Swiss Arabian","Eau de Parfum","Exact bottle/product image + direct image URL","https://us.swissarabian.com/products/attar-ghutra","FACTORY_REBUILD_FROM_CANONICAL_TRUTH",""
"1341","Swiss Arabian","Amber & Apricot | Swiss Arabian","Eau de Parfum","Exact bottle/product image + direct image URL","https://us.swissarabian.com/products/amber-and-apricot","FACTORY_REBUILD_FROM_CANONICAL_TRUTH",""
"1342","Swiss Arabian","Areej Al Sheila 990 | Swiss Arabian","Eau de Parfum","Exact bottle/product image + direct image URL","https://us.swissarabian.com/products/areej-al-sheila","FACTORY_REBUILD_FROM_CANONICAL_TRUTH",""
"1343","Swiss Arabian","Bergamot & Cedarwood | Swiss Arabian","Eau de Parfum","Exact bottle/product image + direct image URL","https://us.swissarabian.com/products/bergamot-and-cedarwood","FACTORY_REBUILD_FROM_CANONICAL_TRUTH",""
"1344","Swiss Arabian","Bergamot & Patchouli | Swiss Arabian","Eau de Parfum","Exact bottle/product image + direct image URL","https://us.swissarabian.com/products/bergamot-and-patchouli","FACTORY_REBUILD_FROM_CANONICAL_TRUTH",""
"1345","Swiss Arabian","Cardamom & Apple | Swiss Arabian","Eau de Parfum","Exact bottle/product image + direct image URL","https://us.swissarabian.com/products/cardamom-and-apple","FACTORY_REBUILD_FROM_CANONICAL_TRUTH",""
"1346","Swiss Arabian","Casablanca | Swiss Arabian","Hair Mist","Exact bottle/product image + direct image URL","https://us.swissarabian.com/products/casablanca-50ml","FACTORY_REBUILD_FROM_CANONICAL_TRUTH",""
"1347","Swiss Arabian","Casablanca | Swiss Arabian","Eau de Parfum","Exact bottle/product image + direct image URL","https://us.swissarabian.com/products/casablanca","FACTORY_REBUILD_FROM_CANONICAL_TRUTH",""
"1348","Swiss Arabian","Dukhoon Al Jazeera 70g | Swiss Arabian","Perfume","Exact bottle/product image + direct image URL","https://us.swissarabian.com/products/dukhoon-al-jazeera","FACTORY_REBUILD_FROM_CANONICAL_TRUTH",""
"1349","Swiss Arabian","Edge | Swiss Arabian","Eau de Parfum","Exact bottle/product image + direct image URL","https://us.swissarabian.com/products/edge-4","FACTORY_REBUILD_FROM_CANONICAL_TRUTH",""
"1350","Swiss Arabian","Edge Intense | Swiss Arabian","Eau de Parfum","Exact bottle/product image + direct image URL","https://us.swissarabian.com/products/edge-intense-3","FACTORY_REBUILD_FROM_CANONICAL_TRUTH",""
"1351","Swiss Arabian","Enigma of Taif | Swiss Arabian","Extrait de Parfum","Exact bottle/product image + direct image URL","https://us.swissarabian.com/products/enigma-of-taif","FACTORY_REBUILD_FROM_CANONICAL_TRUTH",""
"1352","Swiss Arabian","Essence of Casablanca 1404 | Swiss Arabian","Extrait de Parfum","Exact bottle/product image + direct image URL","https://us.swissarabian.com/products/essence-of-casablanca","FACTORY_REBUILD_FROM_CANONICAL_TRUTH",""
"1353","Swiss Arabian","Gharaam | Swiss Arabian","Extrait de Parfum","Exact bottle/product image + direct image URL","https://us.swissarabian.com/products/gharaam-2","FACTORY_REBUILD_FROM_CANONICAL_TRUTH",""
"1354","Swiss Arabian","Gharaam | Swiss Arabian","Hair Mist","Exact bottle/product image + direct image URL","https://us.swissarabian.com/products/gharaam-hair-mist","FACTORY_REBUILD_FROM_CANONICAL_TRUTH",""
"1355","Swiss Arabian","GPAC Shaghaf Collection 3pcs Set","Eau de Parfum","Exact bottle/product image + direct image URL","https://us.swissarabian.com/products/gpac-shaghaf-collection-3pcs-set-swiss-arabian","FACTORY_REBUILD_FROM_CANONICAL_TRUTH",""
"1356","Swiss Arabian","GPAC Shaghaf Collection 3pcs Set | Swiss Arabian","Eau de Parfum","Exact bottle/product image + direct image URL","https://us.swissarabian.com/products/gpac-shaghaf-collection-3pcs-set-swiss-arabian","FACTORY_REBUILD_FROM_CANONICAL_TRUTH",""
"1357","Swiss Arabian","Hawa | Swiss Arabian","Extrait de Parfum","Exact bottle/product image + direct image URL","https://us.swissarabian.com/products/hawa-2","FACTORY_REBUILD_FROM_CANONICAL_TRUTH",""
"1358","Swiss Arabian","Intense Pride | Swiss Arabian","Eau de Parfum","Exact bottle/product image + direct image URL","https://us.swissarabian.com/products/intense-pride","FACTORY_REBUILD_FROM_CANONICAL_TRUTH",""
"1359","Swiss Arabian","Iris & Berry | Swiss Arabian","Eau de Parfum","Exact bottle/product image + direct image URL","https://us.swissarabian.com/products/iris-and-berry","FACTORY_REBUILD_FROM_CANONICAL_TRUTH",""
"1360","Swiss Arabian","Jasmine & Honey | Swiss Arabian","Eau de Parfum","Exact bottle/product image + direct image URL","https://us.swissarabian.com/products/jasmine-and-honey","FACTORY_REBUILD_FROM_CANONICAL_TRUTH",""
"1361","Swiss Arabian","Jasmine & Vanilla | Swiss Arabian","Eau de Parfum","Exact bottle/product image + direct image URL","https://us.swissarabian.com/products/jasmine-and-vanilla","FACTORY_REBUILD_FROM_CANONICAL_TRUTH",""
"1362","Swiss Arabian","Kashkha | Swiss Arabian","Eau de Parfum","Exact bottle/product image + direct image URL","https://us.swissarabian.com/products/kashkha-3","FACTORY_REBUILD_FROM_CANONICAL_TRUTH",""
"1363","Swiss Arabian","Layali | Swiss Arabian","Eau de Parfum","Exact bottle/product image + direct image URL","https://us.swissarabian.com/products/layali","FACTORY_REBUILD_FROM_CANONICAL_TRUTH",""
"1364","Swiss Arabian","Leather & Oud | Swiss Arabian","Eau de Parfum","Exact bottle/product image + direct image URL","https://us.swissarabian.com/products/leather-and-oud","FACTORY_REBUILD_FROM_CANONICAL_TRUTH",""
"1365","Swiss Arabian","Mint & Wood | Swiss Arabian","Eau de Parfum","Exact bottle/product image + direct image URL","https://us.swissarabian.com/products/mint-and-wood","FACTORY_REBUILD_FROM_CANONICAL_TRUTH",""
"1366","Swiss Arabian","Musk 01 | Swiss Arabian","Extrait de Parfum","Exact bottle/product image + direct image URL","https://us.swissarabian.com/products/musk-01","FACTORY_REBUILD_FROM_CANONICAL_TRUTH",""
"1367","Swiss Arabian","Musk 07 + Set","Lotion","Exact bottle/product image + direct image URL","https://us.swissarabian.com/products/musk-07-edp-body-lotion","FACTORY_REBUILD_FROM_CANONICAL_TRUTH",""
"1368","Swiss Arabian","Musk 07 | Swiss Arabian","Hair Mist","Exact bottle/product image + direct image URL","https://us.swissarabian.com/products/musk-07-hair-mist","FACTORY_REBUILD_FROM_CANONICAL_TRUTH",""
"1369","Swiss Arabian","Musk 07 | Swiss Arabian","Extrait de Parfum","Exact bottle/product image + direct image URL","https://us.swissarabian.com/products/musk-07","FACTORY_REBUILD_FROM_CANONICAL_TRUTH",""
"1370","Swiss Arabian","Musk 74 Poudre | Swiss Arabian","Extrait de Parfum","Exact bottle/product image + direct image URL","https://us.swissarabian.com/products/musk-74-poudre","FACTORY_REBUILD_FROM_CANONICAL_TRUTH",""
"1371","Swiss Arabian","Opulence of Dubai | Swiss Arabian","Extrait de Parfum","Exact bottle/product image + direct image URL","https://us.swissarabian.com/products/opulence-of-dubai","FACTORY_REBUILD_FROM_CANONICAL_TRUTH",""
"1372","Swiss Arabian","Oud & Lychee | Swiss Arabian","Eau de Parfum","Exact bottle/product image + direct image URL","https://us.swissarabian.com/products/oud-and-lychee","FACTORY_REBUILD_FROM_CANONICAL_TRUTH",""
"1373","Swiss Arabian","Oud 01 | Swiss Arabian","Extrait de Parfum","Exact bottle/product image + direct image URL","https://us.swissarabian.com/products/oud-01","FACTORY_REBUILD_FROM_CANONICAL_TRUTH",""
"1374","Swiss Arabian","Oud 07 | Swiss Arabian","Extrait de Parfum","Exact bottle/product image + direct image URL","https://us.swissarabian.com/products/oud-07","FACTORY_REBUILD_FROM_CANONICAL_TRUTH",""
"1375","Swiss Arabian","OUD MUATTAR SULTAN","Perfume","Exact bottle/product image + direct image URL","https://us.swissarabian.com/products/oud-muattar-sultan-250gm","FACTORY_REBUILD_FROM_CANONICAL_TRUTH",""
"1376","Swiss Arabian","Passion of Venice 1404 | Swiss Arabian","Extrait de Parfum","Exact bottle/product image + direct image URL","https://us.swissarabian.com/products/passion-of-venice","FACTORY_REBUILD_FROM_CANONICAL_TRUTH",""
"1377","Swiss Arabian","Patchouli 01 | Swiss Arabian","Extrait de Parfum","Exact bottle/product image + direct image URL","https://us.swissarabian.com/products/patchouli-01","FACTORY_REBUILD_FROM_CANONICAL_TRUTH",""
"1378","Swiss Arabian","Primal Code | Swiss Arabian","Eau de Parfum","Exact bottle/product image + direct image URL","https://us.swissarabian.com/products/primal-code","FACTORY_REBUILD_FROM_CANONICAL_TRUTH",""
"1379","Swiss Arabian","Pure Instinct | Swiss Arabian","Eau de Parfum","Exact bottle/product image + direct image URL","https://us.swissarabian.com/products/pure-instinct","FACTORY_REBUILD_FROM_CANONICAL_TRUTH",""
"1380","Swiss Arabian","Rakaan | Swiss Arabian","Eau de Parfum","Exact bottle/product image + direct image URL","https://us.swissarabian.com/products/rakaan-2","FACTORY_REBUILD_FROM_CANONICAL_TRUTH",""
"1381","Swiss Arabian","Rose & Patchouli | Swiss Arabian","Eau de Parfum","Exact bottle/product image + direct image URL","https://us.swissarabian.com/products/rose-and-patchouli","FACTORY_REBUILD_FROM_CANONICAL_TRUTH",""
"1382","Swiss Arabian","Rose 01 + Set","Lotion","Exact bottle/product image + direct image URL","https://us.swissarabian.com/products/rose-01-edp-body-lotion","FACTORY_REBUILD_FROM_CANONICAL_TRUTH",""
"1383","Swiss Arabian","Rose 01 | Swiss Arabian","Extrait de Parfum","Exact bottle/product image + direct image URL","https://us.swissarabian.com/products/rose-01","FACTORY_REBUILD_FROM_CANONICAL_TRUTH",""
"1384","Swiss Arabian","Rose 01 | Swiss Arabian","Hair Mist","Exact bottle/product image + direct image URL","https://us.swissarabian.com/products/rose-1","FACTORY_REBUILD_FROM_CANONICAL_TRUTH",""
"1385","Swiss Arabian","Royal Mystery | Swiss Arabian","Eau de Parfum","Exact bottle/product image + direct image URL","https://us.swissarabian.com/products/royal-mystery","FACTORY_REBUILD_FROM_CANONICAL_TRUTH",""
"1386","Swiss Arabian","Sehr Al Sheila | Swiss Arabian","Eau de Parfum","Exact bottle/product image + direct image URL","https://us.swissarabian.com/products/sehr-al-sheila","FACTORY_REBUILD_FROM_CANONICAL_TRUTH",""
"1387","Swiss Arabian","Shaghaf | Swiss Arabi","Eau de Parfum","Exact bottle/product image + direct image URL","https://us.swissarabian.com/products/http-shaghaf-for-women","FACTORY_REBUILD_FROM_CANONICAL_TRUTH",""
"1388","Swiss Arabian","Shaghaf | Swiss Arabian","Eau de Parfum","Exact bottle/product image + direct image URL","https://us.swissarabian.com/products/shaghaf-for-men","FACTORY_REBUILD_FROM_CANONICAL_TRUTH",""
"1389","Swiss Arabian","Shaghaf Amber Infusion | Swiss Arabian","Eau de Parfum","Exact bottle/product image + direct image URL","https://us.swissarabian.com/products/shaghaf-amber-infusion-miniature","FACTORY_REBUILD_FROM_CANONICAL_TRUTH",""
"1390","Swiss Arabian","Shaghaf Nectar Blush | Swiss Arabian","Eau de Parfum","Exact bottle/product image + direct image URL","https://us.swissarabian.com/products/shaghaf-nectar-blush","FACTORY_REBUILD_FROM_CANONICAL_TRUTH",""
"1391","Swiss Arabian","Shaghaf Oud | Swiss Arabian","Eau de Parfum","Exact bottle/product image + direct image URL","https://us.swissarabian.com/products/shaghaf-oud-3","FACTORY_REBUILD_FROM_CANONICAL_TRUTH",""
"1392","Swiss Arabian","Shaghaf Oud | Swiss Arabian","Hair Mist","Exact bottle/product image + direct image URL","https://us.swissarabian.com/products/shaghaf-oud-hair-mist","FACTORY_REBUILD_FROM_CANONICAL_TRUTH",""
"1393","Swiss Arabian","Shaghaf Oud Ahmar | Swiss Arabian","Eau de Parfum","Exact bottle/product image + direct image URL","https://us.swissarabian.com/products/shaghaf-oud-ahmar-miniature","FACTORY_REBUILD_FROM_CANONICAL_TRUTH",""
"1394","Swiss Arabian","Shaghaf Oud Aswad | Swiss Arabian","Eau de Parfum","Exact bottle/product image + direct image URL","https://us.swissarabian.com/products/shaghaf-oud-aswad-2","FACTORY_REBUILD_FROM_CANONICAL_TRUTH",""
"1395","Swiss Arabian","Shaghaf Oud Azraq | Swiss Arabian","Eau de Parfum","Exact bottle/product image + direct image URL","https://us.swissarabian.com/products/shaghaf-oud-azraq-miniature","FACTORY_REBUILD_FROM_CANONICAL_TRUTH",""
"1396","Swiss Arabian","Shaghaf Oud Elixir | Swiss Arabian","Eau de Parfum","Exact bottle/product image + direct image URL","https://us.swissarabian.com/products/shaghaf-oud-elixir-miniature","FACTORY_REBUILD_FROM_CANONICAL_TRUTH",""
"1397","Swiss Arabian","Shaghaf Oud Royale | Swiss Arabian","Eau de Parfum","Exact bottle/product image + direct image URL","https://us.swissarabian.com/products/shaghaf-oud-royale-miniature","FACTORY_REBUILD_FROM_CANONICAL_TRUTH",""
"1398","Swiss Arabian","Shaghaf Oud Tonka | Swiss Arabian","Eau de Parfum","Exact bottle/product image + direct image URL","https://us.swissarabian.com/products/shaghaf-oud-tonka-miniature","FACTORY_REBUILD_FROM_CANONICAL_TRUTH",""
"1399","Swiss Arabian","Shaghaf Vanilla Toffee | Swiss Arabian","Eau de Parfum","Exact bottle/product image + direct image URL","https://us.swissarabian.com/products/shaghaf-vanilla-toffee-miniature","FACTORY_REBUILD_FROM_CANONICAL_TRUTH",""
"1400","Swiss Arabian","Shumoukh Al Ghutra | Swiss Arabian","Eau de Parfum","Exact bottle/product image + direct image URL","https://us.swissarabian.com/products/shumoukh-al-ghutra","FACTORY_REBUILD_FROM_CANONICAL_TRUTH",""
