"#","Brand","Exact bottle / product","Product type","What we need","Existing product/source page","Current inactive reason","Image URL / result"
"1","Sand + Fog","Amber & Jasmine","Perfume Oil","Exact perfume-oil bottle image + direct image URL","https://sandandfoghome.com/products/amber-jasmine-perfume-oil-rollerball","CANONICAL_PRODUCT_CLASS_OIL_BODYCARE_CORRECTION_V1",""
"2","Sand + Fog","Amber & Neroli","Perfume Oil","Exact perfume-oil bottle image + direct image URL","https://sandandfoghome.com/products/amber-neroli-50ml-perfume-oil-dropper","CANONICAL_PRODUCT_CLASS_OIL_BODYCARE_CORRECTION_V1",""
"3","Sand + Fog","Amber & Pear","Perfume Oil","Exact perfume-oil bottle image + direct image URL","https://sandandfoghome.com/products/amber-pear-perfume-oil-dropper","CANONICAL_PRODUCT_CLASS_OIL_BODYCARE_CORRECTION_V1",""
"4","Sand + Fog","Amber Bloom","Perfume Oil","Exact perfume-oil bottle image + direct image URL","https://sandandfoghome.com/products/amber-bloom-perfume-oil","CANONICAL_PRODUCT_CLASS_OIL_BODYCARE_CORRECTION_V1",""
"5","Sand + Fog","Amber Cove","Perfume Oil","Exact perfume-oil bottle image + direct image URL","https://sandandfoghome.com/products/amber-cove-50ml-perfume-oil-dropper","CANONICAL_PRODUCT_CLASS_OIL_BODYCARE_CORRECTION_V1",""
"6","Sand + Fog","Amber Musk","Perfume Oil","Exact perfume-oil bottle image + direct image URL","https://sandandfoghome.com/products/amber-musk-50ml-perfume-oil-dropper","CANONICAL_PRODUCT_CLASS_OIL_BODYCARE_CORRECTION_V1",""
"7","Sand + Fog","Amoré","Perfume Oil","Exact perfume-oil bottle image + direct image URL","https://sandandfoghome.com/products/amoe-perfume-oil","CANONICAL_PRODUCT_CLASS_OIL_BODYCARE_CORRECTION_V1",""
"8","Sand + Fog","Banana Blossom","Perfume Oil","Exact perfume-oil bottle image + direct image URL","https://sandandfoghome.com/products/banana-blossom-50-ml-perfume-oil-dropper","CANONICAL_PRODUCT_CLASS_OIL_BODYCARE_CORRECTION_V1",""
"9","Sand + Fog","Banana Cream","Perfume Oil","Exact perfume-oil bottle image + direct image URL","https://sandandfoghome.com/products/banana-cream-perfume-oil-dropper","CANONICAL_PRODUCT_CLASS_OIL_BODYCARE_CORRECTION_V1",""
"10","Sand + Fog","Beach Poppy","Perfume Oil","Exact perfume-oil bottle image + direct image URL","https://sandandfoghome.com/products/beach-poppy-50-ml-perfume-oil-rollerball","CANONICAL_PRODUCT_CLASS_OIL_BODYCARE_CORRECTION_V1",""
"11","Sand + Fog","Bergamot & Musk","Perfume Oil","Exact perfume-oil bottle image + direct image URL","https://sandandfoghome.com/products/bergamot-musk-50-ml-perfume-oil-rollerball","CANONICAL_PRODUCT_CLASS_OIL_BODYCARE_CORRECTION_V1",""
"12","Sand + Fog","Bergamot & Neroli","Perfume Oil","Exact perfume-oil bottle image + direct image URL","https://sandandfoghome.com/products/bergamot-neroli-50ml-perfume-oil-dropper","CANONICAL_PRODUCT_CLASS_OIL_BODYCARE_CORRECTION_V1",""
"13","Sand + Fog","Bergamot & Oud","Perfume Oil","Exact perfume-oil bottle image + direct image URL","https://sandandfoghome.com/products/bergamot-oud-50-ml-perfume-oil-rollerball","CANONICAL_PRODUCT_CLASS_OIL_BODYCARE_CORRECTION_V1",""
"14","Sand + Fog","Bergamot Bliss","Perfume Oil","Exact perfume-oil bottle image + direct image URL","https://sandandfoghome.com/products/bergamot-bliss-50-ml-perfume-oil-dropper","CANONICAL_PRODUCT_CLASS_OIL_BODYCARE_CORRECTION_V1",""
"15","Sand + Fog","Bergamot Bloom","Perfume Oil","Exact perfume-oil bottle image + direct image URL","https://sandandfoghome.com/products/bergamot-bloom-50-ml-perfume-oil-rollerball","CANONICAL_PRODUCT_CLASS_OIL_BODYCARE_CORRECTION_V1",""
"16","Sand + Fog","Berries & Cream","Perfume Oil","Exact perfume-oil bottle image + direct image URL","https://sandandfoghome.com/products/berries-cream-perfume-oil-dropper","CANONICAL_PRODUCT_CLASS_OIL_BODYCARE_CORRECTION_V1",""
"17","Sand + Fog","Bloom","Perfume Oil","Exact perfume-oil bottle image + direct image URL","https://sandandfoghome.com/products/bloom-perfume-oil-dropper","CANONICAL_PRODUCT_CLASS_OIL_BODYCARE_CORRECTION_V1",""
"18","Sand + Fog","Bourbon & Vanilla","Perfume Oil","Exact perfume-oil bottle image + direct image URL","https://sandandfoghome.com/products/bourbon-vanilla-50-ml-perfume-oil-dropper","CANONICAL_PRODUCT_CLASS_OIL_BODYCARE_CORRECTION_V1",""
"19","Sand + Fog","Bubble Gum","Perfume Oil","Exact perfume-oil bottle image + direct image URL","https://sandandfoghome.com/products/bubble-gum-50ml-perfume-oil-dropper","CANONICAL_PRODUCT_CLASS_OIL_BODYCARE_CORRECTION_V1",""
"20","Sand + Fog","California Beach House","Perfume Oil","Exact perfume-oil bottle image + direct image URL","https://sandandfoghome.com/products/california-beach-house-50ml-perfume-oil-dropper","CANONICAL_PRODUCT_CLASS_OIL_BODYCARE_CORRECTION_V1",""
"21","Sand + Fog","Candy & Cream","Perfume Oil","Exact perfume-oil bottle image + direct image URL","https://sandandfoghome.com/products/candy-cream-50ml-perfume-oil-dropper","CANONICAL_PRODUCT_CLASS_OIL_BODYCARE_CORRECTION_V1",""
"22","Sand + Fog","Candy Cloud","Perfume Oil","Exact perfume-oil bottle image + direct image URL","https://sandandfoghome.com/products/candy-cloud-50-ml-perfume-oil-dropper-copy","CANONICAL_PRODUCT_CLASS_OIL_BODYCARE_CORRECTION_V1",""
"23","Sand + Fog","Caramel & Cream","Perfume Oil","Exact perfume-oil bottle image + direct image URL","https://sandandfoghome.com/products/caramel-cream-50ml-perfume-oil-dropper","CANONICAL_PRODUCT_CLASS_OIL_BODYCARE_CORRECTION_V1",""
"24","Sand + Fog","Caramel Macchiato","Perfume Oil","Exact perfume-oil bottle image + direct image URL","https://sandandfoghome.com/products/caramel-macchiato-50-ml-perfume-oil-dropper","CANONICAL_PRODUCT_CLASS_OIL_BODYCARE_CORRECTION_V1",""
"25","Sand + Fog","Cedarwood & Fig","Perfume Oil","Exact perfume-oil bottle image + direct image URL","https://sandandfoghome.com/products/cedarwood-fig-50-ml-perfume-oil-dropper","CANONICAL_PRODUCT_CLASS_OIL_BODYCARE_CORRECTION_V1",""
"26","Sand + Fog","Cherry Kiss","Perfume Oil","Exact perfume-oil bottle image + direct image URL","https://sandandfoghome.com/products/cherry-kiss-perfume-oil-dropper","CANONICAL_PRODUCT_CLASS_OIL_BODYCARE_CORRECTION_V1",""
"27","Sand + Fog","Cherry Silk","Perfume Oil","Exact perfume-oil bottle image + direct image URL","https://sandandfoghome.com/products/cherry-silk-50-ml-perfume-oil-dropper","CANONICAL_PRODUCT_CLASS_OIL_BODYCARE_CORRECTION_V1",""
"28","Sand + Fog","Cinnamon Reserve","Perfume Oil","Exact perfume-oil bottle image + direct image URL","https://sandandfoghome.com/products/cinnamon-reserve-50-ml-perfume-oil-dropper","CANONICAL_PRODUCT_CLASS_OIL_BODYCARE_CORRECTION_V1",""
"29","Sand + Fog","Citrus Blossom","Perfume Oil","Exact perfume-oil bottle image + direct image URL","https://sandandfoghome.com/products/orange-musk-50-ml-perfume-oil-dropper","CANONICAL_PRODUCT_CLASS_OIL_BODYCARE_CORRECTION_V1",""
"30","Sand + Fog","Coastal Cashmere","Perfume Oil","Exact perfume-oil bottle image + direct image URL","https://sandandfoghome.com/products/coastal-cashmere-perfume-oil-dropper","CANONICAL_PRODUCT_CLASS_OIL_BODYCARE_CORRECTION_V1",""
"31","Sand + Fog","Cobalt","Perfume Oil","Exact perfume-oil bottle image + direct image URL","https://sandandfoghome.com/products/cobalt-whiskey-and-leather-perfume-oil-dropper","CANONICAL_PRODUCT_CLASS_OIL_BODYCARE_CORRECTION_V1",""
"32","Sand + Fog","Coconut & Macadamia","Perfume Oil","Exact perfume-oil bottle image + direct image URL","https://sandandfoghome.com/products/coconut-macadamia-50ml-perfume-oil-dropper","CANONICAL_PRODUCT_CLASS_OIL_BODYCARE_CORRECTION_V1",""
"33","Sand + Fog","Coconut & Sandalwood","Perfume Oil","Exact perfume-oil bottle image + direct image URL","https://sandandfoghome.com/products/coconut-sandalwood-perfume-oil-dropper","CANONICAL_PRODUCT_CLASS_OIL_BODYCARE_CORRECTION_V1",""
"34","Sand + Fog","Coconut Beach","Perfume Oil","Exact perfume-oil bottle image + direct image URL","https://sandandfoghome.com/products/coconut-beach-50-ml-perfume-oil-dropper","CANONICAL_PRODUCT_CLASS_OIL_BODYCARE_CORRECTION_V1",""
"35","Sand + Fog","Coconut Blossom","Perfume Oil","Exact perfume-oil bottle image + direct image URL","https://sandandfoghome.com/products/coconut-blossom-50-ml-perfume-oil-dropper","CANONICAL_PRODUCT_CLASS_OIL_BODYCARE_CORRECTION_V1",""
"36","Sand + Fog","Coconut Castaway","Perfume Oil","Exact perfume-oil bottle image + direct image URL","https://sandandfoghome.com/products/coconut-castaway-50ml-perfume-oil-dropper","CANONICAL_PRODUCT_CLASS_OIL_BODYCARE_CORRECTION_V1",""
"37","Sand + Fog","Coconut Créme","Perfume Oil","Exact perfume-oil bottle image + direct image URL","https://sandandfoghome.com/products/coconut-creme-perfume-oil-dropper","CANONICAL_PRODUCT_CLASS_OIL_BODYCARE_CORRECTION_V1",""
"38","Sand + Fog","Coconut Guava","Perfume Oil","Exact perfume-oil bottle image + direct image URL","https://sandandfoghome.com/products/coconut-guava-50ml-perfume-oil-dropper","CANONICAL_PRODUCT_CLASS_OIL_BODYCARE_CORRECTION_V1",""
"39","Sand + Fog","Coconut Milk","Perfume Oil","Exact perfume-oil bottle image + direct image URL","https://sandandfoghome.com/products/coconut-milk-50ml-perfume-oil-dropper","CANONICAL_PRODUCT_CLASS_OIL_BODYCARE_CORRECTION_V1",""
"40","Sand + Fog","Coconut Passion","Perfume Oil","Exact perfume-oil bottle image + direct image URL","https://sandandfoghome.com/products/coconut-passion-50-ml-perfume-oil-dropper","CANONICAL_PRODUCT_CLASS_OIL_BODYCARE_CORRECTION_V1",""
"41","Sand + Fog","Cotton Candy","Perfume Oil","Exact perfume-oil bottle image + direct image URL","https://sandandfoghome.com/products/cotton-candy-50ml-perfume-oil-dropper","CANONICAL_PRODUCT_CLASS_OIL_BODYCARE_CORRECTION_V1",""
"42","Sand + Fog","Currant & Orange","Perfume Oil","Exact perfume-oil bottle image + direct image URL","https://sandandfoghome.com/products/currant-orange-perfume-oil-rollerball","CANONICAL_PRODUCT_CLASS_OIL_BODYCARE_CORRECTION_V1",""
"43","Sand + Fog","Date Night","Perfume Oil","Exact perfume-oil bottle image + direct image URL","https://sandandfoghome.com/products/date-night-50-ml-perfume-oil-dropper","CANONICAL_PRODUCT_CLASS_OIL_BODYCARE_CORRECTION_V1",""
"44","Sand + Fog","Discovery","Perfume Oil","Exact perfume-oil bottle image + direct image URL","https://sandandfoghome.com/products/discovery-perfume-oil-rollerball-collection-vacay-in-a-bottle-set","CANONICAL_PRODUCT_CLASS_OIL_BODYCARE_CORRECTION_V1",""
"45","Sand + Fog","Dragonfruit Dreams","Perfume Oil","Exact perfume-oil bottle image + direct image URL","https://sandandfoghome.com/products/dragonfruit-dreams-50-ml-perfume-oil-dropper","CANONICAL_PRODUCT_CLASS_OIL_BODYCARE_CORRECTION_V1",""
"46","Sand + Fog","Driftwood & Leather","Perfume Oil","Exact perfume-oil bottle image + direct image URL","https://sandandfoghome.com/products/driftwood-leather-50ml-perfume-oil-dropper","CANONICAL_PRODUCT_CLASS_OIL_BODYCARE_CORRECTION_V1",""
"47","Sand + Fog","Dusk","Perfume Oil","Exact perfume-oil bottle image + direct image URL","https://sandandfoghome.com/products/dusk-perfume-oil-rollerball","CANONICAL_PRODUCT_CLASS_OIL_BODYCARE_CORRECTION_V1",""
"48","Sand + Fog","East Village","Perfume Oil","Exact perfume-oil bottle image + direct image URL","https://sandandfoghome.com/products/east-village-50ml-perfume-oil-dropper","CANONICAL_PRODUCT_CLASS_OIL_BODYCARE_CORRECTION_V1",""
"49","Sand + Fog","Eden","Perfume Oil","Exact perfume-oil bottle image + direct image URL","https://sandandfoghome.com/products/eden-perfume-oil-rollerball","CANONICAL_PRODUCT_CLASS_OIL_BODYCARE_CORRECTION_V1",""
"50","Sand + Fog","Enchanted","Perfume Oil","Exact perfume-oil bottle image + direct image URL","https://sandandfoghome.com/products/enchanted-50-ml-perfume-oil-dropper","CANONICAL_PRODUCT_CLASS_OIL_BODYCARE_CORRECTION_V1",""
"51","Sand + Fog","Enchanted Blossom","Perfume Oil","Exact perfume-oil bottle image + direct image URL","https://sandandfoghome.com/products/enchanted-blossom-perfume-oil","CANONICAL_PRODUCT_CLASS_OIL_BODYCARE_CORRECTION_V1",""
"52","Sand + Fog","Fleur de Vanille","Perfume Oil","Exact perfume-oil bottle image + direct image URL","https://sandandfoghome.com/products/fleur-de-vanille-50-ml-perfume-oil-dropper","CANONICAL_PRODUCT_CLASS_OIL_BODYCARE_CORRECTION_V1",""
"53","Sand + Fog","Floral Mist","Perfume Oil","Exact perfume-oil bottle image + direct image URL","https://sandandfoghome.com/products/floral-mist-perfume-oil-dropper-not-arrived-yet","CANONICAL_PRODUCT_CLASS_OIL_BODYCARE_CORRECTION_V1",""
"54","Sand + Fog","Floral Musk","Perfume Oil","Exact perfume-oil bottle image + direct image URL","https://sandandfoghome.com/products/floral-musk-50ml-perfume-oil-dropper","CANONICAL_PRODUCT_CLASS_OIL_BODYCARE_CORRECTION_V1",""
"55","Sand + Fog","Forest & Ocean","Perfume Oil","Exact perfume-oil bottle image + direct image URL","https://sandandfoghome.com/products/forest-ocean-50-ml-perfume-oil-rollerball","CANONICAL_PRODUCT_CLASS_OIL_BODYCARE_CORRECTION_V1",""
"56","Sand + Fog","French Buttercream","Perfume Oil","Exact perfume-oil bottle image + direct image URL","https://sandandfoghome.com/products/french-buttercream-50-ml-perfume-oil-dropper","CANONICAL_PRODUCT_CLASS_OIL_BODYCARE_CORRECTION_V1",""
"57","Sand + Fog","Girl Crush","Perfume Oil","Exact perfume-oil bottle image + direct image URL","https://sandandfoghome.com/products/girl-crush-perfume-oil-rollerball","CANONICAL_PRODUCT_CLASS_OIL_BODYCARE_CORRECTION_V1",""
"58","Sand + Fog","Golden Glow","Perfume Oil","Exact perfume-oil bottle image + direct image URL","https://sandandfoghome.com/products/golden-glow-50ml-perfume-oil-dropper","CANONICAL_PRODUCT_CLASS_OIL_BODYCARE_CORRECTION_V1",""
"59","Sand + Fog","Golden Hour","Perfume Oil","Exact perfume-oil bottle image + direct image URL","https://sandandfoghome.com/products/golden-hour-perfume-oil-rollerball","CANONICAL_PRODUCT_CLASS_OIL_BODYCARE_CORRECTION_V1",""
"60","Sand + Fog","Grace","Perfume Oil","Exact perfume-oil bottle image + direct image URL","https://sandandfoghome.com/products/grace-50ml-perfume-oil-dropper","CANONICAL_PRODUCT_CLASS_OIL_BODYCARE_CORRECTION_V1",""
"61","Sand + Fog","Heaven","Perfume Oil","Exact perfume-oil bottle image + direct image URL","https://sandandfoghome.com/products/heaven-50ml-perfume-oil-rollerball","CANONICAL_PRODUCT_CLASS_OIL_BODYCARE_CORRECTION_V1",""
"62","Sand + Fog","Hibiscus Merlot","Perfume Oil","Exact perfume-oil bottle image + direct image URL","https://sandandfoghome.com/products/hibiscus-merlot-50ml-perfume-oil-dropper","CANONICAL_PRODUCT_CLASS_OIL_BODYCARE_CORRECTION_V1",""
"63","Sand + Fog","Honey & Blossom","Perfume Oil","Exact perfume-oil bottle image + direct image URL","https://sandandfoghome.com/products/honey-blossom-perfume-oil-rollerball","CANONICAL_PRODUCT_CLASS_OIL_BODYCARE_CORRECTION_V1",""
"64","Sand + Fog","Innocence","Perfume Oil","Exact perfume-oil bottle image + direct image URL","https://sandandfoghome.com/products/innocence-perfume-oil-dropper","CANONICAL_PRODUCT_CLASS_OIL_BODYCARE_CORRECTION_V1",""
"65","Sand + Fog","Italian Citrus","Perfume Oil","Exact perfume-oil bottle image + direct image URL","https://sandandfoghome.com/products/italian-citrus-perfume-oil-dropper","CANONICAL_PRODUCT_CLASS_OIL_BODYCARE_CORRECTION_V1",""
"66","Sand + Fog","Ivory Bloom","Perfume Oil","Exact perfume-oil bottle image + direct image URL","https://sandandfoghome.com/products/ivory-bloom-perfume-oil-rollerball","CANONICAL_PRODUCT_CLASS_OIL_BODYCARE_CORRECTION_V1",""
"67","Sand + Fog","Jasmine & Cedarwood","Perfume Oil","Exact perfume-oil bottle image + direct image URL","https://sandandfoghome.com/products/jasmine-cedarwood-perfume-oil-1","CANONICAL_PRODUCT_CLASS_OIL_BODYCARE_CORRECTION_V1",""
"68","Sand + Fog","Just Peachy","Perfume Oil","Exact perfume-oil bottle image + direct image URL","https://sandandfoghome.com/products/just-peachy-50ml-perfume-oil-dropper","CANONICAL_PRODUCT_CLASS_OIL_BODYCARE_CORRECTION_V1",""
"69","Sand + Fog","Lemon Sugar","Perfume Oil","Exact perfume-oil bottle image + direct image URL","https://sandandfoghome.com/products/lemon-sugar-perfume-oil-dropper","CANONICAL_PRODUCT_CLASS_OIL_BODYCARE_CORRECTION_V1",""
"70","Sand + Fog","Lilac Wine","Perfume Oil","Exact perfume-oil bottle image + direct image URL","https://sandandfoghome.com/products/lilac-wine-perfume-oil-dropper","CANONICAL_PRODUCT_CLASS_OIL_BODYCARE_CORRECTION_V1",""
"71","Sand + Fog","Love Potion","Perfume Oil","Exact perfume-oil bottle image + direct image URL","https://sandandfoghome.com/products/love-potion-50ml-perfume-oil-dropper","CANONICAL_PRODUCT_CLASS_OIL_BODYCARE_CORRECTION_V1",""
"72","Sand + Fog","Love Story","Perfume Oil","Exact perfume-oil bottle image + direct image URL","https://sandandfoghome.com/products/love-story-50ml-perfume-oil-rollerball","CANONICAL_PRODUCT_CLASS_OIL_BODYCARE_CORRECTION_V1",""
"73","Sand + Fog","Lychee & Rose","Perfume Oil","Exact perfume-oil bottle image + direct image URL","https://sandandfoghome.com/products/lychee-rose-50ml-perfume-oil-dropper","CANONICAL_PRODUCT_CLASS_OIL_BODYCARE_CORRECTION_V1",""
"74","Sand + Fog","Lychee Dream","Perfume Oil","Exact perfume-oil bottle image + direct image URL","https://sandandfoghome.com/products/lychee-dream-perfume-oil-dropper","CANONICAL_PRODUCT_CLASS_OIL_BODYCARE_CORRECTION_V1",""
"75","Sand + Fog","Lychee Martini","Perfume Oil","Exact perfume-oil bottle image + direct image URL","https://sandandfoghome.com/products/lychee-martini-50ml-perfume-oil-dropper","CANONICAL_PRODUCT_CLASS_OIL_BODYCARE_CORRECTION_V1",""
"76","Sand + Fog","Madagascar Vanilla","Perfume Oil","Exact perfume-oil bottle image + direct image URL","https://sandandfoghome.com/products/madagascar-vanilla-50ml-perfume-oil-dropper","CANONICAL_PRODUCT_CLASS_OIL_BODYCARE_CORRECTION_V1",""
"77","Sand + Fog","Malibu Beach","Perfume Oil","Exact perfume-oil bottle image + direct image URL","https://sandandfoghome.com/products/malibu-beach-50-ml-perfume-oil-rollerball","CANONICAL_PRODUCT_CLASS_OIL_BODYCARE_CORRECTION_V1",""
"78","Sand + Fog","Mango Gelato","Perfume Oil","Exact perfume-oil bottle image + direct image URL","https://sandandfoghome.com/products/mango-gelato-50ml-perfume-oil-dropper","CANONICAL_PRODUCT_CLASS_OIL_BODYCARE_CORRECTION_V1",""
"79","Sand + Fog","Mango Papaya","Perfume Oil","Exact perfume-oil bottle image + direct image URL","https://sandandfoghome.com/products/mango-papaya-50ml-perfume-oil-dropper","CANONICAL_PRODUCT_CLASS_OIL_BODYCARE_CORRECTION_V1",""
"80","Sand + Fog","Maple Mornings","Perfume Oil","Exact perfume-oil bottle image + direct image URL","https://sandandfoghome.com/products/maple-mornings-50ml-perfume-oil-dropper","CANONICAL_PRODUCT_CLASS_OIL_BODYCARE_CORRECTION_V1",""
"81","Sand + Fog","Marine Breeze","Perfume Oil","Exact perfume-oil bottle image + direct image URL","https://sandandfoghome.com/products/marine-breeze-50ml-perfume-oil-dropper","CANONICAL_PRODUCT_CLASS_OIL_BODYCARE_CORRECTION_V1",""
"82","Sand + Fog","Marshmallow Blossom","Perfume Oil","Exact perfume-oil bottle image + direct image URL","https://sandandfoghome.com/products/marshmallow-blossom-50-ml-perfume-oil-dropper","CANONICAL_PRODUCT_CLASS_OIL_BODYCARE_CORRECTION_V1",""
"83","Sand + Fog","Marshmallow Candy","Perfume Oil","Exact perfume-oil bottle image + direct image URL","https://sandandfoghome.com/products/marshmallow-candy-50-ml-perfume-oil-dropper","CANONICAL_PRODUCT_CLASS_OIL_BODYCARE_CORRECTION_V1",""
"84","Sand + Fog","Marshmallow Cream","Perfume Oil","Exact perfume-oil bottle image + direct image URL","https://sandandfoghome.com/products/marshmallow-cream-50-ml-perfume-oil-dropper","CANONICAL_PRODUCT_CLASS_OIL_BODYCARE_CORRECTION_V1",""
"85","Sand + Fog","Marshmallow Powder","Perfume Oil","Exact perfume-oil bottle image + direct image URL","https://sandandfoghome.com/products/marshmallow-powder-50-ml-perfume-oil-dropper","CANONICAL_PRODUCT_CLASS_OIL_BODYCARE_CORRECTION_V1",""
"86","Sand + Fog","Marshmallow Skies","Perfume Oil","Exact perfume-oil bottle image + direct image URL","https://sandandfoghome.com/products/marshmallow-skies-perfume-oil-dropper","CANONICAL_PRODUCT_CLASS_OIL_BODYCARE_CORRECTION_V1",""
"87","Sand + Fog","Midnight Blue","Perfume Oil","Exact perfume-oil bottle image + direct image URL","https://sandandfoghome.com/products/midnight-blue-perfume-oil-rollerball","CANONICAL_PRODUCT_CLASS_OIL_BODYCARE_CORRECTION_V1",""
"88","Sand + Fog","Midnight Tides","Perfume Oil","Exact perfume-oil bottle image + direct image URL","https://sandandfoghome.com/products/midnight-tides-perfume-oil-rollerball","CANONICAL_PRODUCT_CLASS_OIL_BODYCARE_CORRECTION_V1",""
"89","Sand + Fog","Midnight Walk","Perfume Oil","Exact perfume-oil bottle image + direct image URL","https://sandandfoghome.com/products/midnight-walk-perfume-oil-rollerball","CANONICAL_PRODUCT_CLASS_OIL_BODYCARE_CORRECTION_V1",""
"90","Sand + Fog","Mocha Martini","Perfume Oil","Exact perfume-oil bottle image + direct image URL","https://sandandfoghome.com/products/mocha-martini-50ml-perfume-oil-dropper","CANONICAL_PRODUCT_CLASS_OIL_BODYCARE_CORRECTION_V1",""
"91","Sand + Fog","Morning Mist","Perfume Oil","Exact perfume-oil bottle image + direct image URL","https://sandandfoghome.com/products/morning-mist-50-ml-perfume-oil-dropper","CANONICAL_PRODUCT_CLASS_OIL_BODYCARE_CORRECTION_V1",""
"92","Sand + Fog","Morocco","Perfume Oil","Exact perfume-oil bottle image + direct image URL","https://sandandfoghome.com/products/morocco-perfume-oil-dropper-not-arrived-yet","CANONICAL_PRODUCT_CLASS_OIL_BODYCARE_CORRECTION_V1",""
"93","Sand + Fog","Newport Boardwalk","Perfume Oil","Exact perfume-oil bottle image + direct image URL","https://sandandfoghome.com/products/newport-boardwalk-50ml-perfume-oil-dropper","CANONICAL_PRODUCT_CLASS_OIL_BODYCARE_CORRECTION_V1",""
"94","Sand + Fog","Night Skies","Perfume Oil","Exact perfume-oil bottle image + direct image URL","https://sandandfoghome.com/products/night-skies-50ml-perfume-oil-dropper","CANONICAL_PRODUCT_CLASS_OIL_BODYCARE_CORRECTION_V1",""
"95","Sand + Fog","Orange Blossom","Perfume Oil","Exact perfume-oil bottle image + direct image URL","https://sandandfoghome.com/products/orange-blossom-perfume-oil-dropper-not-arrived-yet-copy","CANONICAL_PRODUCT_CLASS_OIL_BODYCARE_CORRECTION_V1",""
"96","Sand + Fog","Orange Cream","Perfume Oil","Exact perfume-oil bottle image + direct image URL","https://sandandfoghome.com/products/orange-cream-50ml-perfume-oil-dropper","CANONICAL_PRODUCT_CLASS_OIL_BODYCARE_CORRECTION_V1",""
"97","Sand + Fog","Passion Fruit & Lily","Perfume Oil","Exact perfume-oil bottle image + direct image URL","https://sandandfoghome.com/products/passionfruit-lily-50ml-perfume-oil-dropper","CANONICAL_PRODUCT_CLASS_OIL_BODYCARE_CORRECTION_V1",""
"98","Sand + Fog","Peach Bellini","Perfume Oil","Exact perfume-oil bottle image + direct image URL","https://sandandfoghome.com/products/peach-bellini-perfume-oil-dropper","CANONICAL_PRODUCT_CLASS_OIL_BODYCARE_CORRECTION_V1",""
"99","Sand + Fog","Peach Cream","Perfume Oil","Exact perfume-oil bottle image + direct image URL","https://sandandfoghome.com/products/peach-cream-50ml-perfume-oil-dropper","CANONICAL_PRODUCT_CLASS_OIL_BODYCARE_CORRECTION_V1",""
"100","Sand + Fog","Peach Shortcake","Perfume Oil","Exact perfume-oil bottle image + direct image URL","https://sandandfoghome.com/products/peach-shortcake-50ml-perfume-oil-dropper","CANONICAL_PRODUCT_CLASS_OIL_BODYCARE_CORRECTION_V1",""
"101","Sand + Fog","Pear & Musk","Perfume Oil","Exact perfume-oil bottle image + direct image URL","https://sandandfoghome.com/products/pear-musk-50ml-perfume-oil-dropper","CANONICAL_PRODUCT_CLASS_OIL_BODYCARE_CORRECTION_V1",""
"102","Sand + Fog","Pear Blossom","Perfume Oil","Exact perfume-oil bottle image + direct image URL","https://sandandfoghome.com/products/pear-blossom-perfume-oil-dropper","CANONICAL_PRODUCT_CLASS_OIL_BODYCARE_CORRECTION_V1",""
"103","Sand + Fog","Peony & Lily","Perfume Oil","Exact perfume-oil bottle image + direct image URL","https://sandandfoghome.com/products/peony-lily-50-ml-perfume-oil-dropper","CANONICAL_PRODUCT_CLASS_OIL_BODYCARE_CORRECTION_V1",""
"104","Sand + Fog","Pina Colada","Perfume Oil","Exact perfume-oil bottle image + direct image URL","https://sandandfoghome.com/products/pina-colada-50-ml-perfume-oil-dropper","CANONICAL_PRODUCT_CLASS_OIL_BODYCARE_CORRECTION_V1",""
"105","Sand + Fog","Pineapple Sugar","Perfume Oil","Exact perfume-oil bottle image + direct image URL","https://sandandfoghome.com/products/pineapple-sugar-50-ml-perfume-oil-dropper","CANONICAL_PRODUCT_CLASS_OIL_BODYCARE_CORRECTION_V1",""
"106","Sand + Fog","Pink Champagne","Perfume Oil","Exact perfume-oil bottle image + direct image URL","https://sandandfoghome.com/products/pink-champagne-50ml-perfume-oil-dropper","CANONICAL_PRODUCT_CLASS_OIL_BODYCARE_CORRECTION_V1",""
"107","Sand + Fog","Pistachio Crème","Perfume Oil","Exact perfume-oil bottle image + direct image URL","https://sandandfoghome.com/products/pistachio-creme-50-ml-perfume-oil-dropper","CANONICAL_PRODUCT_CLASS_OIL_BODYCARE_CORRECTION_V1",""
"108","Sand + Fog","Pistachio Dream","Perfume Oil","Exact perfume-oil bottle image + direct image URL","https://sandandfoghome.com/products/pistachio-dream-perfume-oil","CANONICAL_PRODUCT_CLASS_OIL_BODYCARE_CORRECTION_V1",""
"109","Sand + Fog","Pumpkin Crème","Perfume Oil","Exact perfume-oil bottle image + direct image URL","https://sandandfoghome.com/products/pumpkin-creme-50-ml-perfume-oil-dropper","CANONICAL_PRODUCT_CLASS_OIL_BODYCARE_CORRECTION_V1",""
"110","Sand + Fog","Raspberry Dream","Perfume Oil","Exact perfume-oil bottle image + direct image URL","https://sandandfoghome.com/products/raspberry-dream-50ml-perfume-oil-dropper","CANONICAL_PRODUCT_CLASS_OIL_BODYCARE_CORRECTION_V1",""
"111","Sand + Fog","Raspberry Rose","Perfume Oil","Exact perfume-oil bottle image + direct image URL","https://sandandfoghome.com/products/raspberry-rose-50ml-perfume-oil-dropper","CANONICAL_PRODUCT_CLASS_OIL_BODYCARE_CORRECTION_V1",""
"112","Sand + Fog","Rose & Pear","Perfume Oil","Exact perfume-oil bottle image + direct image URL","https://sandandfoghome.com/products/rose-pear-50-ml-perfume-oil-dropper","CANONICAL_PRODUCT_CLASS_OIL_BODYCARE_CORRECTION_V1",""
"113","Sand + Fog","Rose & Peony","Perfume Oil","Exact perfume-oil bottle image + direct image URL","https://sandandfoghome.com/products/rose-peony-50-ml-perfume-oil-dropper","CANONICAL_PRODUCT_CLASS_OIL_BODYCARE_CORRECTION_V1",""
"114","Sand + Fog","Rose Dew","Perfume Oil","Exact perfume-oil bottle image + direct image URL","https://sandandfoghome.com/products/rose-dew-50ml-perfume-oil-dropper","CANONICAL_PRODUCT_CLASS_OIL_BODYCARE_CORRECTION_V1",""
"115","Sand + Fog","Rose of Nowhere","Perfume Oil","Exact perfume-oil bottle image + direct image URL","https://sandandfoghome.com/products/rose-of-nowhere-perfume-oil-rollerball","CANONICAL_PRODUCT_CLASS_OIL_BODYCARE_CORRECTION_V1",""
"116","Sand + Fog","Rue de Fleur","Perfume Oil","Exact perfume-oil bottle image + direct image URL","https://sandandfoghome.com/products/rue-de-fleur-50ml-perfume-oil-dropper","CANONICAL_PRODUCT_CLASS_OIL_BODYCARE_CORRECTION_V1",""
"117","Sand + Fog","Saddle & Spice","Perfume Oil","Exact perfume-oil bottle image + direct image URL","https://sandandfoghome.com/products/saddle-spice-perfume-oil-rollerball","CANONICAL_PRODUCT_CLASS_OIL_BODYCARE_CORRECTION_V1",""
"118","Sand + Fog","Saint Barts","Perfume Oil","Exact perfume-oil bottle image + direct image URL","https://sandandfoghome.com/products/saint-barts-perfume-oil-rollerball","CANONICAL_PRODUCT_CLASS_OIL_BODYCARE_CORRECTION_V1",""
"119","Sand + Fog","Santal Iris","Perfume Oil","Exact perfume-oil bottle image + direct image URL","https://sandandfoghome.com/products/santal-iris-50ml-perfume-oil-dropper","CANONICAL_PRODUCT_CLASS_OIL_BODYCARE_CORRECTION_V1",""
"120","Sand + Fog","Sea Salt Coast","Perfume Oil","Exact perfume-oil bottle image + direct image URL","https://sandandfoghome.com/products/sea-salt-coast-50-ml-perfume-oil-dropper","CANONICAL_PRODUCT_CLASS_OIL_BODYCARE_CORRECTION_V1",""
"121","Sand + Fog","Shoreline","Perfume Oil","Exact perfume-oil bottle image + direct image URL","https://sandandfoghome.com/products/shoreline-50-ml-perfume-oil-rollerball","CANONICAL_PRODUCT_CLASS_OIL_BODYCARE_CORRECTION_V1",""
"122","Sand + Fog","Silk Musk","Perfume Oil","Exact perfume-oil bottle image + direct image URL","https://sandandfoghome.com/products/silk-musk-50-ml-perfume-oil-dropper","CANONICAL_PRODUCT_CLASS_OIL_BODYCARE_CORRECTION_V1",""
"123","Sand + Fog","Soft Skin","Perfume Oil","Exact perfume-oil bottle image + direct image URL","https://sandandfoghome.com/products/soft-skin-50-ml-perfume-oil-dropper","CANONICAL_PRODUCT_CLASS_OIL_BODYCARE_CORRECTION_V1",""
"124","Sand + Fog","Soft Vanilla","Perfume Oil","Exact perfume-oil bottle image + direct image URL","https://sandandfoghome.com/products/soft-vanilla-50ml-perfume-oil-dropper","CANONICAL_PRODUCT_CLASS_OIL_BODYCARE_CORRECTION_V1",""
"125","Sand + Fog","Solar Bloom","Perfume Oil","Exact perfume-oil bottle image + direct image URL","https://sandandfoghome.com/products/solar-bloom-50ml-perfume-oil-dropper","CANONICAL_PRODUCT_CLASS_OIL_BODYCARE_CORRECTION_V1",""
"126","Sand + Fog","Spa Day","Perfume Oil","Exact perfume-oil bottle image + direct image URL","https://sandandfoghome.com/products/spa-day-perfume-oil-dropper","CANONICAL_PRODUCT_CLASS_OIL_BODYCARE_CORRECTION_V1",""
"127","Sand + Fog","Spring Morning","Perfume Oil","Exact perfume-oil bottle image + direct image URL","https://sandandfoghome.com/products/spring-morning-50ml-perfume-oil-dropper","CANONICAL_PRODUCT_CLASS_OIL_BODYCARE_CORRECTION_V1",""
"128","Sand + Fog","Spritz","Perfume Oil","Exact perfume-oil bottle image + direct image URL","https://sandandfoghome.com/products/summer-spritz-50ml-perfume-oil-dropper","CANONICAL_PRODUCT_CLASS_OIL_BODYCARE_CORRECTION_V1",""
"129","Sand + Fog","Starfruit Blossom","Perfume Oil","Exact perfume-oil bottle image + direct image URL","https://sandandfoghome.com/products/starfruit-blossom-perfume-oil-dropper","CANONICAL_PRODUCT_CLASS_OIL_BODYCARE_CORRECTION_V1",""
"130","Sand + Fog","Strawberry Blossom","Perfume Oil","Exact perfume-oil bottle image + direct image URL","https://sandandfoghome.com/products/strawberry-blossom-50ml-perfume-oil-dropper","CANONICAL_PRODUCT_CLASS_OIL_BODYCARE_CORRECTION_V1",""
"131","Sand + Fog","Strawberry Mochi","Perfume Oil","Exact perfume-oil bottle image + direct image URL","https://sandandfoghome.com/products/strawberry-mochi-50ml-perfume-oil-dropper","CANONICAL_PRODUCT_CLASS_OIL_BODYCARE_CORRECTION_V1",""
"132","Sand + Fog","Strawberry Shake","Perfume Oil","Exact perfume-oil bottle image + direct image URL","https://sandandfoghome.com/products/strawberry-shake-50ml-perfume-oil-dropper","CANONICAL_PRODUCT_CLASS_OIL_BODYCARE_CORRECTION_V1",""
"133","Sand + Fog","Strawberry Shortcake","Perfume Oil","Exact perfume-oil bottle image + direct image URL","https://sandandfoghome.com/products/strawberry-shortcake-50ml-perfume-oil-dropper","CANONICAL_PRODUCT_CLASS_OIL_BODYCARE_CORRECTION_V1",""
"134","Sand + Fog","Strawberry Spritz","Perfume Oil","Exact perfume-oil bottle image + direct image URL","https://sandandfoghome.com/products/strawberry-spritz-perfume-oil-dropper","CANONICAL_PRODUCT_CLASS_OIL_BODYCARE_CORRECTION_V1",""
"135","Sand + Fog","Sugar & Amber","Perfume Oil","Exact perfume-oil bottle image + direct image URL","https://sandandfoghome.com/products/sugar-amber-50ml-perfume-oil-dropper","CANONICAL_PRODUCT_CLASS_OIL_BODYCARE_CORRECTION_V1",""
"136","Sand + Fog","Sugar Rush","Perfume Oil","Exact perfume-oil bottle image + direct image URL","https://sandandfoghome.com/products/sugar-rush-50ml-perfume-oil-dropper","CANONICAL_PRODUCT_CLASS_OIL_BODYCARE_CORRECTION_V1",""
"137","Sand + Fog","Summer Jasmine","Perfume Oil","Exact perfume-oil bottle image + direct image URL","https://sandandfoghome.com/products/summer-jasmine-perfume-oil-rollerball","CANONICAL_PRODUCT_CLASS_OIL_BODYCARE_CORRECTION_V1",""
"138","Sand + Fog","Sunset Boulevard","Perfume Oil","Exact perfume-oil bottle image + direct image URL","https://sandandfoghome.com/products/sunset-boulevard-50ml-perfume-oil-dropper","CANONICAL_PRODUCT_CLASS_OIL_BODYCARE_CORRECTION_V1",""
"139","Sand + Fog","Sweet Apple","Perfume Oil","Exact perfume-oil bottle image + direct image URL","https://sandandfoghome.com/products/sweet-apple-perfume-oil-dropper","CANONICAL_PRODUCT_CLASS_OIL_BODYCARE_CORRECTION_V1",""
"140","Sand + Fog","Sweet Blossom","Perfume Oil","Exact perfume-oil bottle image + direct image URL","https://sandandfoghome.com/products/sweet-blossom-50ml-perfume-oil-dropper","CANONICAL_PRODUCT_CLASS_OIL_BODYCARE_CORRECTION_V1",""
"141","Sand + Fog","Sweet Candy","Perfume Oil","Exact perfume-oil bottle image + direct image URL","https://sandandfoghome.com/products/sweet-candy-50-ml-perfume-oil-dropper","CANONICAL_PRODUCT_CLASS_OIL_BODYCARE_CORRECTION_V1",""
"142","Sand + Fog","Sweet Dreams","Perfume Oil","Exact perfume-oil bottle image + direct image URL","https://sandandfoghome.com/products/sweet-dreams-50-ml-perfume-oil-dropper","CANONICAL_PRODUCT_CLASS_OIL_BODYCARE_CORRECTION_V1",""
"143","Sand + Fog","Sweet Honey","Perfume Oil","Exact perfume-oil bottle image + direct image URL","https://sandandfoghome.com/products/sweet-honey-50ml-perfume-oil-dropper","CANONICAL_PRODUCT_CLASS_OIL_BODYCARE_CORRECTION_V1",""
"144","Sand + Fog","Sweet Ivory","Perfume Oil","Exact perfume-oil bottle image + direct image URL","https://sandandfoghome.com/products/sweet-ivory-50ml-perfume-oil-dropper","CANONICAL_PRODUCT_CLASS_OIL_BODYCARE_CORRECTION_V1",""
"145","Sand + Fog","Sweet Lavender","Perfume Oil","Exact perfume-oil bottle image + direct image URL","https://sandandfoghome.com/products/sweet-lavender-50ml-perfume-oil-dropper","CANONICAL_PRODUCT_CLASS_OIL_BODYCARE_CORRECTION_V1",""
"146","Sand + Fog","Sweet Mochi","Perfume Oil","Exact perfume-oil bottle image + direct image URL","https://sandandfoghome.com/products/sweet-mochi-50ml-perfume-oil-dropper","CANONICAL_PRODUCT_CLASS_OIL_BODYCARE_CORRECTION_V1",""
"147","Sand + Fog","Sweet Oud","Perfume Oil","Exact perfume-oil bottle image + direct image URL","https://sandandfoghome.com/products/sweet-oud-50ml-perfume-oil-rollerball","CANONICAL_PRODUCT_CLASS_OIL_BODYCARE_CORRECTION_V1",""
"148","Sand + Fog","Sweet Rose","Perfume Oil","Exact perfume-oil bottle image + direct image URL","https://sandandfoghome.com/products/sweet-rose-50-ml-perfume-oil-dropper","CANONICAL_PRODUCT_CLASS_OIL_BODYCARE_CORRECTION_V1",""
"149","Sand + Fog","Teakwood","Perfume Oil","Exact perfume-oil bottle image + direct image URL","https://sandandfoghome.com/products/teakwood-perfume-oil-dropper","CANONICAL_PRODUCT_CLASS_OIL_BODYCARE_CORRECTION_V1",""
"150","Sand + Fog","Toasted Coconut","Perfume Oil","Exact perfume-oil bottle image + direct image URL","https://sandandfoghome.com/products/toasted-coconut-50ml-perfume-oil-dropper","CANONICAL_PRODUCT_CLASS_OIL_BODYCARE_CORRECTION_V1",""
"151","Sand + Fog","Toasted Marshmallow","Perfume Oil","Exact perfume-oil bottle image + direct image URL","https://sandandfoghome.com/products/toasted-marshmallow-50-ml-perfume-oil-dropper","CANONICAL_PRODUCT_CLASS_OIL_BODYCARE_CORRECTION_V1",""
"152","Sand + Fog","Tropical Dragonfruit","Perfume Oil","Exact perfume-oil bottle image + direct image URL","https://sandandfoghome.com/products/tropical-dragonfruit-50-ml-perfume-oil-dropper","CANONICAL_PRODUCT_CLASS_OIL_BODYCARE_CORRECTION_V1",""
"153","Sand + Fog","Tropical Guava","Perfume Oil","Exact perfume-oil bottle image + direct image URL","https://sandandfoghome.com/products/tropical-guava-50-ml-perfume-oil-dropper","CANONICAL_PRODUCT_CLASS_OIL_BODYCARE_CORRECTION_V1",""
"154","Sand + Fog","Upper East Side","Perfume Oil","Exact perfume-oil bottle image + direct image URL","https://sandandfoghome.com/products/upper-east-side-50-ml-perfume-oil-dropper","CANONICAL_PRODUCT_CLASS_OIL_BODYCARE_CORRECTION_V1",""
"155","Sand + Fog","Vanilla & Amber","Perfume Oil","Exact perfume-oil bottle image + direct image URL","https://sandandfoghome.com/products/vanilla-amber-perfume-oil-dropper","CANONICAL_PRODUCT_CLASS_OIL_BODYCARE_CORRECTION_V1",""
"156","Sand + Fog","Vanilla Almond","Perfume Oil","Exact perfume-oil bottle image + direct image URL","https://sandandfoghome.com/products/vanilla-almond-50ml-perfume-oil-dropper","CANONICAL_PRODUCT_CLASS_OIL_BODYCARE_CORRECTION_V1",""
"157","Sand + Fog","Vanilla Ash","Perfume Oil","Exact perfume-oil bottle image + direct image URL","https://sandandfoghome.com/products/vanilla-ash-50ml-perfume-oil-dropper","CANONICAL_PRODUCT_CLASS_OIL_BODYCARE_CORRECTION_V1",""
"158","Sand + Fog","Vanilla Bloom","Perfume Oil","Exact perfume-oil bottle image + direct image URL","https://sandandfoghome.com/products/vanilla-bloom-50-ml-perfume-oil-dropper","CANONICAL_PRODUCT_CLASS_OIL_BODYCARE_CORRECTION_V1",""
"159","Sand + Fog","Vanilla Blossom","Perfume Oil","Exact perfume-oil bottle image + direct image URL","https://sandandfoghome.com/products/vanilla-blossom-perfume-oil-rollerball","CANONICAL_PRODUCT_CLASS_OIL_BODYCARE_CORRECTION_V1",""
"160","Sand + Fog","Vanilla Cake","Perfume Oil","Exact perfume-oil bottle image + direct image URL","https://sandandfoghome.com/products/vanilla-cake-perfume-oil-dropper","CANONICAL_PRODUCT_CLASS_OIL_BODYCARE_CORRECTION_V1",""
"161","Sand + Fog","Vanilla Cashmere","Perfume Oil","Exact perfume-oil bottle image + direct image URL","https://sandandfoghome.com/products/vanilla-cashmere-50ml-perfume-oil-rollerball","CANONICAL_PRODUCT_CLASS_OIL_BODYCARE_CORRECTION_V1",""
"162","Sand + Fog","Vanilla Icing","Perfume Oil","Exact perfume-oil bottle image + direct image URL","https://sandandfoghome.com/products/vanilla-icing-50ml-perfume-oil-dropper","CANONICAL_PRODUCT_CLASS_OIL_BODYCARE_CORRECTION_V1",""
"163","Sand + Fog","Vanilla Latte","Perfume Oil","Exact perfume-oil bottle image + direct image URL","https://sandandfoghome.com/products/vanilla-latte-50-ml-perfume-oil-dropper","CANONICAL_PRODUCT_CLASS_OIL_BODYCARE_CORRECTION_V1",""
"164","Sand + Fog","Vanilla Marshmallow","Perfume Oil","Exact perfume-oil bottle image + direct image URL","https://sandandfoghome.com/products/vanilla-marshmallow-50-ml-perfume-oil-dropper","CANONICAL_PRODUCT_CLASS_OIL_BODYCARE_CORRECTION_V1",""
"165","Sand + Fog","Vanilla Milk","Perfume Oil","Exact perfume-oil bottle image + direct image URL","https://sandandfoghome.com/products/vanilla-milk-50-ml-perfume-oil-dropper","CANONICAL_PRODUCT_CLASS_OIL_BODYCARE_CORRECTION_V1",""
"166","Sand + Fog","Vanilla Musk","Perfume Oil","Exact perfume-oil bottle image + direct image URL","https://sandandfoghome.com/products/vanilla-musk-perfume-oil-1","CANONICAL_PRODUCT_CLASS_OIL_BODYCARE_CORRECTION_V1",""
"167","Sand + Fog","Vanilla Powder","Perfume Oil","Exact perfume-oil bottle image + direct image URL","https://sandandfoghome.com/products/vanilla-powder-50-ml-perfume-oil-dropper","CANONICAL_PRODUCT_CLASS_OIL_BODYCARE_CORRECTION_V1",""
"168","Sand + Fog","Vanilla Reserve","Perfume Oil","Exact perfume-oil bottle image + direct image URL","https://sandandfoghome.com/products/vanilla-reserve-perfume-oil-dropper-not-arrived-yet","CANONICAL_PRODUCT_CLASS_OIL_BODYCARE_CORRECTION_V1",""
"169","Sand + Fog","Vanilla Sands","Perfume Oil","Exact perfume-oil bottle image + direct image URL","https://sandandfoghome.com/products/vanilla-sands-50ml-perfume-oil-dropper","CANONICAL_PRODUCT_CLASS_OIL_BODYCARE_CORRECTION_V1",""
"170","Sand + Fog","Vanilla Silk","Perfume Oil","Exact perfume-oil bottle image + direct image URL","https://sandandfoghome.com/products/vanilla-silk-50-ml-perfume-oil-dropper","CANONICAL_PRODUCT_CLASS_OIL_BODYCARE_CORRECTION_V1",""
"171","Sand + Fog","Vanilla Sugar","Perfume Oil","Exact perfume-oil bottle image + direct image URL","https://sandandfoghome.com/products/vanilla-sugar-perfume-oil-dropper","CANONICAL_PRODUCT_CLASS_OIL_BODYCARE_CORRECTION_V1",""
"172","Sand + Fog","Vanilla Toffee","Perfume Oil","Exact perfume-oil bottle image + direct image URL","https://sandandfoghome.com/products/vanilla-toffee-50-ml-perfume-oil-dropper","CANONICAL_PRODUCT_CLASS_OIL_BODYCARE_CORRECTION_V1",""
"173","Sand + Fog","Vanilla Woods","Perfume Oil","Exact perfume-oil bottle image + direct image URL","https://sandandfoghome.com/products/vanilla-woods-50ml-perfume-oil-rollerball","CANONICAL_PRODUCT_CLASS_OIL_BODYCARE_CORRECTION_V1",""
"174","Sand + Fog","Velvet Blossom","Perfume Oil","Exact perfume-oil bottle image + direct image URL","https://sandandfoghome.com/products/velvet-blossom-50-ml-perfume-oil-dropper","CANONICAL_PRODUCT_CLASS_OIL_BODYCARE_CORRECTION_V1",""
"175","Sand + Fog","Venice","Perfume Oil","Exact perfume-oil bottle image + direct image URL","https://sandandfoghome.com/products/venice-50ml-perfume-oil-dropper","CANONICAL_PRODUCT_CLASS_OIL_BODYCARE_CORRECTION_V1",""
"176","Sand + Fog","Vienna","Perfume Oil","Exact perfume-oil bottle image + direct image URL","https://sandandfoghome.com/products/vienna-50-ml-perfume-oil-dropper","CANONICAL_PRODUCT_CLASS_OIL_BODYCARE_CORRECTION_V1",""
"177","Sand + Fog","Violet Sandalwood","Perfume Oil","Exact perfume-oil bottle image + direct image URL","https://sandandfoghome.com/products/violet-sandalwood-perfume-oil","CANONICAL_PRODUCT_CLASS_OIL_BODYCARE_CORRECTION_V1",""
"178","Sand + Fog","Watermelon Candy","Perfume Oil","Exact perfume-oil bottle image + direct image URL","https://sandandfoghome.com/products/watermelon-candy-50ml-perfume-oil-dropper","CANONICAL_PRODUCT_CLASS_OIL_BODYCARE_CORRECTION_V1",""
"179","Sand + Fog","Watermelon Sugar","Perfume Oil","Exact perfume-oil bottle image + direct image URL","https://sandandfoghome.com/products/watermelon-sugar-50ml-perfume-oil-dropper","CANONICAL_PRODUCT_CLASS_OIL_BODYCARE_CORRECTION_V1",""
"180","Sand + Fog","Watermelon Swirl","Perfume Oil","Exact perfume-oil bottle image + direct image URL","https://sandandfoghome.com/products/watermelon-swirl-50ml-perfume-oil-dropper","CANONICAL_PRODUCT_CLASS_OIL_BODYCARE_CORRECTION_V1",""
"181","Sand + Fog","Whipped Cherry","Perfume Oil","Exact perfume-oil bottle image + direct image URL","https://sandandfoghome.com/products/whipped-cherry-50-ml-perfume-oil-dropper","CANONICAL_PRODUCT_CLASS_OIL_BODYCARE_CORRECTION_V1",""
"182","Sand + Fog","Whipped Latte","Perfume Oil","Exact perfume-oil bottle image + direct image URL","https://sandandfoghome.com/products/whipped-latte-50-ml-perfume-oil-dropper","CANONICAL_PRODUCT_CLASS_OIL_BODYCARE_CORRECTION_V1",""
"183","Sand + Fog","White Palm","Perfume Oil","Exact perfume-oil bottle image + direct image URL","https://sandandfoghome.com/products/white-palm-perfume-oil-dropper-not-arrived-yet-copy","CANONICAL_PRODUCT_CLASS_OIL_BODYCARE_CORRECTION_V1",""
"184","Sand + Fog","White Peach","Perfume Oil","Exact perfume-oil bottle image + direct image URL","https://sandandfoghome.com/products/white-peach-50-ml-perfume-oil-dropper","CANONICAL_PRODUCT_CLASS_OIL_BODYCARE_CORRECTION_V1",""
"185","Sand + Fog","White Pear","Perfume Oil","Exact perfume-oil bottle image + direct image URL","https://sandandfoghome.com/products/white-pear-50-ml-perfume-oil-dropper","CANONICAL_PRODUCT_CLASS_OIL_BODYCARE_CORRECTION_V1",""
"186","Sand + Fog","White Silk","Perfume Oil","Exact perfume-oil bottle image + direct image URL","https://sandandfoghome.com/products/white-silk-50ml-perfume-oil-dropper","CANONICAL_PRODUCT_CLASS_OIL_BODYCARE_CORRECTION_V1",""
"187","Sand + Fog","White Tulip","Perfume Oil","Exact perfume-oil bottle image + direct image URL","https://sandandfoghome.com/products/white-tulip-perfume-oil-rollerball-copy","CANONICAL_PRODUCT_CLASS_OIL_BODYCARE_CORRECTION_V1",""
"188","Sand + Fog","White Vanilla","Perfume Oil","Exact perfume-oil bottle image + direct image URL","https://sandandfoghome.com/products/white-vanilla-perfume-oil","CANONICAL_PRODUCT_CLASS_OIL_BODYCARE_CORRECTION_V1",""
"189","Sand + Fog","Wildflower & Honey","Perfume Oil","Exact perfume-oil bottle image + direct image URL","https://sandandfoghome.com/products/wildflower-honey-50ml-perfume-oil-dropper","CANONICAL_PRODUCT_CLASS_OIL_BODYCARE_CORRECTION_V1",""
"190","Sand + Fog","19th Hole","Eau de Toilette","Exact bottle/product image + direct image URL","https://sandandfoghome.com/products/19th-hole-100-ml-eau-de-toilette","FACTORY_REBUILD_FROM_CANONICAL_TRUTH",""
"191","Sand + Fog","About Last Night","Eau de Toilette","Exact bottle/product image + direct image URL","https://sandandfoghome.com/products/rose-peony-70-ml-eau-de-toilette","FACTORY_REBUILD_FROM_CANONICAL_TRUTH",""
"192","Sand + Fog","After Midnight","Eau de Toilette","Exact bottle/product image + direct image URL","https://sandandfoghome.com/products/after-midnight-70-ml-eau-de-toilette","FACTORY_REBUILD_FROM_CANONICAL_TRUTH",""
"193","Sand + Fog","Amber & Pear","Eau de Toilette","Exact bottle/product image + direct image URL","https://sandandfoghome.com/products/amber-pear-100-ml-eau-de-toilette","FACTORY_REBUILD_FROM_CANONICAL_TRUTH",""
"194","Sand + Fog","Amber Bloom","Eau de Toilette","Exact bottle/product image + direct image URL","https://sandandfoghome.com/products/amber-bloom-100-ml-eau-de-toilette","FACTORY_REBUILD_FROM_CANONICAL_TRUTH",""
"195","Sand + Fog","Amber Cove","Eau de Toilette","Exact bottle/product image + direct image URL","https://sandandfoghome.com/products/amber-cove-100-ml-eau-de-toilette","FACTORY_REBUILD_FROM_CANONICAL_TRUTH",""
"196","Sand + Fog","Amber Musk","Eau de Toilette","Exact bottle/product image + direct image URL","https://sandandfoghome.com/products/amber-musk-100-ml-eau-de-toilette","FACTORY_REBUILD_FROM_CANONICAL_TRUTH",""
"197","Sand + Fog","Balinese Coconut","Lotion","Exact bottle/product image + direct image URL","https://sandandfoghome.com/products/balinese-coconut-body-lotion","FACTORY_REBUILD_FROM_CANONICAL_TRUTH",""
"198","Sand + Fog","Balinese Coconut","Body Perfume","Exact bottle/product image + direct image URL","https://sandandfoghome.com/products/balinese-coconut-106-ml-shimmer-hair-body-perfume","FACTORY_REBUILD_FROM_CANONICAL_TRUTH",""
"199","Sand + Fog","Balinese Coconut","Fragrance","Exact bottle/product image + direct image URL","https://sandandfoghome.com/products/balinese-coconut-106-ml-shimmer-hair-body-perfume","FACTORY_REBUILD_FROM_CANONICAL_TRUTH",""
"200","Sand + Fog","Banana Cream","Eau de Toilette","Exact bottle/product image + direct image URL","https://sandandfoghome.com/products/banana-cream-100-ml-eau-de-toilette","FACTORY_REBUILD_FROM_CANONICAL_TRUTH",""
"201","Sand + Fog","Banana Crème","Body Butter","Exact bottle/product image + direct image URL","https://sandandfoghome.com/products/banana-creme-12-7-oz-body-scrub","FACTORY_REBUILD_FROM_CANONICAL_TRUTH",""
"202","Sand + Fog","Berries & Cream","Eau de Toilette","Exact bottle/product image + direct image URL","https://sandandfoghome.com/products/berries-cream-100-ml-eau-de-toilette","FACTORY_REBUILD_FROM_CANONICAL_TRUTH",""
"203","Sand + Fog","California Beach House","Fragrance","Exact bottle/product image + direct image URL","https://sandandfoghome.com/products/california-beach-house-9-35-oz-gel-scent-beads","FACTORY_REBUILD_FROM_CANONICAL_TRUTH",""
"204","Sand + Fog","California Beach House","Lotion","Exact bottle/product image + direct image URL","https://sandandfoghome.com/products/california-beach-house-body-lotion","FACTORY_REBUILD_FROM_CANONICAL_TRUTH",""
"205","Sand + Fog","Candy Cloud","Eau de Toilette","Exact bottle/product image + direct image URL","https://sandandfoghome.com/products/candy-cloud-50-ml-100-ml-eau-de-toilette","FACTORY_REBUILD_FROM_CANONICAL_TRUTH",""
"206","Sand + Fog","Cashmere & Linen","Fragrance","Exact bottle/product image + direct image URL","https://sandandfoghome.com/products/cashmere-linen-11-5-oz-fabric-spray","FACTORY_REBUILD_FROM_CANONICAL_TRUTH",""
"207","Sand + Fog","Cherry Kiss","Eau de Toilette","Exact bottle/product image + direct image URL","https://sandandfoghome.com/products/cherry-kiss-50-ml-eau-de-toilette","FACTORY_REBUILD_FROM_CANONICAL_TRUTH",""
"208","Sand + Fog","Citrus Blossom","Eau de Toilette","Exact bottle/product image + direct image URL","https://sandandfoghome.com/products/citrus-blossom-70-ml-eau-de-toilette","FACTORY_REBUILD_FROM_CANONICAL_TRUTH",""
"209","Sand + Fog","Clean Waves","Fragrance","Exact bottle/product image + direct image URL","https://sandandfoghome.com/products/clean-waves-11-8-oz-fabric-spray","FACTORY_REBUILD_FROM_CANONICAL_TRUTH",""
"210","Sand + Fog","Coastal Bloom","Eau de Toilette","Exact bottle/product image + direct image URL","https://sandandfoghome.com/products/coastal-bloom-100-ml-eau-de-toilette","FACTORY_REBUILD_FROM_CANONICAL_TRUTH",""
"211","Sand + Fog","Coastal Cashmere","Eau de Toilette","Exact bottle/product image + direct image URL","https://sandandfoghome.com/products/coastal-cashmere-100-ml-eau-de-toilette-1","FACTORY_REBUILD_FROM_CANONICAL_TRUTH",""
"212","Sand + Fog","Coastal Cashmere","Lotion","Exact bottle/product image + direct image URL","https://sandandfoghome.com/products/coastal-cashmere-body-lotion","FACTORY_REBUILD_FROM_CANONICAL_TRUTH",""
"213","Sand + Fog","Cobalt","Eau de Toilette","Exact bottle/product image + direct image URL","https://sandandfoghome.com/products/cobalt-95-ml-eau-de-toilette","FACTORY_REBUILD_FROM_CANONICAL_TRUTH",""
"214","Sand + Fog","Coconut & Lychee","Fragrance","Exact bottle/product image + direct image URL","https://sandandfoghome.com/products/coconut-lychee-9-35-oz-gel-scent-beads","FACTORY_REBUILD_FROM_CANONICAL_TRUTH",""
"215","Sand + Fog","Coconut Beach","Body Oil","Exact bottle/product image + direct image URL","https://sandandfoghome.com/products/coconut-beach-8-12oz-hyaluronic-body-serum","FACTORY_REBUILD_FROM_CANONICAL_TRUTH",""
"216","Sand + Fog","Coconut Cream","Eau de Toilette","Exact bottle/product image + direct image URL","https://sandandfoghome.com/products/coconut-cream-50-ml-eau-de-toilette","FACTORY_REBUILD_FROM_CANONICAL_TRUTH",""
"217","Sand + Fog","Coconut Cream","Body Oil","Exact bottle/product image + direct image URL","https://sandandfoghome.com/products/coconut-cream-4-oz-illuminating-body-oil","FACTORY_REBUILD_FROM_CANONICAL_TRUTH",""
"218","Sand + Fog","Coconut Creme","Eau de Toilette","Exact bottle/product image + direct image URL","https://sandandfoghome.com/products/coconut-creme-100-ml-eau-de-toilette","FACTORY_REBUILD_FROM_CANONICAL_TRUTH",""
"219","Sand + Fog","Coconut Crème","Body Butter","Exact bottle/product image + direct image URL","https://sandandfoghome.com/products/coconut-cream-16-9-oz-whipped-body-butter","FACTORY_REBUILD_FROM_CANONICAL_TRUTH",""
"220","Sand + Fog","Cotton Candy","Body Butter","Exact bottle/product image + direct image URL","https://sandandfoghome.com/products/cotton-candy-16-9-oz-whipped-body-butter","FACTORY_REBUILD_FROM_CANONICAL_TRUTH",""
"221","Sand + Fog","Dark Woods","Eau de Toilette","Exact bottle/product image + direct image URL","https://sandandfoghome.com/products/dark-woods-3-38-ml-eau-de-toilette","FACTORY_REBUILD_FROM_CANONICAL_TRUTH",""
"222","Sand + Fog","Dinner Date","Eau de Toilette","Exact bottle/product image + direct image URL","https://sandandfoghome.com/products/velvet-blossom-70-ml-eau-de-toilette","FACTORY_REBUILD_FROM_CANONICAL_TRUTH",""
"223","Sand + Fog","Dreamist Coconut Beach","Eau de Toilette","Exact bottle/product image + direct image URL","https://sandandfoghome.com/products/dreamist-coconut-beach-100-ml-eau-de-toilette","FACTORY_REBUILD_FROM_CANONICAL_TRUTH",""
"224","Sand + Fog","Dreamist Marshmallow Skies","Eau de Toilette","Exact bottle/product image + direct image URL","https://sandandfoghome.com/products/marshmallow-skies-100-ml-eau-de-toilette-2","FACTORY_REBUILD_FROM_CANONICAL_TRUTH",""
"225","Sand + Fog","Driftwood & Leather","Eau de Toilette","Exact bottle/product image + direct image URL","https://sandandfoghome.com/products/driftwood-leather-3-38-oz-eau-de-toilette-1","FACTORY_REBUILD_FROM_CANONICAL_TRUTH",""
"226","Sand + Fog","Dune","Eau de Toilette","Exact bottle/product image + direct image URL","https://sandandfoghome.com/products/dune-100-ml-eau-de-toilette","FACTORY_REBUILD_FROM_CANONICAL_TRUTH",""
"227","Sand + Fog","Eau No You Don't","Eau de Toilette","Exact bottle/product image + direct image URL","https://sandandfoghome.com/products/citrus-blossom-70-ml-eau-de-toilette-copy","FACTORY_REBUILD_FROM_CANONICAL_TRUTH",""
"228","Sand + Fog","Enchanted","Eau de Toilette","Exact bottle/product image + direct image URL","https://sandandfoghome.com/products/enchanted-100-ml-eau-de-toilette","FACTORY_REBUILD_FROM_CANONICAL_TRUTH",""
"229","Sand + Fog","Fresh Cotton","Fragrance","Exact bottle/product image + direct image URL","https://sandandfoghome.com/products/fresh-cotton-9-35-oz-gel-scent-beads-pack-of-2","FACTORY_REBUILD_FROM_CANONICAL_TRUTH",""
"230","Sand + Fog","Golden Glow","Eau de Toilette","Exact bottle/product image + direct image URL","https://sandandfoghome.com/products/golden-glow-70-ml-eau-de-toilette","FACTORY_REBUILD_FROM_CANONICAL_TRUTH",""
"231","Sand + Fog","Golden Hour","Eau de Toilette","Exact bottle/product image + direct image URL","https://sandandfoghome.com/products/golden-hour-70-ml-eau-de-toilette","FACTORY_REBUILD_FROM_CANONICAL_TRUTH",""
"232","Sand + Fog","Guava Mango","Body Butter","Exact bottle/product image + direct image URL","https://sandandfoghome.com/products/guava-mango-12-7-oz-body-scrub","FACTORY_REBUILD_FROM_CANONICAL_TRUTH",""
"233","Sand + Fog","Innocence","Eau de Toilette","Exact bottle/product image + direct image URL","https://sandandfoghome.com/products/innocence-100-ml-eau-de-toilette","FACTORY_REBUILD_FROM_CANONICAL_TRUTH",""
"234","Sand + Fog","Italian Citrus","Eau de Toilette","Exact bottle/product image + direct image URL","https://sandandfoghome.com/products/italian-citrus-100-ml-eau-de-toilette","FACTORY_REBUILD_FROM_CANONICAL_TRUTH",""
"235","Sand + Fog","Jasmine & Cedarwood","Eau de Toilette","Exact bottle/product image + direct image URL","https://sandandfoghome.com/products/jasmine-cedarwood-100-ml-eau-de-toilette","FACTORY_REBUILD_FROM_CANONICAL_TRUTH",""
"236","Sand + Fog","Laundry Day","Fragrance","Exact bottle/product image + direct image URL","https://sandandfoghome.com/products/laundry-day-11-5-oz-fabric-spray","FACTORY_REBUILD_FROM_CANONICAL_TRUTH",""
"237","Sand + Fog","Leather & Cashmere","Eau de Toilette","Exact bottle/product image + direct image URL","https://sandandfoghome.com/products/leather-cashmere-3-38-ml-eau-de-toilette","FACTORY_REBUILD_FROM_CANONICAL_TRUTH",""
"238","Sand + Fog","Lemon Sugar","Eau de Toilette","Exact bottle/product image + direct image URL","https://sandandfoghome.com/products/lemon-sugar-100-ml-eau-de-toilette","FACTORY_REBUILD_FROM_CANONICAL_TRUTH",""
"239","Sand + Fog","Lilac Wine","Eau de Toilette","Exact bottle/product image + direct image URL","https://sandandfoghome.com/products/lilac-wine-100-ml-eau-de-toilette","FACTORY_REBUILD_FROM_CANONICAL_TRUTH",""
"240","Sand + Fog","Love Letters","Eau de Toilette","Exact bottle/product image + direct image URL","https://sandandfoghome.com/products/love-letters-70-ml-eau-de-toilette","FACTORY_REBUILD_FROM_CANONICAL_TRUTH",""
"241","Sand + Fog","Love Potion","Eau de Toilette","Exact bottle/product image + direct image URL","https://sandandfoghome.com/products/love-potion-70-ml-eau-de-toilette","FACTORY_REBUILD_FROM_CANONICAL_TRUTH",""
"242","Sand + Fog","Lunch Date","Eau de Toilette","Exact bottle/product image + direct image URL","https://sandandfoghome.com/products/lunch-date-70-ml-eau-de-toilette","FACTORY_REBUILD_FROM_CANONICAL_TRUTH",""
"243","Sand + Fog","Lychee Dream","Eau de Toilette","Exact bottle/product image + direct image URL","https://sandandfoghome.com/products/lychee-dream-100-ml-eau-de-toilette","FACTORY_REBUILD_FROM_CANONICAL_TRUTH",""
"244","Sand + Fog","Malibu","Body Butter","Exact bottle/product image + direct image URL","https://sandandfoghome.com/products/malibu-12-7-oz-body-scrub","FACTORY_REBUILD_FROM_CANONICAL_TRUTH",""
"245","Sand + Fog","Mango Gelato","Body Butter","Exact bottle/product image + direct image URL","https://sandandfoghome.com/products/mango-gelato-16-9-oz-whipped-body-butter","FACTORY_REBUILD_FROM_CANONICAL_TRUTH",""
"246","Sand + Fog","Marine Breeze","Eau de Toilette","Exact bottle/product image + direct image URL","https://sandandfoghome.com/products/marine-breeze-3-38-ml-eau-de-toilette","FACTORY_REBUILD_FROM_CANONICAL_TRUTH",""
"247","Sand + Fog","Marshmallow Cream","Eau de Toilette","Exact bottle/product image + direct image URL","https://sandandfoghome.com/products/marshmallow-cream-100-ml-eau-de-toilette","FACTORY_REBUILD_FROM_CANONICAL_TRUTH",""
"248","Sand + Fog","Marshmallow Skies","Body Oil","Exact bottle/product image + direct image URL","https://sandandfoghome.com/products/marshmallow-skies-8-12oz-hyaluronic-body-serum","FACTORY_REBUILD_FROM_CANONICAL_TRUTH",""
"249","Sand + Fog","Marshmallow Skies","Fragrance","Exact bottle/product image + direct image URL","https://sandandfoghome.com/products/marshmallow-skies-9-35-oz-gel-scent-beads","FACTORY_REBUILD_FROM_CANONICAL_TRUTH",""
"250","Sand + Fog","Marshmallow Skies","Eau de Toilette","Exact bottle/product image + direct image URL","https://sandandfoghome.com/products/marshmallow-skies-100-ml-eau-de-toilette","FACTORY_REBUILD_FROM_CANONICAL_TRUTH",""
"251","Sand + Fog","Mist Behave","Eau de Toilette","Exact bottle/product image + direct image URL","https://sandandfoghome.com/products/mist-behave-70-ml-eau-de-toilette","FACTORY_REBUILD_FROM_CANONICAL_TRUTH",""
"252","Sand + Fog","Morning Mood","Eau de Toilette","Exact bottle/product image + direct image URL","https://sandandfoghome.com/products/morning-mood-70-ml-eau-de-toilette","FACTORY_REBUILD_FROM_CANONICAL_TRUTH",""
"253","Sand + Fog","Moroccan Amber","Lotion","Exact bottle/product image + direct image URL","https://sandandfoghome.com/products/moroccan-amber-body-lotion-1","FACTORY_REBUILD_FROM_CANONICAL_TRUTH",""
"254","Sand + Fog","Moroccan Amber","Body Oil","Exact bottle/product image + direct image URL","https://sandandfoghome.com/products/moroccan-amber-4-oz-illuminating-body-oil","FACTORY_REBUILD_FROM_CANONICAL_TRUTH",""
"255","Sand + Fog","Morocco","Eau de Toilette","Exact bottle/product image + direct image URL","https://sandandfoghome.com/products/morocco-100-ml-eau-de-toilette","FACTORY_REBUILD_FROM_CANONICAL_TRUTH",""
"256","Sand + Fog","Mykonos","Eau de Toilette","Exact bottle/product image + direct image URL","https://sandandfoghome.com/products/mykonos-100-ml-eau-de-toilette","FACTORY_REBUILD_FROM_CANONICAL_TRUTH",""
"257","Sand + Fog","Note To Self","Eau de Toilette","Exact bottle/product image + direct image URL","https://sandandfoghome.com/products/note-to-self-70-ml-eau-de-toilette","FACTORY_REBUILD_FROM_CANONICAL_TRUTH",""
"258","Sand + Fog","Ocean Mist","Body Butter","Exact bottle/product image + direct image URL","https://sandandfoghome.com/products/ocean-mist-16-9-oz-whipped-body-butter","FACTORY_REBUILD_FROM_CANONICAL_TRUTH",""
"259","Sand + Fog","Onyx","Eau de Toilette","Exact bottle/product image + direct image URL","https://sandandfoghome.com/products/driftwood-leather-3-38-oz-eau-de-toilette","FACTORY_REBUILD_FROM_CANONICAL_TRUTH",""
"260","Sand + Fog","Orange Cream","Body Butter","Exact bottle/product image + direct image URL","https://sandandfoghome.com/products/orange-cream-12-7-oz-body-scrub","FACTORY_REBUILD_FROM_CANONICAL_TRUTH",""
"261","Sand + Fog","Pear Blossom","Eau de Toilette","Exact bottle/product image + direct image URL","https://sandandfoghome.com/products/pear-blossom-100-ml-eau-de-toilette-1","FACTORY_REBUILD_FROM_CANONICAL_TRUTH",""
"262","Sand + Fog","Peony & Lily","Eau de Toilette","Exact bottle/product image + direct image URL","https://sandandfoghome.com/products/peony-lily-100-ml-eau-de-toilette","FACTORY_REBUILD_FROM_CANONICAL_TRUTH",""
"263","Sand + Fog","Pillow Talk","Eau de Toilette","Exact bottle/product image + direct image URL","https://sandandfoghome.com/products/pillow-talk-70-ml-eau-de-toilette","FACTORY_REBUILD_FROM_CANONICAL_TRUTH",""
"264","Sand + Fog","Pineapple Coconut","Body Butter","Exact bottle/product image + direct image URL","https://sandandfoghome.com/products/pineapple-coconut-16-9-oz-whipped-body-butter","FACTORY_REBUILD_FROM_CANONICAL_TRUTH",""
"265","Sand + Fog","Pistachio Dream","Eau de Toilette","Exact bottle/product image + direct image URL","https://sandandfoghome.com/products/pistachio-dream-100-ml-eau-de-toilette","FACTORY_REBUILD_FROM_CANONICAL_TRUTH",""
"266","Sand + Fog","Pistachio Dream","Body Butter","Exact bottle/product image + direct image URL","https://sandandfoghome.com/products/pistachio-dream-12-7-oz-body-scrub","FACTORY_REBUILD_FROM_CANONICAL_TRUTH",""
"267","Sand + Fog","Pumpkin Crème","Body Butter","Exact bottle/product image + direct image URL","https://sandandfoghome.com/products/pumpkin-creme-16-9-oz-whipped-body-butter","FACTORY_REBUILD_FROM_CANONICAL_TRUTH",""
"268","Sand + Fog","Raspberry Dream","Body Butter","Exact bottle/product image + direct image URL","https://sandandfoghome.com/products/raspberry-dream-16-9-oz-whipped-body-butter","FACTORY_REBUILD_FROM_CANONICAL_TRUTH",""
"269","Sand + Fog","Santal & Cardamom","Fragrance","Exact bottle/product image + direct image URL","https://sandandfoghome.com/products/santal-cardamom-71-oz-laundry-detergent-1","FACTORY_REBUILD_FROM_CANONICAL_TRUTH",""
"270","Sand + Fog","Santal & Vanilla","Lotion","Exact bottle/product image + direct image URL","https://sandandfoghome.com/products/santal-vanilla-body-lotion","FACTORY_REBUILD_FROM_CANONICAL_TRUTH",""
"271","Sand + Fog","Silk Musk","Eau de Toilette","Exact bottle/product image + direct image URL","https://sandandfoghome.com/products/silk-musk-100-ml-eau-de-toilette","FACTORY_REBUILD_FROM_CANONICAL_TRUTH",""
"272","Sand + Fog","Slow Dance","Eau de Toilette","Exact bottle/product image + direct image URL","https://sandandfoghome.com/products/slow-dance-70-ml-eau-de-toilette","FACTORY_REBUILD_FROM_CANONICAL_TRUTH",""
"273","Sand + Fog","Smoke Show","Eau de Toilette","Exact bottle/product image + direct image URL","https://sandandfoghome.com/products/smoke-show-70-ml-eau-de-toilette","FACTORY_REBUILD_FROM_CANONICAL_TRUTH",""
"274","Sand + Fog","Snooze Button","Eau de Toilette","Exact bottle/product image + direct image URL","https://sandandfoghome.com/products/snooze-button-70-ml-eau-de-toilette","FACTORY_REBUILD_FROM_CANONICAL_TRUTH",""
"275","Sand + Fog","Soft Skin","Eau de Toilette","Exact bottle/product image + direct image URL","https://sandandfoghome.com/products/soft-skin-100-ml-eau-de-toilette","FACTORY_REBUILD_FROM_CANONICAL_TRUTH",""
"276","Sand + Fog","Sol Crush","Body Perfume","Exact bottle/product image + direct image URL","https://sandandfoghome.com/products/sol-crush-106-ml-shimmer-hair-body-perfume","FACTORY_REBUILD_FROM_CANONICAL_TRUTH",""
"277","Sand + Fog","Sol Crush","Fragrance","Exact bottle/product image + direct image URL","https://sandandfoghome.com/products/sol-crush-106-ml-shimmer-hair-body-perfume","FACTORY_REBUILD_FROM_CANONICAL_TRUTH",""
"278","Sand + Fog","Spa Day","Eau de Toilette","Exact bottle/product image + direct image URL","https://sandandfoghome.com/products/spa-day-70-ml-eau-de-toilette","FACTORY_REBUILD_FROM_CANONICAL_TRUTH",""
"279","Sand + Fog","Sparkling Rose","Eau de Toilette","Exact bottle/product image + direct image URL","https://sandandfoghome.com/products/sparkling-rose-70-ml-eau-de-toilette","FACTORY_REBUILD_FROM_CANONICAL_TRUTH",""
"280","Sand + Fog","Starfruit Blossom","Eau de Toilette","Exact bottle/product image + direct image URL","https://sandandfoghome.com/products/starfruit-blossom-100-ml-eau-de-toilette","FACTORY_REBUILD_FROM_CANONICAL_TRUTH",""
"281","Sand + Fog","Strawberry Shake","Body Oil","Exact bottle/product image + direct image URL","https://sandandfoghome.com/products/strawberry-shake-8-12oz-hyaluronic-body-serum","FACTORY_REBUILD_FROM_CANONICAL_TRUTH",""
"282","Sand + Fog","Strawberry Shake","Eau de Toilette","Exact bottle/product image + direct image URL","https://sandandfoghome.com/products/strawberry-shake-100-ml-eau-de-toilette","FACTORY_REBUILD_FROM_CANONICAL_TRUTH",""
"283","Sand + Fog","Strawberry Spritz","Eau de Toilette","Exact bottle/product image + direct image URL","https://sandandfoghome.com/products/strawberry-spritz-100-ml-eau-de-toilette","FACTORY_REBUILD_FROM_CANONICAL_TRUTH",""
"284","Sand + Fog","Strawberry Spritz","Body Perfume","Exact bottle/product image + direct image URL","https://sandandfoghome.com/products/strawberry-spritz-106-ml-shimmer-hair-body-perfume","FACTORY_REBUILD_FROM_CANONICAL_TRUTH",""
"285","Sand + Fog","Strawberry Spritz","Fragrance","Exact bottle/product image + direct image URL","https://sandandfoghome.com/products/strawberry-spritz-106-ml-shimmer-hair-body-perfume","FACTORY_REBUILD_FROM_CANONICAL_TRUTH",""
"286","Sand + Fog","Strawberry Spritz","Body Oil","Exact bottle/product image + direct image URL","https://sandandfoghome.com/products/strawberry-spritz-4-oz-illuminating-body-oil","FACTORY_REBUILD_FROM_CANONICAL_TRUTH",""
"287","Sand + Fog","Sugar & Amber","Eau de Toilette","Exact bottle/product image + direct image URL","https://sandandfoghome.com/products/sugar-amber-100-ml-eau-de-toilette","FACTORY_REBUILD_FROM_CANONICAL_TRUTH",""
"288","Sand + Fog","Sultry Whisper","Eau de Toilette","Exact bottle/product image + direct image URL","https://sandandfoghome.com/products/sultry-whisper-70-ml-eau-de-toilette","FACTORY_REBUILD_FROM_CANONICAL_TRUTH",""
"289","Sand + Fog","Sweet Almond","Lotion","Exact bottle/product image + direct image URL","https://sandandfoghome.com/products/sweet-almond-body-lotion","FACTORY_REBUILD_FROM_CANONICAL_TRUTH",""
"290","Sand + Fog","Sweet Apple","Eau de Toilette","Exact bottle/product image + direct image URL","https://sandandfoghome.com/products/sweet-apple-100-ml-eau-de-toilette","FACTORY_REBUILD_FROM_CANONICAL_TRUTH",""
"291","Sand + Fog","Sweet Honey","Body Oil","Exact bottle/product image + direct image URL","https://sandandfoghome.com/products/sweet-honey-4-oz-illuminating-body-oil","FACTORY_REBUILD_FROM_CANONICAL_TRUTH",""
"292","Sand + Fog","Sweet Nothings","Eau de Toilette","Exact bottle/product image + direct image URL","https://sandandfoghome.com/products/sweet-nothings-70-ml-eau-de-toilette","FACTORY_REBUILD_FROM_CANONICAL_TRUTH",""
"293","Sand + Fog","Sweet Rose","Eau de Toilette","Exact bottle/product image + direct image URL","https://sandandfoghome.com/products/sweet-rose-100-ml-eau-de-toilette","FACTORY_REBUILD_FROM_CANONICAL_TRUTH",""
"294","Sand + Fog","Tahitian Vanilla","Lotion","Exact bottle/product image + direct image URL","https://sandandfoghome.com/products/tahitian-vanilla-body-lotion","FACTORY_REBUILD_FROM_CANONICAL_TRUTH",""
"295","Sand + Fog","Te Amo","Eau de Toilette","Exact bottle/product image + direct image URL","https://sandandfoghome.com/products/te-amo-70-ml-eau-de-toilette","FACTORY_REBUILD_FROM_CANONICAL_TRUTH",""
"296","Sand + Fog","Teakwood","Fragrance","Exact bottle/product image + direct image URL","https://sandandfoghome.com/products/teakwood-9-35-oz-gel-scent-beads","FACTORY_REBUILD_FROM_CANONICAL_TRUTH",""
"297","Sand + Fog","Teakwood","Eau de Toilette","Exact bottle/product image + direct image URL","https://sandandfoghome.com/products/teakwood-95-ml-eau-de-toilette","FACTORY_REBUILD_FROM_CANONICAL_TRUTH",""
"298","Sand + Fog","Toasted Marshmallow","Body Butter","Exact bottle/product image + direct image URL","https://sandandfoghome.com/products/toasted-marshmallow-12-7-oz-body-scrub","FACTORY_REBUILD_FROM_CANONICAL_TRUTH",""
"299","Sand + Fog","Vanilla & Amber","Eau de Toilette","Exact bottle/product image + direct image URL","https://sandandfoghome.com/products/vanilla-amber-100-ml-eau-de-toilette","FACTORY_REBUILD_FROM_CANONICAL_TRUTH",""
"300","Sand + Fog","Vanilla Almond","Eau de Toilette","Exact bottle/product image + direct image URL","https://sandandfoghome.com/products/vanilla-almond-100-ml-eau-de-toilette","FACTORY_REBUILD_FROM_CANONICAL_TRUTH",""
"301","Sand + Fog","Vanilla Bloom","Eau de Toilette","Exact bottle/product image + direct image URL","https://sandandfoghome.com/products/vanilla-bloom-70-ml-eau-de-toilette","FACTORY_REBUILD_FROM_CANONICAL_TRUTH",""
"302","Sand + Fog","Vanilla Cake","Body Butter","Exact bottle/product image + direct image URL","https://sandandfoghome.com/products/vanilla-cake-16-9-oz-whipped-body-butter","FACTORY_REBUILD_FROM_CANONICAL_TRUTH",""
"303","Sand + Fog","Vanilla Cake","Eau de Toilette","Exact bottle/product image + direct image URL","https://sandandfoghome.com/products/vanilla-cake-100-ml-eau-de-toilette","FACTORY_REBUILD_FROM_CANONICAL_TRUTH",""
"304","Sand + Fog","Vanilla Latte","Body Butter","Exact bottle/product image + direct image URL","https://sandandfoghome.com/products/vanilla-latte-16-9-oz-whipped-body-butter","FACTORY_REBUILD_FROM_CANONICAL_TRUTH",""
"305","Sand + Fog","Vanilla Marshmallow","Eau de Toilette","Exact bottle/product image + direct image URL","https://sandandfoghome.com/products/vanilla-marshmallow-100-ml-eau-de-toilette","FACTORY_REBUILD_FROM_CANONICAL_TRUTH",""
"306","Sand + Fog","Vanilla Musk","Body Oil","Exact bottle/product image + direct image URL","https://sandandfoghome.com/products/vanilla-musk-8-12oz-hyaluronic-body-serum","FACTORY_REBUILD_FROM_CANONICAL_TRUTH",""
"307","Sand + Fog","Vanilla Musk","Lotion","Exact bottle/product image + direct image URL","https://sandandfoghome.com/products/vanilla-musk-body-lotion-1","FACTORY_REBUILD_FROM_CANONICAL_TRUTH",""
"308","Sand + Fog","Vanilla Musk","Body Butter","Exact bottle/product image + direct image URL","https://sandandfoghome.com/products/vanilla-musk-10-oz-body-scrub","FACTORY_REBUILD_FROM_CANONICAL_TRUTH",""
"309","Sand + Fog","Vanilla Musk","Eau de Toilette","Exact bottle/product image + direct image URL","https://sandandfoghome.com/products/vanilla-musk-100ml-eau-de-toilette","FACTORY_REBUILD_FROM_CANONICAL_TRUTH",""
"310","Sand + Fog","Vanilla Orchid","Body Butter","Exact bottle/product image + direct image URL","https://sandandfoghome.com/products/vanilla-orchid-16-9-oz-whipped-body-butter","FACTORY_REBUILD_FROM_CANONICAL_TRUTH",""
"311","Sand + Fog","Vanilla Reserve","Eau de Toilette","Exact bottle/product image + direct image URL","https://sandandfoghome.com/products/vanilla-reserve-100-ml-eau-de-toilette","FACTORY_REBUILD_FROM_CANONICAL_TRUTH",""
"312","Sand + Fog","Vanilla Sands","Fragrance","Exact bottle/product image + direct image URL","https://sandandfoghome.com/products/vanilla-sands-106-ml-shimmer-hair-body-perfume","FACTORY_REBUILD_FROM_CANONICAL_TRUTH",""
"313","Sand + Fog","Vanilla Sands","Body Perfume","Exact bottle/product image + direct image URL","https://sandandfoghome.com/products/vanilla-sands-106-ml-shimmer-hair-body-perfume","FACTORY_REBUILD_FROM_CANONICAL_TRUTH",""
"314","Sand + Fog","Vanilla Sugar","Fragrance","Exact bottle/product image + direct image URL","https://sandandfoghome.com/products/vanilla-sugar-106-ml-shimmer-hair-body-perfume","FACTORY_REBUILD_FROM_CANONICAL_TRUTH",""
"315","Sand + Fog","Vanilla Sugar","Eau de Toilette","Exact bottle/product image + direct image URL","https://sandandfoghome.com/products/vanilla-sugar-100-ml-eau-de-toilette","FACTORY_REBUILD_FROM_CANONICAL_TRUTH",""
"316","Sand + Fog","Vanilla Sugar","Body Perfume","Exact bottle/product image + direct image URL","https://sandandfoghome.com/products/vanilla-sugar-106-ml-shimmer-hair-body-perfume","FACTORY_REBUILD_FROM_CANONICAL_TRUTH",""
"317","Sand + Fog","Vienna","Eau de Toilette","Exact bottle/product image + direct image URL","https://sandandfoghome.com/products/vienna-100-ml-eau-de-toilette","FACTORY_REBUILD_FROM_CANONICAL_TRUTH",""
"318","Sand + Fog","Violet Sandalwood","Eau de Toilette","Exact bottle/product image + direct image URL","https://sandandfoghome.com/products/violet-sandalwood-100-ml-eau-de-toilette","FACTORY_REBUILD_FROM_CANONICAL_TRUTH",""
"319","Sand + Fog","Violet Sandalwood","Lotion","Exact bottle/product image + direct image URL","https://sandandfoghome.com/products/violet-sandalwood-body-lotion","FACTORY_REBUILD_FROM_CANONICAL_TRUTH",""
"320","Sand + Fog","Washed Linen","Fragrance","Exact bottle/product image + direct image URL","https://sandandfoghome.com/products/washed-linen-11-5-oz-fabric-spray","FACTORY_REBUILD_FROM_CANONICAL_TRUTH",""
"321","Sand + Fog","Watermelon Sugar","Body Butter","Exact bottle/product image + direct image URL","https://sandandfoghome.com/products/watermelon-sugar-12-7-oz-body-scrub","FACTORY_REBUILD_FROM_CANONICAL_TRUTH",""
"322","Sand + Fog","White Vanilla","Body Oil","Exact bottle/product image + direct image URL","https://sandandfoghome.com/products/white-vanilla-4-oz-illuminating-body-oil","FACTORY_REBUILD_FROM_CANONICAL_TRUTH",""
"323","Sand + Fog","White Vanilla","Eau de Toilette","Exact bottle/product image + direct image URL","https://sandandfoghome.com/products/white-vanilla-100-ml-eau-de-toilette","FACTORY_REBUILD_FROM_CANONICAL_TRUTH",""
"324","Al Haramain","Empress of Perfume x 6","Perfume Oil","Exact perfume-oil bottle image + direct image URL","https://us.alharamainperfumes.com/en/al-haramain-empress-of-perfume-144ml.html","CANONICAL_PRODUCT_CLASS_OIL_BODYCARE_CORRECTION_V1",""
"325","Al Haramain","Mukhallath Al Sultan With KT & Necklace","Perfume Oil","Exact perfume-oil bottle image + direct image URL","https://us.alharamainperfumes.com/en/mukhallath-al-sultan.html","CANONICAL_PRODUCT_CLASS_OIL_BODYCARE_CORRECTION_V1",""
"326","Anfar","ARKAN ADYAN BY ANFAR","Perfume Oil","Exact perfume-oil bottle image + direct image URL","https://anfarperfumes.com/products/arkan-adyan-by-anfar-concentrated-perfume-oil-12-ml","CANONICAL_PRODUCT_CLASS_OIL_BODYCARE_CORRECTION_V1",""
"327","Anfar","BLUEBERRY MUSK ADYAN BY ANFAR CPO","Perfume Oil","Exact perfume-oil bottle image + direct image URL","https://anfarperfumes.com/products/blueberry-musk-adyan-by-anfar-cpo-12ml","CANONICAL_PRODUCT_CLASS_OIL_BODYCARE_CORRECTION_V1",""
"328","Anfar","FAKHAR AL JAMAL ADYAN BY ANFAR CPO","Perfume Oil","Exact perfume-oil bottle image + direct image URL","https://anfarperfumes.com/products/fakhar-al-jamal-adyan-by-anfar-cpo-12-ml","CANONICAL_PRODUCT_CLASS_OIL_BODYCARE_CORRECTION_V1",""
"329","Anfar","MUSK EXCLUSIVE ADYAN BY ANFAR","Perfume Oil","Exact perfume-oil bottle image + direct image URL","https://anfarperfumes.com/products/musk-exclusive-adyan-by-anfar-concentrated-perfume-oil-12ml","CANONICAL_PRODUCT_CLASS_OIL_BODYCARE_CORRECTION_V1",""
"330","Anfar","MUSK SAFA ADYAN BY ANFAR","Perfume Oil","Exact perfume-oil bottle image + direct image URL","https://anfarperfumes.com/products/musk-safa-adyan-by-anfar-concentrated-perfume-oil-12-ml","CANONICAL_PRODUCT_CLASS_OIL_BODYCARE_CORRECTION_V1",""
"331","Anfar","OUD AL WAZIR ADYAN BY ANFAR","Perfume Oil","Exact perfume-oil bottle image + direct image URL","https://anfarperfumes.com/products/oud-al-wazir-adyan-by-anfar-concentrated-perfume-oil-12-ml","CANONICAL_PRODUCT_CLASS_OIL_BODYCARE_CORRECTION_V1",""
"332","Anfar","RUTBAH ADYAN BY ANFAR","Perfume Oil","Exact perfume-oil bottle image + direct image URL","https://anfarperfumes.com/products/rutbah-adyan-by-anfar-concentrated-perfume-oil-12-ml","CANONICAL_PRODUCT_CLASS_OIL_BODYCARE_CORRECTION_V1",""
"333","Anfar","TAJ AL OUD ADYAN BY ANFAR","Perfume Oil","Exact perfume-oil bottle image + direct image URL","https://anfarperfumes.com/products/taj-al-oud-adyan-by-anfar-concentrated-perfume-oil-12ml","CANONICAL_PRODUCT_CLASS_OIL_BODYCARE_CORRECTION_V1",""
"334","Anfar","WHITE MUSK ADYAN BY ANFAR","Perfume Oil","Exact perfume-oil bottle image + direct image URL","https://anfarperfumes.com/products/white-musk-adyan-by-anfar-concentrated-perfume-oil-12ml","CANONICAL_PRODUCT_CLASS_OIL_BODYCARE_CORRECTION_V1",""
"335","Ellis Brooklyn","BLOND MUSK Fragrance Oil","Perfume Oil","Exact perfume-oil bottle image + direct image URL","https://www.ellisbrooklyn.com/products/blond-musk-fragrance-oil-rollerball","CANONICAL_PRODUCT_CLASS_OIL_BODYCARE_CORRECTION_V1",""
"336","Ellis Brooklyn","VANILLA SANTO Fragrance Oil","Perfume Oil","Exact perfume-oil bottle image + direct image URL","https://www.ellisbrooklyn.com/products/vanilla-santo-fragrance-oil-rollerball","CANONICAL_PRODUCT_CLASS_OIL_BODYCARE_CORRECTION_V1",""
"337","Khadlaj","Amazing Set of 4 for Him","Perfume Oil","Exact perfume-oil bottle image + direct image URL","https://khadlaj-perfumes.com/products/amazing-perfume-oil-set-of-4-for-him","CANONICAL_PRODUCT_CLASS_OIL_BODYCARE_CORRECTION_V1",""
"338","Khadlaj","Enchant all with our Set of 4 for Her","Perfume Oil","Exact perfume-oil bottle image + direct image URL","https://khadlaj-perfumes.com/products/enchant-all-with-our-perfume-oil-set-of-4-for-her","CANONICAL_PRODUCT_CLASS_OIL_BODYCARE_CORRECTION_V1",""
"339","Khadlaj","Exquisite Set for Him and Her","Perfume Oil","Exact perfume-oil bottle image + direct image URL","https://khadlaj-perfumes.com/products/exquisite-perfume-oil-set-for-him-and-her","CANONICAL_PRODUCT_CLASS_OIL_BODYCARE_CORRECTION_V1",""
"340","Khadlaj","Finest Set for Him","Perfume Oil","Exact perfume-oil bottle image + direct image URL","https://khadlaj-perfumes.com/products/finest-perfume-oil-set-for-him","CANONICAL_PRODUCT_CLASS_OIL_BODYCARE_CORRECTION_V1",""
"341","Khadlaj","Luxurious Set of 3 for Him","Perfume Oil","Exact perfume-oil bottle image + direct image URL","https://khadlaj-perfumes.com/products/luxurious-perfume-oil-set-of-3-for-him","CANONICAL_PRODUCT_CLASS_OIL_BODYCARE_CORRECTION_V1",""
"342","Khadlaj","Mesmerizing Set of 3 for Him & Her","Perfume Oil","Exact perfume-oil bottle image + direct image URL","https://khadlaj-perfumes.com/products/mesmerizing-perfume-oil-set-of-3-for-him-her","CANONICAL_PRODUCT_CLASS_OIL_BODYCARE_CORRECTION_V1",""
"343","Swiss Arabian","Amaali | Swiss Arabian","Perfume Oil","Exact perfume-oil bottle image + direct image URL","https://us.swissarabian.com/products/amaali","CANONICAL_PRODUCT_CLASS_OIL_BODYCARE_CORRECTION_V1",""
"344","Swiss Arabian","Cocoa Mubakhar | Swiss Arabian","Perfume Oil","Exact perfume-oil bottle image + direct image URL","https://us.swissarabian.com/products/cocoa-mubakhar-20ml-cpo","CANONICAL_PRODUCT_CLASS_OIL_BODYCARE_CORRECTION_V1",""
"345","Swiss Arabian","Dehn El Oud Cambodi | Swiss Arabian","Perfume Oil","Exact perfume-oil bottle image + direct image URL","https://us.swissarabian.com/products/dehn-el-oud-cambodi","CANONICAL_PRODUCT_CLASS_OIL_BODYCARE_CORRECTION_V1",""
"346","Swiss Arabian","Dehn El Oud Mubarak | Swiss Arabian","Perfume Oil","Exact perfume-oil bottle image + direct image URL","https://us.swissarabian.com/products/dehn-el-oud-mubarak","CANONICAL_PRODUCT_CLASS_OIL_BODYCARE_CORRECTION_V1",""
"347","Swiss Arabian","Dehn El Oud Shaheen 949 | Swiss Arabian","Perfume Oil","Exact perfume-oil bottle image + direct image URL","https://us.swissarabian.com/products/dehn-el-oud-shaheen","CANONICAL_PRODUCT_CLASS_OIL_BODYCARE_CORRECTION_V1",""
"348","Swiss Arabian","Essence of Casablanca | Swiss Arabian","Perfume Oil","Exact perfume-oil bottle image + direct image URL","https://us.swissarabian.com/products/essence-of-casablanca-cpo","CANONICAL_PRODUCT_CLASS_OIL_BODYCARE_CORRECTION_V1",""
"349","Swiss Arabian","Gharaam | Swiss Arabian","Perfume Oil","Exact perfume-oil bottle image + direct image URL","https://us.swissarabian.com/products/gharaam-copy-1","CANONICAL_PRODUCT_CLASS_OIL_BODYCARE_CORRECTION_V1",""
"350","Swiss Arabian","Hawa | Swiss Arabian","Perfume Oil","Exact perfume-oil bottle image + direct image URL","https://us.swissarabian.com/products/hawa-copy","CANONICAL_PRODUCT_CLASS_OIL_BODYCARE_CORRECTION_V1",""
"351","Swiss Arabian","Jamila | Swiss Arabian","Perfume Oil","Exact perfume-oil bottle image + direct image URL","https://us.swissarabian.com/products/jamila-1013-15ml-cpo","CANONICAL_PRODUCT_CLASS_OIL_BODYCARE_CORRECTION_V1",""
"352","Swiss Arabian","Kashkha | Swiss Arabian","Perfume Oil","Exact perfume-oil bottle image + direct image URL","https://us.swissarabian.com/products/kashkha","CANONICAL_PRODUCT_CLASS_OIL_BODYCARE_CORRECTION_V1",""
"353","Swiss Arabian","Layali | Swiss Arabian","Perfume Oil","Exact perfume-oil bottle image + direct image URL","https://us.swissarabian.com/products/layali-2","CANONICAL_PRODUCT_CLASS_OIL_BODYCARE_CORRECTION_V1",""
"354","Swiss Arabian","Layali Blanc | Swiss Arabian","Perfume Oil","Exact perfume-oil bottle image + direct image URL","https://us.swissarabian.com/products/swiss-arabian-layali-blanc-arabian-perfume-oil-fragrance-with-white-rose-iris-and-vanilla-luxury-products-from-dubai-long-lasting-addictive-parfum-arabic-perfume-oil-for-women-0-5-oz","CANONICAL_PRODUCT_CLASS_OIL_BODYCARE_CORRECTION_V1",""
"355","Swiss Arabian","Layali Noir | Swiss Arabian","Perfume Oil","Exact perfume-oil bottle image + direct image URL","https://us.swissarabian.com/products/swiss-arabian-layali-noir-arabian-perfume-oil-fragrance-with-cognac-vanilla-and-tonka-luxury-products-from-dubai-long-lasting-addictive-parfum-arabic-perfume-oil-for-women-0-5-oz","CANONICAL_PRODUCT_CLASS_OIL_BODYCARE_CORRECTION_V1",""
"356","Swiss Arabian","Layali Rouge | Swiss Arabian","Perfume Oil","Exact perfume-oil bottle image + direct image URL","https://us.swissarabian.com/products/layali-rouge","CANONICAL_PRODUCT_CLASS_OIL_BODYCARE_CORRECTION_V1",""
"357","Swiss Arabian","Layali Rubis | Swiss Arabian","Perfume Oil","Exact perfume-oil bottle image + direct image URL","https://us.swissarabian.com/products/swiss-arabian-layali-rubis-arabian-perfume-oil-fragrance-with-rose-pear-and-orange-flower-luxury-products-from-dubai-long-lasting-addictive-parfum-arabic-perfume-oil-for-women-0-5-oz","CANONICAL_PRODUCT_CLASS_OIL_BODYCARE_CORRECTION_V1",""
"358","Swiss Arabian","Layali Soleil | Swiss Arabian","Perfume Oil","Exact perfume-oil bottle image + direct image URL","https://us.swissarabian.com/products/swiss-arabian-layali-soleil-arabian-perfume-oil-fragrance-with-vanilla-coconut-and-white-musk-luxury-products-from-dubai-long-lasting-addictive-parfum-arabic-perfume-oil-for-women-0-5-oz","CANONICAL_PRODUCT_CLASS_OIL_BODYCARE_CORRECTION_V1",""
"359","Swiss Arabian","Mukhalat Malaki | Swiss Arabian","Perfume Oil","Exact perfume-oil bottle image + direct image URL","https://us.swissarabian.com/products/mukhalat-malaki","CANONICAL_PRODUCT_CLASS_OIL_BODYCARE_CORRECTION_V1",""
"360","Swiss Arabian","MUSK 07 | Swiss Arabian","Perfume Oil","Exact perfume-oil bottle image + direct image URL","https://us.swissarabian.com/products/musk-8","CANONICAL_PRODUCT_CLASS_OIL_BODYCARE_CORRECTION_V1",""
"361","Swiss Arabian","Musk Malaki | Swiss Arabian","Perfume Oil","Exact perfume-oil bottle image + direct image URL","https://us.swissarabian.com/products/musk-malaki","CANONICAL_PRODUCT_CLASS_OIL_BODYCARE_CORRECTION_V1",""
"362","Swiss Arabian","Noora | Swiss Arabian","Perfume Oil","Exact perfume-oil bottle image + direct image URL","https://us.swissarabian.com/products/noora-onyx","CANONICAL_PRODUCT_CLASS_OIL_BODYCARE_CORRECTION_V1",""
"363","Swiss Arabian","Noora Onyx | Swiss Arabian","Perfume Oil","Exact perfume-oil bottle image + direct image URL","https://us.swissarabian.com/products/noora-onyx-20ml-cpo","CANONICAL_PRODUCT_CLASS_OIL_BODYCARE_CORRECTION_V1",""
"364","Swiss Arabian","Oud Malaki | Swiss Arabian","Perfume Oil","Exact perfume-oil bottle image + direct image URL","https://us.swissarabian.com/products/oud-malaki","CANONICAL_PRODUCT_CLASS_OIL_BODYCARE_CORRECTION_V1",""
"365","Swiss Arabian","Private Musk | Swiss Arabian","Perfume Oil","Exact perfume-oil bottle image + direct image URL","https://us.swissarabian.com/products/private-musk-cpo-12ml","CANONICAL_PRODUCT_CLASS_OIL_BODYCARE_CORRECTION_V1",""
"366","Swiss Arabian","Private Oud | Swiss Arabian","Perfume Oil","Exact perfume-oil bottle image + direct image URL","https://us.swissarabian.com/products/private-oud-2","CANONICAL_PRODUCT_CLASS_OIL_BODYCARE_CORRECTION_V1",""
"367","Swiss Arabian","Rasheeqa","Perfume Oil","Exact perfume-oil bottle image + direct image URL","https://us.swissarabian.com/products/rasheeqa","CANONICAL_PRODUCT_CLASS_OIL_BODYCARE_CORRECTION_V1",""
"368","Swiss Arabian","Rasheeqa | Swiss Arabian | Swiss Arabian","Perfume Oil","Exact perfume-oil bottle image + direct image URL","https://us.swissarabian.com/products/rasheeqa","CANONICAL_PRODUCT_CLASS_OIL_BODYCARE_CORRECTION_V1",""
"369","Swiss Arabian","Rasheeqa Noir | Swiss Arabian","Perfume Oil","Exact perfume-oil bottle image + direct image URL","https://us.swissarabian.com/products/rasheeqa-noir","CANONICAL_PRODUCT_CLASS_OIL_BODYCARE_CORRECTION_V1",""
"370","Swiss Arabian","Rasheeqa Rouge | Swiss Arabian","Perfume Oil","Exact perfume-oil bottle image + direct image URL","https://us.swissarabian.com/products/rasheeqa-rouge-perfume-oil-20ml","CANONICAL_PRODUCT_CLASS_OIL_BODYCARE_CORRECTION_V1",""
"371","Swiss Arabian","Rose 01 | Swiss Arabian","Perfume Oil","Exact perfume-oil bottle image + direct image URL","https://us.swissarabian.com/products/rose-01-cpo","CANONICAL_PRODUCT_CLASS_OIL_BODYCARE_CORRECTION_V1",""
"372","Swiss Arabian","Rose Malaki | Swiss Arabian","Perfume Oil","Exact perfume-oil bottle image + direct image URL","https://us.swissarabian.com/products/rose-malaki","CANONICAL_PRODUCT_CLASS_OIL_BODYCARE_CORRECTION_V1",""
"373","Swiss Arabian","Secret Musk | Swiss Arabian","Perfume Oil","Exact perfume-oil bottle image + direct image URL","https://us.swissarabian.com/products/secret-musk-2","CANONICAL_PRODUCT_CLASS_OIL_BODYCARE_CORRECTION_V1",""
"374","Swiss Arabian","Secret Oud | Swiss Arabian","Perfume Oil","Exact perfume-oil bottle image + direct image URL","https://us.swissarabian.com/products/secret-oud","CANONICAL_PRODUCT_CLASS_OIL_BODYCARE_CORRECTION_V1",""
"375","Swiss Arabian","Shaghaf Oud | Swiss Arabian","Perfume Oil","Exact perfume-oil bottle image + direct image URL","https://us.swissarabian.com/products/shaghaf-oud-cpo","CANONICAL_PRODUCT_CLASS_OIL_BODYCARE_CORRECTION_V1",""
"376","Swiss Arabian","Shaghaf Oud Ahmar | Swiss Arabian","Perfume Oil","Exact perfume-oil bottle image + direct image URL","https://us.swissarabian.com/products/shaghaf-oud-ahmar-cpo","CANONICAL_PRODUCT_CLASS_OIL_BODYCARE_CORRECTION_V1",""
"377","Swiss Arabian","Shaghaf Oud Azraq | Swiss Arabian","Perfume Oil","Exact perfume-oil bottle image + direct image URL","https://us.swissarabian.com/products/shaghaf-oud-azraq-cpo","CANONICAL_PRODUCT_CLASS_OIL_BODYCARE_CORRECTION_V1",""
"378","Swiss Arabian","Shaghaf Oud Tonka 1073 | Swiss Arabian","Perfume Oil","Exact perfume-oil bottle image + direct image URL","https://us.swissarabian.com/products/shaghaf-oud-tonka-cpo","CANONICAL_PRODUCT_CLASS_OIL_BODYCARE_CORRECTION_V1",""
"379","Swiss Arabian","Yulali | Swiss Arabian","Perfume Oil","Exact perfume-oil bottle image + direct image URL","https://us.swissarabian.com/products/yulali","CANONICAL_PRODUCT_CLASS_OIL_BODYCARE_CORRECTION_V1",""
"380","Swiss Arabian","Zahra | Swiss Arabian","Perfume Oil","Exact perfume-oil bottle image + direct image URL","https://us.swissarabian.com/products/zahra-328-concentrated-perfume-oil-30ml-swiss-arabian","CANONICAL_PRODUCT_CLASS_OIL_BODYCARE_CORRECTION_V1",""
"381","Swiss Arabian","Zahra Candy | Swiss Arabian","Perfume Oil","Exact perfume-oil bottle image + direct image URL","https://us.swissarabian.com/products/zahra-30ml-cpo","CANONICAL_PRODUCT_CLASS_OIL_BODYCARE_CORRECTION_V1",""
"382","Afnan","ABIYAD SANDAL","Perfume","Exact bottle/product image + direct image URL","https://us.afnan.com/products/sandal-abiyad","FACTORY_REBUILD_FROM_CANONICAL_TRUTH",""
"383","Afnan","ABRAAJ","Perfume","Exact bottle/product image + direct image URL","https://us.afnan.com/products/abraaj","FACTORY_REBUILD_FROM_CANONICAL_TRUTH",""
"384","Afnan","ADWAA AL SHARQ","Perfume","Exact bottle/product image + direct image URL","https://us.afnan.com/products/adwaa-al-sharq","FACTORY_REBUILD_FROM_CANONICAL_TRUTH",""
"385","Afnan","DEHN AL OUDH ABIYAD","Extrait de Parfum","Exact bottle/product image + direct image URL","https://us.afnan.com/products/dehn-al-oudh-abiyad-1","FACTORY_REBUILD_FROM_CANONICAL_TRUTH",""
"386","Afnan","WARD AL USSHAQ","Perfume","Exact bottle/product image + direct image URL","https://us.afnan.com/products/wardat-al-ushaq","FACTORY_REBUILD_FROM_CANONICAL_TRUTH",""
"387","Afnan","ZABARJAD","Perfume","Exact bottle/product image + direct image URL","https://us.afnan.com/products/zarberjad","FACTORY_REBUILD_FROM_CANONICAL_TRUTH",""
"388","Al Haramain","Amber oud Travelset x 4 (Gold Edition Ruby Edition Dubai Night Aqua Dubai)","Fragrance","Exact bottle/product image + direct image URL","https://us.alharamainperfumes.com/en/haramain-amber-oud-travelset-30ml-x-4-gold-edition-ruby-edition-dubai-night-aqua-dubai.html","FACTORY_REBUILD_FROM_CANONICAL_TRUTH",""
"389","Al Haramain","Le Reve DEv Red Jasper","Parfum","Exact bottle/product image + direct image URL","https://www.anrdoezrs.net/click-101873859-16941446?url=https%3A%2F%2Fwww.fragranceshop.com%2Fproduct%2Fal-haramain-le-reve-dev-red-jasper-perfume-for-unisex%2F%3Fattribute_pa_size%3Dextrait-de-parfum-spray-tester-3-33-oz%26wmc-currency%3DUSD&cjsku=FS191484ga","FACTORY_REBUILD_FROM_CANONICAL_TRUTH",""
"390","Al Haramain","Sheikh Travel Pack","Perfume","Exact bottle/product image + direct image URL","https://us.alharamainperfumes.com/en/haramain-sheikh-travel-pack.html","FACTORY_REBUILD_FROM_CANONICAL_TRUTH",""
"391","Al Wataniah","House Of Oud","Perfume","Exact bottle/product image + direct image URL","https://alwataniah.com/products/house-of-oud","FACTORY_REBUILD_FROM_CANONICAL_TRUTH",""
"392","Al Wataniah","Massad","Perfume","Exact bottle/product image + direct image URL","https://alwataniah.com/products/massad","FACTORY_REBUILD_FROM_CANONICAL_TRUTH",""
"393","Al Wataniah","Zaeem","Perfume","Exact bottle/product image + direct image URL","https://alwataniah.com/products/zaeem","FACTORY_REBUILD_FROM_CANONICAL_TRUTH",""
"394","Alexandria Fragrances","11/11","Fragrance","Exact bottle/product image + direct image URL","https://alexandriafragrances.com/products/11-11-winter-fragrance","FACTORY_REBUILD_FROM_CANONICAL_TRUTH",""
"395","Alexandria Fragrances","BLACK ROYAL ELIXIR INSPIRED BY 212 VIP BLACK ELIXIR","Fragrance","Exact bottle/product image + direct image URL","https://alexandriafragrances.com/products/black-royal-elixir-inspired-by-212-vip-black-elixir","FACTORY_REBUILD_FROM_CANONICAL_TRUTH",""
"396","Alexandria Fragrances","Citron Del Mar - Aftershave Splash Inspired By Creed's Millesime Imperial","Fragrance","Exact bottle/product image + direct image URL","https://alexandriafragrances.com/products/citron-del-mar-aftersplash","FACTORY_REBUILD_FROM_CANONICAL_TRUTH",""
"397","Alexandria Fragrances","Citron Del Mar (Solid Fragrance)Inspired By Creed's Millesime Imperial","Fragrance","Exact bottle/product image + direct image URL","https://alexandriafragrances.com/products/citron-del-mar-solid-fragrance","FACTORY_REBUILD_FROM_CANONICAL_TRUTH",""
"398","Alexandria Fragrances","Dark Knight - Aftershave Splash Inspired By Kilian Black Phantom","Fragrance","Exact bottle/product image + direct image URL","https://alexandriafragrances.com/products/dark-knight-aftershave-splash","FACTORY_REBUILD_FROM_CANONICAL_TRUTH",""
"399","Alexandria Fragrances","Dark Knight (Solid Fragrance) Inspired By Kilian Black Phantom","Fragrance","Exact bottle/product image + direct image URL","https://alexandriafragrances.com/products/dark-knight-solid-fragrance","FACTORY_REBUILD_FROM_CANONICAL_TRUTH",""
"400","Alexandria Fragrances","Deep Blue (Solid Fragrance) Inspired By MFK Aqua Celestia","Fragrance","Exact bottle/product image + direct image URL","https://alexandriafragrances.com/products/deep-blue-solid-fragrance","FACTORY_REBUILD_FROM_CANONICAL_TRUTH",""
"401","Alexandria Fragrances","Forbidden Plum (Solid Fragrance) Inspired By Tom Ford's Plum Japonais","Fragrance","Exact bottle/product image + direct image URL","https://alexandriafragrances.com/products/forbidden-plum-solid-fragrance","FACTORY_REBUILD_FROM_CANONICAL_TRUTH",""
"402","Alexandria Fragrances","Fructus Virginis (Solid Fragrance) Inspired By Tom Ford's Lost Cherry","Fragrance","Exact bottle/product image + direct image URL","https://alexandriafragrances.com/products/fructus-virginis-solid-fragrance","FACTORY_REBUILD_FROM_CANONICAL_TRUTH",""
"403","Alexandria Fragrances","Hacivaz (Solid Fragrance) Inspired By Hacivat","Fragrance","Exact bottle/product image + direct image URL","https://alexandriafragrances.com/products/hacivaz-solid-fragrance","FACTORY_REBUILD_FROM_CANONICAL_TRUTH",""
"404","Alexandria Fragrances","Hawaii Volcano (Solid Fragrance)Inspired By Creed's Virgin Island Water","Fragrance","Exact bottle/product image + direct image URL","https://alexandriafragrances.com/products/hawaii-volcano-solid-fragrance","FACTORY_REBUILD_FROM_CANONICAL_TRUTH",""
"405","Alexandria Fragrances","Highlands (Solid Fragrance) Inspired By Creed Bois De Portugal","Fragrance","Exact bottle/product image + direct image URL","https://alexandriafragrances.com/products/highlands-solid-fragrance","FACTORY_REBUILD_FROM_CANONICAL_TRUTH",""
"406","Alexandria Fragrances","Interplay (Solid Fragrance) Inspired By MFK Baccarat Rouge 540","Fragrance","Exact bottle/product image + direct image URL","https://alexandriafragrances.com/products/interplay-solid-fragrance","FACTORY_REBUILD_FROM_CANONICAL_TRUTH",""
"407","Alexandria Fragrances","Interplay Extrait (Solid Fragrance) Inspired By MFK Baccarat Rouge 540","Extrait de Parfum","Exact bottle/product image + direct image URL","https://alexandriafragrances.com/products/interplay-extrait-solid-fragrance","FACTORY_REBUILD_FROM_CANONICAL_TRUTH",""
"408","Alexandria Fragrances","Italian Caramel (Solid Fragrance) Inspired By Xerjoff Italica.","Fragrance","Exact bottle/product image + direct image URL","https://alexandriafragrances.com/products/italian-caramel-solid-fragrance","FACTORY_REBUILD_FROM_CANONICAL_TRUTH",""
"409","Alexandria Fragrances","Je Suis Une Femme (Solid Fragrance) Inspired By Chanel Coco","Parfum","Exact bottle/product image + direct image URL","https://alexandriafragrances.com/products/je-suis-une-femme-solid-fragrance","FACTORY_REBUILD_FROM_CANONICAL_TRUTH",""
"410","Alexandria Fragrances","Karnak Temple (Solid Fragrance) Inspired By Xerjoff","Fragrance","Exact bottle/product image + direct image URL","https://alexandriafragrances.com/products/karnak-temple-solid-fragrance","FACTORY_REBUILD_FROM_CANONICAL_TRUTH",""
"411","Alexandria Fragrances","Ombre Noir 2.0","Fragrance","Exact bottle/product image + direct image URL","https://alexandriafragrances.com/products/ombre-noir","FACTORY_REBUILD_FROM_CANONICAL_TRUTH",""
"412","Alexandria Fragrances","Ouddiction (Solid Fragrance)Inspired By Oud For Greatness Initio Perfumes Prives","Fragrance","Exact bottle/product image + direct image URL","https://alexandriafragrances.com/products/ouddiction-solid-fragrance","FACTORY_REBUILD_FROM_CANONICAL_TRUTH",""
"413","Alexandria Fragrances","PURE DESIRE INSPIRED BY ANFAS ISHQ","Fragrance","Exact bottle/product image + direct image URL","https://alexandriafragrances.com/products/pure-desire-inspired-by-anfas-ishq","FACTORY_REBUILD_FROM_CANONICAL_TRUTH",""
"414","Alexandria Fragrances","PURPL3 H@ZE (Solid Fragrance) Inspired By Psychodelic Love by Initio Parfums","Fragrance","Exact bottle/product image + direct image URL","https://alexandriafragrances.com/products/purpl3-h-ze-solid","FACTORY_REBUILD_FROM_CANONICAL_TRUTH",""
"415","Alexandria Fragrances","Royal Equestrian (Solid Fragrance)Inspired By Layton by Parfums de Marly","Fragrance","Exact bottle/product image + direct image URL","https://alexandriafragrances.com/products/royal-equestrian-solid-fragrance","FACTORY_REBUILD_FROM_CANONICAL_TRUTH",""
"416","Alexandria Fragrances","Shock Cherry","Fragrance","Exact bottle/product image + direct image URL","https://alexandriafragrances.com/products/shock-cherry-inspired-by-tom-ford-electric-cherry-eau-de-parfum","FACTORY_REBUILD_FROM_CANONICAL_TRUTH",""
"417","Alexandria Fragrances","Sparkling Bergamot (Solid Fragrances)","Perfume","Exact bottle/product image + direct image URL","https://alexandriafragrances.com/products/sparkling-bergamot-solid-fragrances","FACTORY_REBUILD_FROM_CANONICAL_TRUTH",""
"418","Alexandria Fragrances","Sparkling Bergamot (Solid Fragrances) Inspired By Bergamote 22","Fragrance","Exact bottle/product image + direct image URL","https://alexandriafragrances.com/products/sparkling-bergamot-solid-fragrances","FACTORY_REBUILD_FROM_CANONICAL_TRUTH",""
"419","Alexandria Fragrances","Sweet Smoke (Solid Fragrance) Inspired By Tom Ford's Tobacco Vanille","Fragrance","Exact bottle/product image + direct image URL","https://alexandriafragrances.com/products/sweet-smoke-solid-fragrance","FACTORY_REBUILD_FROM_CANONICAL_TRUTH",""
"420","Alexandria Fragrances","The Irish Gentleman (Solid Fragrance) Inspired By Creed Green Irish Tweed","Fragrance","Exact bottle/product image + direct image URL","https://alexandriafragrances.com/products/the-irish-gentleman-solid-fragrance","FACTORY_REBUILD_FROM_CANONICAL_TRUTH",""
"421","Alexandria Fragrances","VELOCITY NOIR — Inspired by Versace Eros Energy","Extrait de Parfum","Exact bottle/product image + direct image URL","https://alexandriafragrances.com/products/velocity-noir-inspired-by-versace-eros-energy","FACTORY_REBUILD_FROM_CANONICAL_TRUTH",""
"422","Alexandria Fragrances","Zion - Aftershave Splash Inspired By Roja's Elysium","Fragrance","Exact bottle/product image + direct image URL","https://alexandriafragrances.com/products/zion-aftershave-splash","FACTORY_REBUILD_FROM_CANONICAL_TRUTH",""
"423","Alexandria Fragrances","Zion (Solid Fragrance) Inspired By Roja's Elysium","Fragrance","Exact bottle/product image + direct image URL","https://alexandriafragrances.com/products/zion-solid-fragrance","FACTORY_REBUILD_FROM_CANONICAL_TRUTH",""
"424","ALT. Fragrances","212","Parfum","Exact bottle/product image + direct image URL","https://altfragrances.com/products/212","FACTORY_REBUILD_FROM_CANONICAL_TRUTH",""
"425","ALT. Fragrances","3 for $99","Eau de Cologne","Exact bottle/product image + direct image URL","https://altfragrances.com/products/3-for-99","FACTORY_REBUILD_FROM_CANONICAL_TRUTH",""
"426","ALT. Fragrances","5 for $150","Eau de Cologne","Exact bottle/product image + direct image URL","https://altfragrances.com/products/5-for-149","FACTORY_REBUILD_FROM_CANONICAL_TRUTH",""
"427","ALT. Fragrances","Absolute Executive","Eau de Cologne","Exact bottle/product image + direct image URL","https://altfragrances.com/products/executive-absolu","FACTORY_REBUILD_FROM_CANONICAL_TRUTH",""
"428","ALT. Fragrances","Agar Gold","Eau de Cologne","Exact bottle/product image + direct image URL","https://altfragrances.com/products/alternative-to-oud-wood","FACTORY_REBUILD_FROM_CANONICAL_TRUTH",""
"429","ALT. Fragrances","Amber Angel","Eau de Cologne","Exact bottle/product image + direct image URL","https://altfragrances.com/products/amber-angel","FACTORY_REBUILD_FROM_CANONICAL_TRUTH",""
"430","ALT. Fragrances","Asteroid","Eau de Cologne","Exact bottle/product image + direct image URL","https://altfragrances.com/products/asteroid","FACTORY_REBUILD_FROM_CANONICAL_TRUTH",""
"431","ALT. Fragrances","Atlantic Breeze","Eau de Cologne","Exact bottle/product image + direct image URL","https://altfragrances.com/products/atlantic-breeze","FACTORY_REBUILD_FROM_CANONICAL_TRUTH",""
"432","ALT. Fragrances","Autumn Leaves","Eau de Cologne","Exact bottle/product image + direct image URL","https://altfragrances.com/products/autumn-leaves","FACTORY_REBUILD_FROM_CANONICAL_TRUTH",""
"433","ALT. Fragrances","Bold Love","Eau de Cologne","Exact bottle/product image + direct image URL","https://altfragrances.com/products/bold-love","FACTORY_REBUILD_FROM_CANONICAL_TRUTH",""
"434","ALT. Fragrances","CEO","Extrait de Parfum","Exact bottle/product image + direct image URL","https://altfragrances.com/products/copy-of-inspired-by-aventus-aventus-cologne","FACTORY_REBUILD_FROM_CANONICAL_TRUTH",""
"435","ALT. Fragrances","Cherry Fire","Eau de Cologne","Exact bottle/product image + direct image URL","https://altfragrances.com/products/cherry-smoke","FACTORY_REBUILD_FROM_CANONICAL_TRUTH",""
"436","ALT. Fragrances","Cherry Lightning","Eau de Cologne","Exact bottle/product image + direct image URL","https://altfragrances.com/products/cherry-lightning","FACTORY_REBUILD_FROM_CANONICAL_TRUTH",""
"437","ALT. Fragrances","Cherry Pack","Eau de Cologne","Exact bottle/product image + direct image URL","https://altfragrances.com/products/inspired-by-tom-ford-cherry-pack","FACTORY_REBUILD_FROM_CANONICAL_TRUTH",""
"438","ALT. Fragrances","Cherry Smash","Eau de Cologne","Exact bottle/product image + direct image URL","https://altfragrances.com/products/inspired-by-lost-cherry","FACTORY_REBUILD_FROM_CANONICAL_TRUTH",""
"439","ALT. Fragrances","Colada","Eau de Cologne","Exact bottle/product image + direct image URL","https://altfragrances.com/products/colada","FACTORY_REBUILD_FROM_CANONICAL_TRUTH",""
"440","ALT. Fragrances","Crescendo","Eau de Cologne","Exact bottle/product image + direct image URL","https://altfragrances.com/products/crescendo","FACTORY_REBUILD_FROM_CANONICAL_TRUTH",""
"441","ALT. Fragrances","Crystal","Eau de Cologne","Exact bottle/product image + direct image URL","https://altfragrances.com/products/inspired-by-baccarat-rouge-540","FACTORY_REBUILD_FROM_CANONICAL_TRUTH",""
"442","ALT. Fragrances","Daytime Drift","Eau de Cologne","Exact bottle/product image + direct image URL","https://altfragrances.com/products/daytime-drift","FACTORY_REBUILD_FROM_CANONICAL_TRUTH",""
"443","ALT. Fragrances","Dream Chaser","Eau de Cologne","Exact bottle/product image + direct image URL","https://altfragrances.com/products/dream-chaser","FACTORY_REBUILD_FROM_CANONICAL_TRUTH",""
"444","ALT. Fragrances","Elle","Eau de Cologne","Exact bottle/product image + direct image URL","https://altfragrances.com/products/elle","FACTORY_REBUILD_FROM_CANONICAL_TRUTH",""
"445","ALT. Fragrances","Euro Summer","Eau de Cologne","Exact bottle/product image + direct image URL","https://altfragrances.com/products/euro-summer","FACTORY_REBUILD_FROM_CANONICAL_TRUTH",""
"446","ALT. Fragrances","Executive","Eau de Cologne","Exact bottle/product image + direct image URL","https://altfragrances.com/products/alternative-to-aventus","FACTORY_REBUILD_FROM_CANONICAL_TRUTH",""
"447","ALT. Fragrances","Farouche","Eau de Cologne","Exact bottle/product image + direct image URL","https://altfragrances.com/products/inspired-by-sauvage","FACTORY_REBUILD_FROM_CANONICAL_TRUTH",""
"448","ALT. Fragrances","Farouche Elixir","Eau de Cologne","Exact bottle/product image + direct image URL","https://altfragrances.com/products/farouche-elixir","FACTORY_REBUILD_FROM_CANONICAL_TRUTH",""
"449","ALT. Fragrances","For Dad Set","Fragrance","Exact bottle/product image + direct image URL","https://altfragrances.com/products/for-dad-set","FACTORY_REBUILD_FROM_CANONICAL_TRUTH",""
"450","ALT. Fragrances","For Mom Set","Fragrance","Exact bottle/product image + direct image URL","https://altfragrances.com/products/for-mom-set","FACTORY_REBUILD_FROM_CANONICAL_TRUTH",""
"451","ALT. Fragrances","Fortuna","Eau de Cologne","Exact bottle/product image + direct image URL","https://altfragrances.com/products/fortuna","FACTORY_REBUILD_FROM_CANONICAL_TRUTH",""
"452","ALT. Fragrances","Found","Eau de Cologne","Exact bottle/product image + direct image URL","https://altfragrances.com/products/found","FACTORY_REBUILD_FROM_CANONICAL_TRUTH",""
"453","ALT. Fragrances","Haters","Eau de Cologne","Exact bottle/product image + direct image URL","https://altfragrances.com/products/haters","FACTORY_REBUILD_FROM_CANONICAL_TRUTH",""
"454","ALT. Fragrances","Immense","Eau de Cologne","Exact bottle/product image + direct image URL","https://altfragrances.com/products/immense","FACTORY_REBUILD_FROM_CANONICAL_TRUTH",""
"455","ALT. Fragrances","Iris Femme","Eau de Cologne","Exact bottle/product image + direct image URL","https://altfragrances.com/products/iris-femme","FACTORY_REBUILD_FROM_CANONICAL_TRUTH",""
"456","ALT. Fragrances","Liberty","Eau de Cologne","Exact bottle/product image + direct image URL","https://altfragrances.com/products/liberty","FACTORY_REBUILD_FROM_CANONICAL_TRUTH",""
"457","ALT. Fragrances","Lunar Story","Eau de Cologne","Exact bottle/product image + direct image URL","https://altfragrances.com/products/lunar-story","FACTORY_REBUILD_FROM_CANONICAL_TRUTH",""
"458","ALT. Fragrances","Lust","Eau de Cologne","Exact bottle/product image + direct image URL","https://altfragrances.com/products/lust","FACTORY_REBUILD_FROM_CANONICAL_TRUTH",""
"459","ALT. Fragrances","Melodia","Eau de Cologne","Exact bottle/product image + direct image URL","https://altfragrances.com/products/melodia","FACTORY_REBUILD_FROM_CANONICAL_TRUTH",""
"460","ALT. Fragrances","Men's Best Seller Pack","Eau de Cologne","Exact bottle/product image + direct image URL","https://altfragrances.com/products/mens-best-seller-pack","FACTORY_REBUILD_FROM_CANONICAL_TRUTH",""
"461","ALT. Fragrances","Mistress","Eau de Cologne","Exact bottle/product image + direct image URL","https://altfragrances.com/products/mistress","FACTORY_REBUILD_FROM_CANONICAL_TRUTH",""
"462","ALT. Fragrances","Myrrhique","Eau de Cologne","Exact bottle/product image + direct image URL","https://altfragrances.com/products/myrrhique","FACTORY_REBUILD_FROM_CANONICAL_TRUTH",""
"463","ALT. Fragrances","Mystery Fragrance","Eau de Cologne","Exact bottle/product image + direct image URL","https://altfragrances.com/products/mystery-fragrance","FACTORY_REBUILD_FROM_CANONICAL_TRUTH",""
"464","ALT. Fragrances","Mystery Fragrance Pack","Eau de Cologne","Exact bottle/product image + direct image URL","https://altfragrances.com/products/mystery-fragrance-pack","FACTORY_REBUILD_FROM_CANONICAL_TRUTH",""
"465","ALT. Fragrances","Noir Varnish","Eau de Cologne","Exact bottle/product image + direct image URL","https://altfragrances.com/products/noir-varnish","FACTORY_REBUILD_FROM_CANONICAL_TRUTH",""
"466","ALT. Fragrances","Nomadic Shadow","Eau de Cologne","Exact bottle/product image + direct image URL","https://altfragrances.com/products/nomadic-shadow","FACTORY_REBUILD_FROM_CANONICAL_TRUTH",""
"467","ALT. Fragrances","Novel","Eau de Cologne","Exact bottle/product image + direct image URL","https://altfragrances.com/products/novel","FACTORY_REBUILD_FROM_CANONICAL_TRUTH",""
"468","ALT. Fragrances","One Billion","Eau de Cologne","Exact bottle/product image + direct image URL","https://altfragrances.com/products/one-billion","FACTORY_REBUILD_FROM_CANONICAL_TRUTH",""
"469","ALT. Fragrances","Particle","Eau de Cologne","Exact bottle/product image + direct image URL","https://altfragrances.com/products/inspired-by-molecule","FACTORY_REBUILD_FROM_CANONICAL_TRUTH",""
"470","ALT. Fragrances","Pristine","Eau de Cologne","Exact bottle/product image + direct image URL","https://altfragrances.com/products/inspired-by-aventus-baccarat-rouge-540","FACTORY_REBUILD_FROM_CANONICAL_TRUTH",""
"471","ALT. Fragrances","Private Blend Pack","Eau de Cologne","Exact bottle/product image + direct image URL","https://altfragrances.com/products/inspired-by-tom-ford-pack","FACTORY_REBUILD_FROM_CANONICAL_TRUTH",""
"472","ALT. Fragrances","Rainbow Leaves","Eau de Cologne","Exact bottle/product image + direct image URL","https://altfragrances.com/products/rainbow-leaves","FACTORY_REBUILD_FROM_CANONICAL_TRUTH",""
"473","ALT. Fragrances","Reality","Eau de Cologne","Exact bottle/product image + direct image URL","https://altfragrances.com/products/reality","FACTORY_REBUILD_FROM_CANONICAL_TRUTH",""
"474","ALT. Fragrances","Scent of the Week","Eau de Cologne","Exact bottle/product image + direct image URL","https://altfragrances.com/products/fragrance-of-the-week","FACTORY_REBUILD_FROM_CANONICAL_TRUTH",""
"475","ALT. Fragrances","Sensual Vanilla","Eau de Cologne","Exact bottle/product image + direct image URL","https://altfragrances.com/products/sensual-vanilla","FACTORY_REBUILD_FROM_CANONICAL_TRUTH",""
"476","ALT. Fragrances","Set","Fragrance","Exact bottle/product image + direct image URL","https://altfragrances.com/products/for-everyone","FACTORY_REBUILD_FROM_CANONICAL_TRUTH",""
"477","ALT. Fragrances","Sicilian Citrus","Eau de Cologne","Exact bottle/product image + direct image URL","https://altfragrances.com/products/sicilian-citrus","FACTORY_REBUILD_FROM_CANONICAL_TRUTH",""
"478","ALT. Fragrances","Simply Another","Eau de Cologne","Exact bottle/product image + direct image URL","https://altfragrances.com/products/inspired-by-another-13","FACTORY_REBUILD_FROM_CANONICAL_TRUTH",""
"479","ALT. Fragrances","Solar Serenade","Eau de Cologne","Exact bottle/product image + direct image URL","https://altfragrances.com/products/solar-serenade","FACTORY_REBUILD_FROM_CANONICAL_TRUTH",""
"480","ALT. Fragrances","Spell Breaker","Eau de Cologne","Exact bottle/product image + direct image URL","https://altfragrances.com/products/spell-breaker","FACTORY_REBUILD_FROM_CANONICAL_TRUTH",""
"481","ALT. Fragrances","Spirits","Eau de Cologne","Exact bottle/product image + direct image URL","https://altfragrances.com/products/spirits","FACTORY_REBUILD_FROM_CANONICAL_TRUTH",""
"482","ALT. Fragrances","Splash","Eau de Cologne","Exact bottle/product image + direct image URL","https://altfragrances.com/products/inspired-by-light-blue-for-women","FACTORY_REBUILD_FROM_CANONICAL_TRUTH",""
"483","ALT. Fragrances","Splendid Fate","Eau de Cologne","Exact bottle/product image + direct image URL","https://altfragrances.com/products/splendid-fate","FACTORY_REBUILD_FROM_CANONICAL_TRUTH",""
"484","ALT. Fragrances","Spring Scent Pack","Eau de Cologne","Exact bottle/product image + direct image URL","https://altfragrances.com/products/spring-scent-pack","FACTORY_REBUILD_FROM_CANONICAL_TRUTH",""
"485","ALT. Fragrances","Starlit City","Eau de Cologne","Exact bottle/product image + direct image URL","https://altfragrances.com/products/starlit-city","FACTORY_REBUILD_FROM_CANONICAL_TRUTH",""
"486","ALT. Fragrances","Strawberry Milkshake","Eau de Cologne","Exact bottle/product image + direct image URL","https://altfragrances.com/products/strawberry-milkshake","FACTORY_REBUILD_FROM_CANONICAL_TRUTH",""
"487","ALT. Fragrances","Summer Scent Pack","Eau de Cologne","Exact bottle/product image + direct image URL","https://altfragrances.com/products/summer-scent-pack","FACTORY_REBUILD_FROM_CANONICAL_TRUTH",""
"488","ALT. Fragrances","Tender Fluency Gold","Eau de Cologne","Exact bottle/product image + direct image URL","https://altfragrances.com/products/tender-fluency-gold","FACTORY_REBUILD_FROM_CANONICAL_TRUTH",""
"489","ALT. Fragrances","Tender Fluency Silver","Eau de Cologne","Exact bottle/product image + direct image URL","https://altfragrances.com/products/tender-fluency-silver","FACTORY_REBUILD_FROM_CANONICAL_TRUTH",""
"490","ALT. Fragrances","Terrain","Eau de Cologne","Exact bottle/product image + direct image URL","https://altfragrances.com/products/terrain","FACTORY_REBUILD_FROM_CANONICAL_TRUTH",""
"491","ALT. Fragrances","The Gentleman","Eau de Cologne","Exact bottle/product image + direct image URL","https://altfragrances.com/products/the-gentleman","FACTORY_REBUILD_FROM_CANONICAL_TRUTH",""
"492","ALT. Fragrances","The London Collection Pack","Eau de Cologne","Exact bottle/product image + direct image URL","https://altfragrances.com/products/inspired-by-jo-malone-pack","FACTORY_REBUILD_FROM_CANONICAL_TRUTH",""
"493","ALT. Fragrances","The LVL Up Pack","Eau de Cologne","Exact bottle/product image + direct image URL","https://altfragrances.com/products/inspired-by-lv-pack","FACTORY_REBUILD_FROM_CANONICAL_TRUTH",""
"494","Armaf","CABALLO","Eau de Parfum","Exact bottle/product image + direct image URL","https://armaf.com/products/caballo-pour-homme","FACTORY_REBUILD_FROM_CANONICAL_TRUTH",""
"495","Armaf","CLUB DE NUIT ICONIC 3.6","Eau de Parfum","Exact bottle/product image + direct image URL","https://armaf.com/products/club-de-nuit-iconic-3-6","FACTORY_REBUILD_FROM_CANONICAL_TRUTH",""
"496","Armaf","CLUB DE NUIT INTENSE MAN 6.8","Eau de Parfum","Exact bottle/product image + direct image URL","https://armaf.com/products/club-de-nuit-intense-man-6-8","FACTORY_REBUILD_FROM_CANONICAL_TRUTH",""
"497","Armaf","CLUB DE NUIT INTENSE MAN BODY","Body Mist","Exact bottle/product image + direct image URL","https://armaf.com/products/club-de-nuit-intense-man-body-spray","FACTORY_REBUILD_FROM_CANONICAL_TRUTH",""
"498","Armaf","CLUB DE NUIT INTENSE MAN PERFUME BODY","Body Mist","Exact bottle/product image + direct image URL","https://armaf.com/products/club-de-nuit-intense-man-perfume-body-spray","FACTORY_REBUILD_FROM_CANONICAL_TRUTH",""
"499","Armaf","CLUB DE NUIT INTENSE MAN SHOWER GEL","Body Mist","Exact bottle/product image + direct image URL","https://armaf.com/products/club-de-nuit-intense-man-shower-gel","FACTORY_REBUILD_FROM_CANONICAL_TRUTH",""
"500","Armaf","CLUB DE NUIT INTENSE WOMAN BODY","Body Mist","Exact bottle/product image + direct image URL","https://armaf.com/products/club-de-nuit-intense-woman-body-spray","FACTORY_REBUILD_FROM_CANONICAL_TRUTH",""
"501","Armaf","CLUB DE NUIT MALEKA BODY LOTION","Body Mist","Exact bottle/product image + direct image URL","https://armaf.com/products/club-de-nuit-maleka-body-lotion","FACTORY_REBUILD_FROM_CANONICAL_TRUTH",""
"502","Armaf","Club De Nuit Maleka Luxury Handcrafted Soap","Fragrance","Exact bottle/product image + direct image URL","https://armaf.com/products/club-de-nuit-maleka-luxury-handcrafted-soap","FACTORY_REBUILD_FROM_CANONICAL_TRUTH",""
"503","Armaf","CLUB DE NUIT MALEKA SHOWER GEL","Body Mist","Exact bottle/product image + direct image URL","https://armaf.com/products/club-de-nuit-maleka-shower-gel","FACTORY_REBUILD_FROM_CANONICAL_TRUTH",""
"504","Armaf","CLUB DE NUIT MAN BODY","Body Mist","Exact bottle/product image + direct image URL","https://armaf.com/products/club-de-nuit-man-body-spray","FACTORY_REBUILD_FROM_CANONICAL_TRUTH",""
"505","Armaf","CLUB DE NUIT MAN DEODORANT STICK","Body Mist","Exact bottle/product image + direct image URL","https://armaf.com/products/club-de-nuit-man-deodorant-stick","FACTORY_REBUILD_FROM_CANONICAL_TRUTH",""
"506","Armaf","CLUB DE NUIT MILESTONE BODY","Body Mist","Exact bottle/product image + direct image URL","https://armaf.com/products/club-de-nuit-milestone-body-spray","FACTORY_REBUILD_FROM_CANONICAL_TRUTH",""
"507","Armaf","CLUB DE NUIT MILESTONE DEODORANT STICK","Body Mist","Exact bottle/product image + direct image URL","https://armaf.com/products/club-de-nuit-milestone-deodorant-stick","FACTORY_REBUILD_FROM_CANONICAL_TRUTH",""
"508","Armaf","CLUB DE NUIT SILLAGE 3.6","Eau de Parfum","Exact bottle/product image + direct image URL","https://armaf.com/products/club-de-nuit-sillage-3-6","FACTORY_REBUILD_FROM_CANONICAL_TRUTH",""
"509","Armaf","CLUB DE NUIT SILLAGE DEODORANT STICK","Body Mist","Exact bottle/product image + direct image URL","https://armaf.com/products/club-de-nuit-sillage-deodorant-stick","FACTORY_REBUILD_FROM_CANONICAL_TRUTH",""
"510","Armaf","CLUB DE NUIT UNTOLD BODY","Body Mist","Exact bottle/product image + direct image URL","https://armaf.com/products/club-de-nuit-untold-body-spray","FACTORY_REBUILD_FROM_CANONICAL_TRUTH",""
"511","Armaf","CLUB DE NUIT UNTOLD BODY LOTION","Body Mist","Exact bottle/product image + direct image URL","https://armaf.com/products/club-de-nuit-untold-body-lotion","FACTORY_REBUILD_FROM_CANONICAL_TRUTH",""
"512","Armaf","CLUB DE NUIT UNTOLD DEODORANT STICK","Body Mist","Exact bottle/product image + direct image URL","https://armaf.com/products/club-de-nuit-untold-deodorant-stick","FACTORY_REBUILD_FROM_CANONICAL_TRUTH",""
"513","Armaf","CLUB DE NUIT UNTOLD SHOWER GEL","Body Mist","Exact bottle/product image + direct image URL","https://armaf.com/products/club-de-nuit-untold-shower-gel","FACTORY_REBUILD_FROM_CANONICAL_TRUTH",""
"514","Armaf","CLUB DE NUIT URBAN MAN ELIXIR 3.6","Eau de Parfum","Exact bottle/product image + direct image URL","https://armaf.com/products/club-de-nuit-urban-man-elixir-3-6","FACTORY_REBUILD_FROM_CANONICAL_TRUTH",""
"515","Armaf","CLUB DE NUIT URBAN MAN ELIXIR 8.4","Eau de Parfum","Exact bottle/product image + direct image URL","https://armaf.com/products/club-de-nuit-urban-man-elixir-8-6","FACTORY_REBUILD_FROM_CANONICAL_TRUTH",""
"516","Armaf","GEMSTONE AMETHYST BODY","Body Mist","Exact bottle/product image + direct image URL","https://armaf.com/products/amethyst-deo","FACTORY_REBUILD_FROM_CANONICAL_TRUTH",""
"517","Armaf","I AM CELESTIAL FRAGRANCE","Body Mist","Exact bottle/product image + direct image URL","https://armaf.com/products/odyssey-mandarin-sky-body-spray-copy","FACTORY_REBUILD_FROM_CANONICAL_TRUTH",""
"518","Armaf","I AM DIVINE FRAGRANCE","Body Mist","Exact bottle/product image + direct image URL","https://armaf.com/products/i-am-divine-fragrance-body-mist","FACTORY_REBUILD_FROM_CANONICAL_TRUTH",""
"519","Armaf","I AM EBA FRAGRANCE","Body Mist","Exact bottle/product image + direct image URL","https://armaf.com/products/i-am-eba-fragrance-body-mist","FACTORY_REBUILD_FROM_CANONICAL_TRUTH",""
"520","Armaf","I AM ENIGMA FRAGRANCE","Body Mist","Exact bottle/product image + direct image URL","https://armaf.com/products/i-am-enigma-fragrance-body-mist","FACTORY_REBUILD_FROM_CANONICAL_TRUTH",""
"521","Armaf","I AM FIRE FRAGRANCE","Body Mist","Exact bottle/product image + direct image URL","https://armaf.com/products/i-am-fire-fragrance-body-mist","FACTORY_REBUILD_FROM_CANONICAL_TRUTH",""
"522","Armaf","I AM FROZEN BLOSSOM FRAGRANCE","Body Mist","Exact bottle/product image + direct image URL","https://armaf.com/products/i-am-frozen-blossom-fragrance-body-mist","FACTORY_REBUILD_FROM_CANONICAL_TRUTH",""
"523","Armaf","I AM HEAVENLY FRAGRANCE","Body Mist","Exact bottle/product image + direct image URL","https://armaf.com/products/i-am-heavenly-fragrance-body-mist","FACTORY_REBUILD_FROM_CANONICAL_TRUTH",""
"524","Armaf","I AM KAYA FRAGRANCE","Body Mist","Exact bottle/product image + direct image URL","https://armaf.com/products/i-am-kaya-fragrance-body-mist","FACTORY_REBUILD_FROM_CANONICAL_TRUTH",""
"525","Armaf","I AM LEGACY FRAGRANCE","Body Mist","Exact bottle/product image + direct image URL","https://armaf.com/products/i-am-legacy-fragrance-body-mist","FACTORY_REBUILD_FROM_CANONICAL_TRUTH",""
"526","Armaf","I AM LYNA FRAGRANCE","Body Mist","Exact bottle/product image + direct image URL","https://armaf.com/products/i-am-lyna-fragrance-body-mist","FACTORY_REBUILD_FROM_CANONICAL_TRUTH",""
"527","Armaf","I AM MAGIC FRAGRANCE","Body Mist","Exact bottle/product image + direct image URL","https://armaf.com/products/i-am-magic-fragrance-body-mist","FACTORY_REBUILD_FROM_CANONICAL_TRUTH",""
"528","Armaf","I AM SELFLESS FRAGRANCE","Body Mist","Exact bottle/product image + direct image URL","https://armaf.com/products/i-am-selfless-fragrance-body-mist","FACTORY_REBUILD_FROM_CANONICAL_TRUTH",""
"529","Armaf","I AM VELVET MIRAGE FRAGRANCE","Body Mist","Exact bottle/product image + direct image URL","https://armaf.com/products/i-am-velvet-mirage-fragrance-body-mist","FACTORY_REBUILD_FROM_CANONICAL_TRUTH",""
"530","Armaf","LE PARFAIT AZURE ANTI-PERSPIRANT ROLL ON","Body Mist","Exact bottle/product image + direct image URL","https://armaf.com/products/le-parfait-azure-anti-perspirant-roll-on","FACTORY_REBUILD_FROM_CANONICAL_TRUTH",""
"531","Armaf","LE PARFAIT AZURE BODY LOTION","Body Mist","Exact bottle/product image + direct image URL","https://armaf.com/products/le-parfait-azure-pour-femme-body-lotion","FACTORY_REBUILD_FROM_CANONICAL_TRUTH",""
"532","Armaf","LE PARFAIT BODY LOTION","Body Mist","Exact bottle/product image + direct image URL","https://armaf.com/products/le-parfait-pour-femme-body-lotion","FACTORY_REBUILD_FROM_CANONICAL_TRUTH",""
"533","Armaf","LE PARFAIT FEMME WOMAN BODY","Body Mist","Exact bottle/product image + direct image URL","https://armaf.com/products/le-parfait-femme-1","FACTORY_REBUILD_FROM_CANONICAL_TRUTH",""
"534","Armaf","LE PARFAIT MON AMOUR BODY LOTION","Body Mist","Exact bottle/product image + direct image URL","https://armaf.com/products/le-parfait-mon-amour-pour-femme-body-lotion","FACTORY_REBUILD_FROM_CANONICAL_TRUTH",""
"535","Armaf","LE PARFAIT PANACHE ANTI-PERSPIRANT ROLL ON","Body Mist","Exact bottle/product image + direct image URL","https://armaf.com/products/le-parfait-panache-anti-perspirant-roll-on","FACTORY_REBUILD_FROM_CANONICAL_TRUTH",""
"536","Armaf","LE PARFAIT PANACHE BODY LOTION","Body Mist","Exact bottle/product image + direct image URL","https://armaf.com/products/le-parfait-panache-pour-femme-body-lotion","FACTORY_REBUILD_FROM_CANONICAL_TRUTH",""
"537","Armaf","ODYSSEY AOUD BODY","Body Mist","Exact bottle/product image + direct image URL","https://armaf.com/products/odyssey-aoud-body-spray","FACTORY_REBUILD_FROM_CANONICAL_TRUTH",""
"538","Armaf","ODYSSEY AQUA BODY","Body Mist","Exact bottle/product image + direct image URL","https://armaf.com/products/odyssey-aqua-body-spray","FACTORY_REBUILD_FROM_CANONICAL_TRUTH",""
"539","Armaf","ODYSSEY BLACK FOREST BODY","Eau de Parfum","Exact bottle/product image + direct image URL","https://armaf.com/products/odyssey-black-forest-body-spray-1","FACTORY_REBUILD_FROM_CANONICAL_TRUTH",""
"540","Armaf","ODYSSEY CANDEE ANTI-PERSPIRANT ROLL ON","Body Mist","Exact bottle/product image + direct image URL","https://armaf.com/products/odyssey-candee-anti-perspirant-roll-on","FACTORY_REBUILD_FROM_CANONICAL_TRUTH",""
"541","Armaf","ODYSSEY CANDEE BODY","Body Mist","Exact bottle/product image + direct image URL","https://armaf.com/products/odyssey-candee-body-spray","FACTORY_REBUILD_FROM_CANONICAL_TRUTH",""
"542","Armaf","ODYSSEY CANDEE PERFUMED STICK","Body Mist","Exact bottle/product image + direct image URL","https://armaf.com/products/odyssey-candee-perfumed-stick","FACTORY_REBUILD_FROM_CANONICAL_TRUTH",""
"543","Armaf","ODYSSEY DUBAI CHOCOLAT BODY","Eau de Parfum","Exact bottle/product image + direct image URL","https://armaf.com/products/odyssey-dubai-chocolat-body-spray","FACTORY_REBUILD_FROM_CANONICAL_TRUTH",""
"544","Armaf","ODYSSEY EAU DE MONTAGNE BODY","Eau de Parfum","Exact bottle/product image + direct image URL","https://armaf.com/products/odyssey-eau-de-montagne-body-spray","FACTORY_REBUILD_FROM_CANONICAL_TRUTH",""
"545","Armaf","ODYSSEY GO MANGO BODY","Eau de Parfum","Exact bottle/product image + direct image URL","https://armaf.com/products/odyssey-go-mango-body-spray","FACTORY_REBUILD_FROM_CANONICAL_TRUTH",""
"546","Armaf","ODYSSEY HOMME ANTI-PERSPIRANT ROLL ON","Body Mist","Exact bottle/product image + direct image URL","https://armaf.com/products/odyssey-homme-anti-perspirant-roll-on","FACTORY_REBUILD_FROM_CANONICAL_TRUTH",""
"547","Armaf","ODYSSEY HOMME BODY","Eau de Parfum","Exact bottle/product image + direct image URL","https://armaf.com/products/odyssey-homme-body-spray","FACTORY_REBUILD_FROM_CANONICAL_TRUTH",""
"548","Armaf","ODYSSEY HOMME WHITE EDITION ANTI-PERSPIRANT ROLL ON","Body Mist","Exact bottle/product image + direct image URL","https://armaf.com/products/odyssey-homme-white-edition-anti-perspirant-roll-on","FACTORY_REBUILD_FROM_CANONICAL_TRUTH",""
"549","Armaf","ODYSSEY HOMME WHITE EDITION BODY","Body Mist","Exact bottle/product image + direct image URL","https://armaf.com/products/odyssey-homme-white-edition-body-spray","FACTORY_REBUILD_FROM_CANONICAL_TRUTH",""
"550","Armaf","ODYSSEY LIMONI BODY","Body Mist","Exact bottle/product image + direct image URL","https://armaf.com/products/odyssey-limoni-body-spray","FACTORY_REBUILD_FROM_CANONICAL_TRUTH",""
"551","Armaf","ODYSSEY MANDARIN SKY ANTI-PERSPIRANT ROLL ON","Body Mist","Exact bottle/product image + direct image URL","https://armaf.com/products/odyssey-mandarin-sky-anti-perspirant-roll-on","FACTORY_REBUILD_FROM_CANONICAL_TRUTH",""
"552","Armaf","ODYSSEY MANDARIN SKY BODY","Body Mist","Exact bottle/product image + direct image URL","https://armaf.com/products/odyssey-mandarin-sky-body-spray","FACTORY_REBUILD_FROM_CANONICAL_TRUTH",""
"553","Armaf","ODYSSEY MANDARIN SKY ELIXIR BODY","Eau de Parfum","Exact bottle/product image + direct image URL","https://armaf.com/products/odyssey-mandarin-sky-elixir-body-spray","FACTORY_REBUILD_FROM_CANONICAL_TRUTH",""
"554","Armaf","ODYSSEY MANDARIN SKY PERFUMED STICK","Body Mist","Exact bottle/product image + direct image URL","https://armaf.com/products/odyssey-mandarin-sky-perfumed-stick","FACTORY_REBUILD_FROM_CANONICAL_TRUTH",""
"555","Armaf","ODYSSEY MARSHMALLOW BODY","Eau de Parfum","Exact bottle/product image + direct image URL","https://armaf.com/products/odyssey-marshmallow-body-spray","FACTORY_REBUILD_FROM_CANONICAL_TRUTH",""
"556","Armaf","ODYSSEY MEGA ANTI-PERSPIRANT ROLL ON","Body Mist","Exact bottle/product image + direct image URL","https://armaf.com/products/odyssey-mega-anti-perspirant-roll-on","FACTORY_REBUILD_FROM_CANONICAL_TRUTH",""
"557","Armaf","ODYSSEY MEGA BODY","Body Mist","Exact bottle/product image + direct image URL","https://armaf.com/products/odyssey-mega-body-spray","FACTORY_REBUILD_FROM_CANONICAL_TRUTH",""
"558","Armaf","ODYSSEY REVOLUTION BODY","Eau de Parfum","Exact bottle/product image + direct image URL","https://armaf.com/products/odyssey-revolution-body-spray","FACTORY_REBUILD_FROM_CANONICAL_TRUTH",""
"559","Armaf","ODYSSEY SPECTRA ANTI-PERSPIRANT ROLL ON","Body Mist","Exact bottle/product image + direct image URL","https://armaf.com/products/odyssey-spectra-anti-perspirant-roll-on","FACTORY_REBUILD_FROM_CANONICAL_TRUTH",""
"560","Armaf","ODYSSEY SPECTRA BLU BODY","Eau de Parfum","Exact bottle/product image + direct image URL","https://armaf.com/products/odyssey-spectra-blu-body-spray","FACTORY_REBUILD_FROM_CANONICAL_TRUTH",""
"561","Armaf","ODYSSEY SPECTRA BODY","Body Mist","Exact bottle/product image + direct image URL","https://armaf.com/products/odyssey-spectra-body-spray","FACTORY_REBUILD_FROM_CANONICAL_TRUTH",""
"562","Armaf","ODYSSEY TOFFEE COFFEE 6.8 CAN BODY","Eau de Parfum","Exact bottle/product image + direct image URL","https://armaf.com/products/odyssey-toffee-coffee-6-8-can-body-spray","FACTORY_REBUILD_FROM_CANONICAL_TRUTH",""
"563","Armaf","ODYSSEY TYRANT BODY","Body Mist","Exact bottle/product image + direct image URL","https://armaf.com/products/odyssey-tyrant-body-spray","FACTORY_REBUILD_FROM_CANONICAL_TRUTH",""
"564","Armaf","ODYSSEY WILD ONE BODY","Body Mist","Exact bottle/product image + direct image URL","https://armaf.com/products/odyssey-wild-one-body-spray","FACTORY_REBUILD_FROM_CANONICAL_TRUTH",""
"565","Armaf","Shades","Eau de Toilette","Exact bottle/product image + direct image URL","https://www.ecosmetics.com/product/shades-eau-de-toilette/","FACTORY_REBUILD_FROM_CANONICAL_TRUTH",""
"566","Armaf","TAG HER PRESTIGE BODY","Body Mist","Exact bottle/product image + direct image URL","https://armaf.com/products/tag-her-prestige-1","FACTORY_REBUILD_FROM_CANONICAL_TRUTH",""
"567","Armaf","TAG HIM ANTI-PERSPIRANT ROLL ON","Body Mist","Exact bottle/product image + direct image URL","https://armaf.com/products/tag-him-anti-perspirant-roll-on","FACTORY_REBUILD_FROM_CANONICAL_TRUTH",""
"568","Armaf","THE WARRIOR MAN","Body Mist","Exact bottle/product image + direct image URL","https://armaf.com/products/the-warrior-with-pouch","FACTORY_REBUILD_FROM_CANONICAL_TRUTH",""
"569","Armaf","Tres Nuit","Eau de Toilette","Exact bottle/product image + direct image URL","https://armaf.com/products/tres-nuit","FACTORY_REBUILD_FROM_CANONICAL_TRUTH",""
"570","Armaf","YUM YUM BODY LOTION","Body Mist","Exact bottle/product image + direct image URL","https://armaf.com/products/yum-yum-body-lotion","FACTORY_REBUILD_FROM_CANONICAL_TRUTH",""
"571","Barrett Fragrances","#BM440 inspired by Terrible Teddy","Extrait de Parfum","Exact bottle/product image + direct image URL","https://barrettfragrances.com/products/bm440-inspired-by-terrible-teddy","FACTORY_REBUILD_FROM_CANONICAL_TRUTH",""
"572","Barrett Fragrances","50 Cal Inspired by Tobacco Vanille","Extrait de Parfum","Exact bottle/product image + direct image URL","https://barrettfragrances.com/products/50-cal","FACTORY_REBUILD_FROM_CANONICAL_TRUTH",""
"573","Barrett Fragrances","Adverse Reaction inspired by Side Effect","Extrait de Parfum","Exact bottle/product image + direct image URL","https://barrettfragrances.com/products/adverse-reaction-inspired-by-side-effect","FACTORY_REBUILD_FROM_CANONICAL_TRUTH",""
"574","Barrett Fragrances","Afterlife inspired by Straight to Heaven","Extrait de Parfum","Exact bottle/product image + direct image URL","https://barrettfragrances.com/products/afterlife-inspired-by-straight-to-heaven","FACTORY_REBUILD_FROM_CANONICAL_TRUTH",""
"575","Barrett Fragrances","Alexir II inspired by Alexandria II","Extrait de Parfum","Exact bottle/product image + direct image URL","https://barrettfragrances.com/products/alexir-ii-isnpired-by-alexandria-ii","FACTORY_REBUILD_FROM_CANONICAL_TRUTH",""
"576","Barrett Fragrances","Alter Aura inspired by J'adoube","Extrait de Parfum","Exact bottle/product image + direct image URL","https://barrettfragrances.com/products/alter-aura-inspired-by-jadoube","FACTORY_REBUILD_FROM_CANONICAL_TRUTH",""
"577","Barrett Fragrances","Amazing Orange inspired by Taormina Orange","Extrait de Parfum","Exact bottle/product image + direct image URL","https://barrettfragrances.com/products/amazing-orange-inspired-by-taormina-orange","FACTORY_REBUILD_FROM_CANONICAL_TRUTH",""
"578","Barrett Fragrances","Amber Nightfall inspired by Ambre Nuit","Extrait de Parfum","Exact bottle/product image + direct image URL","https://barrettfragrances.com/products/amber-nightfall-inspired-by-ambre-nuit","FACTORY_REBUILD_FROM_CANONICAL_TRUTH",""
"579","Barrett Fragrances","Apple Brandy Straight inspired by Apple Brandy On The Rocks","Extrait de Parfum","Exact bottle/product image + direct image URL","https://barrettfragrances.com/products/apple-brandy-straight-inspired-by-apple-brandy-on-the-rocks","FACTORY_REBUILD_FROM_CANONICAL_TRUTH",""
"580","Barrett Fragrances","Argant Veil Inspired by Bois d'Argent","Extrait de Parfum","Exact bottle/product image + direct image URL","https://barrettfragrances.com/products/argant-veil-inspired-by-bois-dargent","FACTORY_REBUILD_FROM_CANONICAL_TRUTH",""
"581","Barrett Fragrances","Ascot inspired by Erolfa","Extrait de Parfum","Exact bottle/product image + direct image URL","https://barrettfragrances.com/products/ascot-inspired-by-erolfa","FACTORY_REBUILD_FROM_CANONICAL_TRUTH",""
"582","Barrett Fragrances","Athena's Wisdom inspired by Guidance","Extrait de Parfum","Exact bottle/product image + direct image URL","https://barrettfragrances.com/products/athenas-wisdom-inspired-by-guidance","FACTORY_REBUILD_FROM_CANONICAL_TRUTH",""
"583","Barrett Fragrances","Athenas Gamble inspired by Guidance & Baccarat Rouge 540","Extrait de Parfum","Exact bottle/product image + direct image URL","https://barrettfragrances.com/products/athenas-gamble-inspired-by-guidance-baccarat-rouge-540","FACTORY_REBUILD_FROM_CANONICAL_TRUTH",""
"584","Barrett Fragrances","Athenas Wisdom 46 inspired by Guidance 46","Extrait de Parfum","Exact bottle/product image + direct image URL","https://barrettfragrances.com/products/athenas-wisdom-46-inspired-by-guidance-46","FACTORY_REBUILD_FROM_CANONICAL_TRUTH",""
"585","Barrett Fragrances","Atlantic Lichen inspired by Pacific Rock Moss","Extrait de Parfum","Exact bottle/product image + direct image URL","https://barrettfragrances.com/products/atlantic-lichen-inspired-by-pacific-rock-moss","FACTORY_REBUILD_FROM_CANONICAL_TRUTH",""
"586","Barrett Fragrances","Australian Santal Inspired by Santal 33","Extrait de Parfum","Exact bottle/product image + direct image URL","https://barrettfragrances.com/products/australian-santal-inspired-by-santal-33","FACTORY_REBUILD_FROM_CANONICAL_TRUTH",""
"587","Barrett Fragrances","Avant Garde inspired by Andy Warhol","Extrait de Parfum","Exact bottle/product image + direct image URL","https://barrettfragrances.com/products/avant-garde-inspired-by-andy-warhol","FACTORY_REBUILD_FROM_CANONICAL_TRUTH",""
"588","Barrett Fragrances","Azure Shore inspired by On The Beach","Extrait de Parfum","Exact bottle/product image + direct image URL","https://barrettfragrances.com/products/azure-shore-inspired-by-on-the-beach","FACTORY_REBUILD_FROM_CANONICAL_TRUTH",""
"589","Barrett Fragrances","Beach Bum inspired by Beach Hut Man","Extrait de Parfum","Exact bottle/product image + direct image URL","https://barrettfragrances.com/products/beach-bum-inspired-by-beach-hut-man","FACTORY_REBUILD_FROM_CANONICAL_TRUTH",""
"590","Barrett Fragrances","Beautiful Spartan inspired by Le Beau","Extrait de Parfum","Exact bottle/product image + direct image URL","https://barrettfragrances.com/products/beautiful-spartan-inspired-by-le-male-le-beau","FACTORY_REBUILD_FROM_CANONICAL_TRUTH",""
"591","Barrett Fragrances","Bebecita inspired by Oriana","Extrait de Parfum","Exact bottle/product image + direct image URL","https://barrettfragrances.com/products/bebecita-inspired-by-oriana","FACTORY_REBUILD_FROM_CANONICAL_TRUTH",""
"592","Barrett Fragrances","Begbe Inspired by Carlisle","Extrait de Parfum","Exact bottle/product image + direct image URL","https://barrettfragrances.com/products/begbe-inspired-by-carlisle","FACTORY_REBUILD_FROM_CANONICAL_TRUTH",""
"593","Barrett Fragrances","Bellerophon inspired by Delphinus","Extrait de Parfum","Exact bottle/product image + direct image URL","https://barrettfragrances.com/products/bellarophon-inspired-by-delphinus","FACTORY_REBUILD_FROM_CANONICAL_TRUTH",""
"594","Barrett Fragrances","Bellycat inspired by Babycat","Extrait de Parfum","Exact bottle/product image + direct image URL","https://barrettfragrances.com/products/bellycat-inspired-by-babycat","FACTORY_REBUILD_FROM_CANONICAL_TRUTH",""
"595","Barrett Fragrances","Bergamotto de Italia Inspired by Bergamote 22","Extrait de Parfum","Exact bottle/product image + direct image URL","https://barrettfragrances.com/products/bergamotto-de-italia","FACTORY_REBUILD_FROM_CANONICAL_TRUTH",""
"596","Barrett Fragrances","Big Blue Inspired by Bleu De Chanel","Parfum","Exact bottle/product image + direct image URL","https://barrettfragrances.com/products/big-blue","FACTORY_REBUILD_FROM_CANONICAL_TRUTH",""
"597","Barrett Fragrances","Biscuit inspired by Ginger Biscuit","Extrait de Parfum","Exact bottle/product image + direct image URL","https://barrettfragrances.com/products/biscuit-inspired-by-ginger-biscuit","FACTORY_REBUILD_FROM_CANONICAL_TRUTH",""
"598","Barrett Fragrances","Blanche Romance inspired by Candy Rock Sugar 42","Extrait de Parfum","Exact bottle/product image + direct image URL","https://barrettfragrances.com/products/blanche-romance-inspired-by-candy-rock-sugar-42","FACTORY_REBUILD_FROM_CANONICAL_TRUTH",""
"599","Barrett Fragrances","Blissful Spartan inspired by Le Beau Paradise Garden","Extrait de Parfum","Exact bottle/product image + direct image URL","https://barrettfragrances.com/products/blissful-spartan-inspired-by-le-beau-paradise-garden","FACTORY_REBUILD_FROM_CANONICAL_TRUTH",""
"600","Barrett Fragrances","Bloodmoon inspired by Blue Moon Ginger Dash","Extrait de Parfum","Exact bottle/product image + direct image URL","https://barrettfragrances.com/products/bloodmoon-inspired-by-blue-moon-ginger-dash","FACTORY_REBUILD_FROM_CANONICAL_TRUTH",""
"601","Barrett Fragrances","Blue Horizon inspired by Sailing Day","Extrait de Parfum","Exact bottle/product image + direct image URL","https://barrettfragrances.com/products/blue-horizon-inspired-by-sailing-day","FACTORY_REBUILD_FROM_CANONICAL_TRUTH",""
"602","Barrett Fragrances","Bohemia Street Inspired by Bleeker Street","Extrait de Parfum","Exact bottle/product image + direct image URL","https://barrettfragrances.com/products/bohemia-street","FACTORY_REBUILD_FROM_CANONICAL_TRUTH",""
"603","Barrett Fragrances","Bowline inspired by 40 Knots","Extrait de Parfum","Exact bottle/product image + direct image URL","https://barrettfragrances.com/products/bowline-inspired-by-40-knotts","FACTORY_REBUILD_FROM_CANONICAL_TRUTH",""
"604","Barrett Fragrances","Bowtie inspired by Black Tie","Extrait de Parfum","Exact bottle/product image + direct image URL","https://barrettfragrances.com/products/bowtie-inspired-by-black-tie","FACTORY_REBUILD_FROM_CANONICAL_TRUTH",""
"605","Barrett Fragrances","Brise Africaine Absolu inspired by Bal d'Afrique Absolu","Extrait de Parfum","Exact bottle/product image + direct image URL","https://barrettfragrances.com/products/brise-africaine-absolu-inspired-by-bal-dafrique-absolu","FACTORY_REBUILD_FROM_CANONICAL_TRUTH",""
"606","Barrett Fragrances","Brise Africaine Inspired by Bal D' Afrique","Extrait de Parfum","Exact bottle/product image + direct image URL","https://barrettfragrances.com/products/brise-africaine","FACTORY_REBUILD_FROM_CANONICAL_TRUTH",""
"607","Barrett Fragrances","Burst Of Rose inspired by Atomic Rose","Extrait de Parfum","Exact bottle/product image + direct image URL","https://barrettfragrances.com/products/burst-of-rose-inspired-by-atomic-rose","FACTORY_REBUILD_FROM_CANONICAL_TRUTH",""
"608","Barrett Fragrances","Butterfly inspired by Route du The","Extrait de Parfum","Exact bottle/product image + direct image URL","https://barrettfragrances.com/products/butterfly-inspired-by-route-du-the","FACTORY_REBUILD_FROM_CANONICAL_TRUTH",""
"609","Barrett Fragrances","Byzantine Inspired By Hacivat","Extrait de Parfum","Exact bottle/product image + direct image URL","https://barrettfragrances.com/products/byzantine-inspired-by-hacivat","FACTORY_REBUILD_FROM_CANONICAL_TRUTH",""
"610","Barrett Fragrances","Cabo Coast Inspired by Virgin Island Water","Extrait de Parfum","Exact bottle/product image + direct image URL","https://barrettfragrances.com/products/cabo-coast","FACTORY_REBUILD_FROM_CANONICAL_TRUTH",""
"611","Barrett Fragrances","Cacti Bouquet inspired by Cactus Garden","Extrait de Parfum","Exact bottle/product image + direct image URL","https://barrettfragrances.com/products/cacti-bouquet-inspired-by-cactus-garden","FACTORY_REBUILD_FROM_CANONICAL_TRUTH",""
"612","Barrett Fragrances","Caffe Fiore inspired by Café Rose","Extrait de Parfum","Exact bottle/product image + direct image URL","https://barrettfragrances.com/products/caffe-fiore-inspired-by-cafe-rose","FACTORY_REBUILD_FROM_CANONICAL_TRUTH",""
"613","Barrett Fragrances","Caliente inspired by Smoking Hot","Extrait de Parfum","Exact bottle/product image + direct image URL","https://barrettfragrances.com/products/caliente-inspired-by-smoking-hot","FACTORY_REBUILD_FROM_CANONICAL_TRUTH",""
"614","Barrett Fragrances","Captivation inspired by l'immensite","Extrait de Parfum","Exact bottle/product image + direct image URL","https://barrettfragrances.com/products/captivation-inspired-by-limmensite","FACTORY_REBUILD_FROM_CANONICAL_TRUTH",""
"615","Barrett Fragrances","Caramel Duet inspired by Cant Get Enough","Extrait de Parfum","Exact bottle/product image + direct image URL","https://barrettfragrances.com/products/caramel-duet-inspired-by-cant-get-enough","FACTORY_REBUILD_FROM_CANONICAL_TRUTH",""
"616","Barrett Fragrances","Celestial","Extrait de Parfum","Exact bottle/product image + direct image URL","https://barrettfragrances.com/products/celestial-inspired-by-stellar-times","FACTORY_REBUILD_FROM_CANONICAL_TRUTH",""
"617","Barrett Fragrances","Celestial Inspired by Stellar Times","Extrait de Parfum","Exact bottle/product image + direct image URL","https://barrettfragrances.com/products/celestial-inspired-by-stellar-times","FACTORY_REBUILD_FROM_CANONICAL_TRUTH",""
"618","Barrett Fragrances","Cendre De Nuit inspired by Gris Charnel","Extrait de Parfum","Exact bottle/product image + direct image URL","https://barrettfragrances.com/products/cendre-de-nuit-inspired-by-gris-charnel","FACTORY_REBUILD_FROM_CANONICAL_TRUTH",""
"619","Barrett Fragrances","Cherry Fields inspired by Lost Cherry & Naxos","Extrait de Parfum","Exact bottle/product image + direct image URL","https://barrettfragrances.com/products/cherry-fields-inspired-by-lost-cherry-naxos","FACTORY_REBUILD_FROM_CANONICAL_TRUTH",""
"620","Barrett Fragrances","Chimera inspired by Centaurus","Extrait de Parfum","Exact bottle/product image + direct image URL","https://barrettfragrances.com/products/chimera-inspired-by-centaurus","FACTORY_REBUILD_FROM_CANONICAL_TRUTH",""
"621","Barrett Fragrances","Chocolate Symphony inspired by Chocolate Greedy","Extrait de Parfum","Exact bottle/product image + direct image URL","https://barrettfragrances.com/products/chocolate-symphony-inspired-by-chocolate-greedy","FACTORY_REBUILD_FROM_CANONICAL_TRUTH",""
"622","Barrett Fragrances","Citrus Mistress inspired by Tangerine Boy","Extrait de Parfum","Exact bottle/product image + direct image URL","https://barrettfragrances.com/products/citrus-mistress-inspired-by-tangerine-boy","FACTORY_REBUILD_FROM_CANONICAL_TRUTH",""
"623","Barrett Fragrances","Clean Cut inspired by At The Barber's","Extrait de Parfum","Exact bottle/product image + direct image URL","https://barrettfragrances.com/products/clean-cut-inspired-by-at-the-barbers","FACTORY_REBUILD_FROM_CANONICAL_TRUTH",""
"624","Barrett Fragrances","Cmacs Fire inspired by God of Fire","Extrait de Parfum","Exact bottle/product image + direct image URL","https://barrettfragrances.com/products/cmacs-fire-inspired-by-god-of-fire","FACTORY_REBUILD_FROM_CANONICAL_TRUTH",""
"625","Barrett Fragrances","Coconut Cream Dream inspired by Moonlight In Heaven","Extrait de Parfum","Exact bottle/product image + direct image URL","https://barrettfragrances.com/products/coconut-cream-dream-inspired-by-utopia-vanilla-coco-21","FACTORY_REBUILD_FROM_CANONICAL_TRUTH",""
"626","Barrett Fragrances","Coffeehouse Couture inspired by New Haarlem","Extrait de Parfum","Exact bottle/product image + direct image URL","https://barrettfragrances.com/products/coffeehouse-colture-inspired-by-new-haarlem","FACTORY_REBUILD_FROM_CANONICAL_TRUTH",""
"627","Barrett Fragrances","Conquest inspired by Checkmate","Extrait de Parfum","Exact bottle/product image + direct image URL","https://barrettfragrances.com/products/conquest-inspired-by-checkmate","FACTORY_REBUILD_FROM_CANONICAL_TRUTH",""
"628","Barrett Fragrances","Crazy In Love Inspired by Psychedelic Love","Extrait de Parfum","Exact bottle/product image + direct image URL","https://barrettfragrances.com/products/crazy-in-love-inspired-by-psychedelic-love","FACTORY_REBUILD_FROM_CANONICAL_TRUTH",""
"629","Barrett Fragrances","Crescendo Man inspired by Lyric Man","Extrait de Parfum","Exact bottle/product image + direct image URL","https://barrettfragrances.com/products/crescendo-man-inspired-by-lyric-man","FACTORY_REBUILD_FROM_CANONICAL_TRUTH",""
"630","Barrett Fragrances","Crimson Lightning inspired by Electric Cherry","Extrait de Parfum","Exact bottle/product image + direct image URL","https://barrettfragrances.com/products/crimson-lightning-inspired-by-electric-cherry","FACTORY_REBUILD_FROM_CANONICAL_TRUTH",""
"631","Barrett Fragrances","Crown And Abyss inspired by The World According to Arthur","Extrait de Parfum","Exact bottle/product image + direct image URL","https://barrettfragrances.com/products/crown-and-abyss-inspired-by-the-world-according-to-arthur","FACTORY_REBUILD_FROM_CANONICAL_TRUTH",""
"632","Barrett Fragrances","Daddy Inspired by Ombre Leather","Extrait de Parfum","Exact bottle/product image + direct image URL","https://barrettfragrances.com/products/daddy","FACTORY_REBUILD_FROM_CANONICAL_TRUTH",""
"633","Barrett Fragrances","Dark Apparition Inspired by Black Phantom","Extrait de Parfum","Exact bottle/product image + direct image URL","https://barrettfragrances.com/products/dark-apparition","FACTORY_REBUILD_FROM_CANONICAL_TRUTH",""
"634","Barrett Fragrances","Dark Cherry Inspired by Lost Cherry","Extrait de Parfum","Exact bottle/product image + direct image URL","https://barrettfragrances.com/products/dark-cherry","FACTORY_REBUILD_FROM_CANONICAL_TRUTH",""
"635","Barrett Fragrances","Deprees Radcliff inspired by Roaring Radcliff","Extrait de Parfum","Exact bottle/product image + direct image URL","https://barrettfragrances.com/products/duprees-radcliff-inspired-by-roaring-radcliff","FACTORY_REBUILD_FROM_CANONICAL_TRUTH",""
"636","Barrett Fragrances","Divine Brandy inspired by Apple Brandy On The Rocks & Angels Share","Extrait de Parfum","Exact bottle/product image + direct image URL","https://barrettfragrances.com/products/divine-brandy-inspired-by-apple-brandy-on-the-rocks-angels-share","FACTORY_REBUILD_FROM_CANONICAL_TRUTH",""
"637","Barrett Fragrances","Divine Intervention Inspired by Angels Share","Extrait de Parfum","Exact bottle/product image + direct image URL","https://barrettfragrances.com/products/divine-intervention","FACTORY_REBUILD_FROM_CANONICAL_TRUTH",""
"638","Barrett Fragrances","Divine Paradis inspired by Angel Share Paradis","Extrait de Parfum","Exact bottle/product image + direct image URL","https://barrettfragrances.com/products/divine-paradis-inspired-by-angel-share-paradis","FACTORY_REBUILD_FROM_CANONICAL_TRUTH",""
"639","Barrett Fragrances","Doc D' Argent inspired by Fougère d’Argent","Extrait de Parfum","Exact bottle/product image + direct image URL","https://barrettfragrances.com/products/doc-d-argent-inspired-by-fougere-d-argent","FACTORY_REBUILD_FROM_CANONICAL_TRUTH",""
"640","Barrett Fragrances","Douglas Inspired by Father Figure","Extrait de Parfum","Exact bottle/product image + direct image URL","https://barrettfragrances.com/products/doulas-inspired-by-father-figure","FACTORY_REBUILD_FROM_CANONICAL_TRUTH",""
"641","Barrett Fragrances","Dreammallow inspired by Yum Boujee Marshmallow 81","Extrait de Parfum","Exact bottle/product image + direct image URL","https://barrettfragrances.com/products/dreammallow-inspired-by-yum-boujee-marshmallow-81","FACTORY_REBUILD_FROM_CANONICAL_TRUTH",""
"642","Barrett Fragrances","Dreamweaver inspired by Imagination","Extrait de Parfum","Exact bottle/product image + direct image URL","https://barrettfragrances.com/products/dreamweaver-inspired-by-imagination","FACTORY_REBUILD_FROM_CANONICAL_TRUTH",""
"643","Barrett Fragrances","Dusky Petal inspired by Halfeti","Extrait de Parfum","Exact bottle/product image + direct image URL","https://barrettfragrances.com/products/dusky-petal-inspired-by-halfeti","FACTORY_REBUILD_FROM_CANONICAL_TRUTH",""
"644","Barrett Fragrances","Electric Sky inspired by Orage","Extrait de Parfum","Exact bottle/product image + direct image URL","https://barrettfragrances.com/products/electric-sky-inspired-by-orage","FACTORY_REBUILD_FROM_CANONICAL_TRUTH",""
"645","Barrett Fragrances","Elixir d' Millionaire inspired by One Million Elixir","Extrait de Parfum","Exact bottle/product image + direct image URL","https://barrettfragrances.com/products/elixir-d-millionaire","FACTORY_REBUILD_FROM_CANONICAL_TRUTH",""
"646","Barrett Fragrances","Ely's Elation inspired by Happy 1999","Extrait de Parfum","Exact bottle/product image + direct image URL","https://barrettfragrances.com/products/elys-elation-inspired-by-happy-for-men-1999","FACTORY_REBUILD_FROM_CANONICAL_TRUTH",""
"647","Barrett Fragrances","Enchoku inspired by Plum Japonais","Extrait de Parfum","Exact bottle/product image + direct image URL","https://barrettfragrances.com/products/enchoku-inspired-by-plum-japonais","FACTORY_REBUILD_FROM_CANONICAL_TRUTH",""
"648","Barrett Fragrances","Eternal Dusk Inspired by Endymion","Extrait de Parfum","Exact bottle/product image + direct image URL","https://barrettfragrances.com/products/eternal-dusk-inspired-by-endymion","FACTORY_REBUILD_FROM_CANONICAL_TRUTH",""
"649","Barrett Fragrances","Ethereal Mist inspired by Enigma","Extrait de Parfum","Exact bottle/product image + direct image URL","https://barrettfragrances.com/products/ethereal-mist-inspired-by-enigma","FACTORY_REBUILD_FROM_CANONICAL_TRUTH",""
"650","Barrett Fragrances","Euphoric Mist Femme inspired by Scent Of Peace","Extrait de Parfum","Exact bottle/product image + direct image URL","https://barrettfragrances.com/products/euphoric-mist-femme-inspired-by-scent-of-peace-for-her","FACTORY_REBUILD_FROM_CANONICAL_TRUTH",""
"651","Barrett Fragrances","Euphoric Mist inspired by Scent Of Peace","Extrait de Parfum","Exact bottle/product image + direct image URL","https://barrettfragrances.com/products/euphoric-mist-inspired-by-scent-of-peace","FACTORY_REBUILD_FROM_CANONICAL_TRUTH",""
"652","Barrett Fragrances","F Bomb Inspired by F*cking Fabulous","Extrait de Parfum","Exact bottle/product image + direct image URL","https://barrettfragrances.com/products/f-bomb","FACTORY_REBUILD_FROM_CANONICAL_TRUTH",""
"653","Barrett Fragrances","Feu Noir inspired by Ebene Fume","Extrait de Parfum","Exact bottle/product image + direct image URL","https://barrettfragrances.com/products/feu-noir-inspired-by-ebene-fume","FACTORY_REBUILD_FROM_CANONICAL_TRUTH",""
"654","Barrett Fragrances","Fields Of Valhalla inspired by Aventus and Naxos","Extrait de Parfum","Exact bottle/product image + direct image URL","https://barrettfragrances.com/products/fields-of-valhalla-inspired-by-aventus-and-honey-fields","FACTORY_REBUILD_FROM_CANONICAL_TRUTH",""
"655","Barrett Fragrances","Fire and Ice inspired by Fahrenheit 1988","Extrait de Parfum","Exact bottle/product image + direct image URL","https://barrettfragrances.com/products/fire-and-ice-inspired-by-fahrenheit","FACTORY_REBUILD_FROM_CANONICAL_TRUTH",""
"656","Barrett Fragrances","Forbidden Apple inspired by Eden Juicy Apple 01","Extrait de Parfum","Exact bottle/product image + direct image URL","https://barrettfragrances.com/products/forbidden-apple-inspired-by-eden-juicy-apple-01","FACTORY_REBUILD_FROM_CANONICAL_TRUTH",""
"657","Barrett Fragrances","Forever Vanille inspired by Sublime Vanille","Extrait de Parfum","Exact bottle/product image + direct image URL","https://barrettfragrances.com/products/forever-vanille-inspired-by-sublime-vanille","FACTORY_REBUILD_FROM_CANONICAL_TRUTH",""
"658","Barrett Fragrances","Frozen Steel Inspired by Ganymede","Fragrance","Exact bottle/product image + direct image URL","https://barrettfragrances.com/products/frozen-steel-inspired-by-ganymede","FACTORY_REBUILD_FROM_CANONICAL_TRUTH",""
"659","Barrett Fragrances","Gentlehomme inspired by Haltane","Extrait de Parfum","Exact bottle/product image + direct image URL","https://barrettfragrances.com/products/gentlehomme-inspired-by-haltane","FACTORY_REBUILD_FROM_CANONICAL_TRUTH",""
"660","Barrett Fragrances","Gentleman's Club Inspired by Bois Du Portigal","Extrait de Parfum","Exact bottle/product image + direct image URL","https://barrettfragrances.com/products/gentlemans","FACTORY_REBUILD_FROM_CANONICAL_TRUTH",""
"661","Barrett Fragrances","Gladiator Inspired by Elysium","Extrait de Parfum","Exact bottle/product image + direct image URL","https://barrettfragrances.com/products/gladiator","FACTORY_REBUILD_FROM_CANONICAL_TRUTH",""
"662","Barrett Fragrances","Gladiator Intense inspired by Elysium Eau Intense","Extrait de Parfum","Exact bottle/product image + direct image URL","https://barrettfragrances.com/products/gladiator-intense-inspired-by-elysium-eau-intense","FACTORY_REBUILD_FROM_CANONICAL_TRUTH",""
"663","Barrett Fragrances","Gladiator Of Valhalla inspired by Aventus and Elysium","Extrait de Parfum","Exact bottle/product image + direct image URL","https://barrettfragrances.com/products/gladiator-of-valhalla-inspired-by-aventus-and-elysium","FACTORY_REBUILD_FROM_CANONICAL_TRUTH",""
"664","Barrett Fragrances","Godsmoke inspired by Oud For Greatness","Extrait de Parfum","Exact bottle/product image + direct image URL","https://barrettfragrances.com/products/godsmoke-inspired-by-oud-for-greatness","FACTORY_REBUILD_FROM_CANONICAL_TRUTH",""
"665","Barrett Fragrances","Green Hills Inspired by Green Irish Tweed","Extrait de Parfum","Exact bottle/product image + direct image URL","https://barrettfragrances.com/products/green-hills","FACTORY_REBUILD_FROM_CANONICAL_TRUTH",""
"666","Barrett Fragrances","Grounds Of Valhalla inspired by Aventus And Ani","Extrait de Parfum","Exact bottle/product image + direct image URL","https://barrettfragrances.com/products/grounds-of-valhalla-inspired-by-aventus-and-ani","FACTORY_REBUILD_FROM_CANONICAL_TRUTH",""
"667","Barrett Fragrances","Harmony inspired by Symphony","Extrait de Parfum","Exact bottle/product image + direct image URL","https://barrettfragrances.com/products/harmony-inspired-by-symphony","FACTORY_REBUILD_FROM_CANONICAL_TRUTH",""
"668","Barrett Fragrances","High Ground Inspired by Ani","Extrait de Parfum","Exact bottle/product image + direct image URL","https://barrettfragrances.com/products/high-ground","FACTORY_REBUILD_FROM_CANONICAL_TRUTH",""
"669","Barrett Fragrances","Hollywood inspired by California Dream","Extrait de Parfum","Exact bottle/product image + direct image URL","https://barrettfragrances.com/products/hollywood-inspired-by-city-of-stars","FACTORY_REBUILD_FROM_CANONICAL_TRUTH",""
"670","Barrett Fragrances","Hombre Ideal inspired by L'homme Ideal","Extrait de Parfum","Exact bottle/product image + direct image URL","https://barrettfragrances.com/products/hombre-ideal-inspired-by-lhomme-ideal","FACTORY_REBUILD_FROM_CANONICAL_TRUTH",""
"671","Barrett Fragrances","Honey Fields Inspired by Naxos","Extrait de Parfum","Exact bottle/product image + direct image URL","https://barrettfragrances.com/products/honey-fields","FACTORY_REBUILD_FROM_CANONICAL_TRUTH",""
"672","Barrett Fragrances","I'moore inspred by l'homme","Extrait de Parfum","Exact bottle/product image + direct image URL","https://barrettfragrances.com/products/lmoore-isnored-by-lhomme","FACTORY_REBUILD_FROM_CANONICAL_TRUTH",""
"673","Barrett Fragrances","Iced Vanilla Dream inspired by Vanilla 28 and Ganymede","Extrait de Parfum","Exact bottle/product image + direct image URL","https://barrettfragrances.com/products/iced-vanilla-dream-inspired-by-vanilla-28-and-ganymede","FACTORY_REBUILD_FROM_CANONICAL_TRUTH",""
"674","Barrett Fragrances","Ignition inspired by Fan Your Flames","Extrait de Parfum","Exact bottle/product image + direct image URL","https://barrettfragrances.com/products/ignition-inspired-by-fan-your-flames","FACTORY_REBUILD_FROM_CANONICAL_TRUTH",""
"675","Barrett Fragrances","Incendiary Extreme inspired by Spice Bomb Extreme","Extrait de Parfum","Exact bottle/product image + direct image URL","https://barrettfragrances.com/products/incendiary-extreme-inspired-by-spice-bomb-extreme","FACTORY_REBUILD_FROM_CANONICAL_TRUTH",""
"676","Barrett Fragrances","Incendiary inspired by Spicebomb 2012","Extrait de Parfum","Exact bottle/product image + direct image URL","https://barrettfragrances.com/products/incendiary-inspired-by-spicebomb-2012","FACTORY_REBUILD_FROM_CANONICAL_TRUTH",""
"677","Barrett Fragrances","Incendiary Revival inspired by Spicebomb Extreme & Rehab","Extrait de Parfum","Exact bottle/product image + direct image URL","https://barrettfragrances.com/products/incendiary-revival-inspired-by-spicebomb-extreme-rehab","FACTORY_REBUILD_FROM_CANONICAL_TRUTH",""
"678","Barrett Fragrances","Inebriated inspired by Intoxicated","Extrait de Parfum","Exact bottle/product image + direct image URL","https://barrettfragrances.com/products/inebriated-inspired-by-intoxicated","FACTORY_REBUILD_FROM_CANONICAL_TRUTH",""
"679","Barrett Fragrances","Intricate Oud inspired by Agarwood Collection Intricate","Extrait de Parfum","Exact bottle/product image + direct image URL","https://barrettfragrances.com/products/intricate-oud-inspired-by-agarwood-collection-intricate","FACTORY_REBUILD_FROM_CANONICAL_TRUTH",""
"680","Barrett Fragrances","Iris Horizon inspired by Homme Intense","Extrait de Parfum","Exact bottle/product image + direct image URL","https://barrettfragrances.com/products/iris-horizon-inspired-by-homme-intense","FACTORY_REBUILD_FROM_CANONICAL_TRUTH",""
"681","Barrett Fragrances","Ironclad inspired by Duro","Extrait de Parfum","Exact bottle/product image + direct image URL","https://barrettfragrances.com/products/ironclad-inspired-by-duro","FACTORY_REBUILD_FROM_CANONICAL_TRUTH",""
"682","Barrett Fragrances","Isle Of Palms inspired by Mandarino Di Amalfi","Extrait de Parfum","Exact bottle/product image + direct image URL","https://barrettfragrances.com/products/isle-of-palm-inspired-by-mandarino-di-amalfi","FACTORY_REBUILD_FROM_CANONICAL_TRUTH",""
"683","Barrett Fragrances","Ivory Ember inspired by Santal Blanc","Extrait de Parfum","Exact bottle/product image + direct image URL","https://barrettfragrances.com/products/ivory-ember-inspired-by-santal-blanc","FACTORY_REBUILD_FROM_CANONICAL_TRUTH",""
"684","Barrett Fragrances","Jarions Photo inspired by Photo","Extrait de Parfum","Exact bottle/product image + direct image URL","https://barrettfragrances.com/products/jarions-photo-inspired-by-photo","FACTORY_REBUILD_FROM_CANONICAL_TRUTH",""
"685","Barrett Fragrances","Jungle Majesty inspired by Tygar","Extrait de Parfum","Exact bottle/product image + direct image URL","https://barrettfragrances.com/products/jungle-majesty-inspired-by-tygar","FACTORY_REBUILD_FROM_CANONICAL_TRUTH",""
"686","Barrett Fragrances","Kaspa inspired by Rhapsody","Fragrance","Exact bottle/product image + direct image URL","https://barrettfragrances.com/products/kaspa-inspired-by-rhapsody","FACTORY_REBUILD_FROM_CANONICAL_TRUTH",""
"687","Barrett Fragrances","King Arthur inspired by Percival","Extrait de Parfum","Exact bottle/product image + direct image URL","https://barrettfragrances.com/products/king-arthur-inspired-by-percival","FACTORY_REBUILD_FROM_CANONICAL_TRUTH",""
"688","Barrett Fragrances","Lapis Equus Exclusif inspired by Layton Exclusif","Extrait de Parfum","Exact bottle/product image + direct image URL","https://barrettfragrances.com/products/lapis-equus-exclusif-inspired-by-layton-exclusif","FACTORY_REBUILD_FROM_CANONICAL_TRUTH",""
"689","Barrett Fragrances","Lapis Equus Inspired by Layton","Extrait de Parfum","Exact bottle/product image + direct image URL","https://barrettfragrances.com/products/lapis-equus","FACTORY_REBUILD_FROM_CANONICAL_TRUTH",""
"690","Barrett Fragrances","Larmes Innocents inspired by Cry Baby Milk","Extrait de Parfum","Exact bottle/product image + direct image URL","https://barrettfragrances.com/products/larmes-innocents-inspired-by-cry-baby-milk","FACTORY_REBUILD_FROM_CANONICAL_TRUTH",""
"691","Barrett Fragrances","Legend Guy inspired by Epic Man","Extrait de Parfum","Exact bottle/product image + direct image URL","https://barrettfragrances.com/products/legend-guy-inspired-by-epic-man","FACTORY_REBUILD_FROM_CANONICAL_TRUTH",""
"692","Barrett Fragrances","Lemon Heaven inspired by Allure Homme Edition Blanche","Extrait de Parfum","Exact bottle/product image + direct image URL","https://barrettfragrances.com/products/lemon-heaven-inspired-by-allure-homme-edition-blanche","FACTORY_REBUILD_FROM_CANONICAL_TRUTH",""
"693","Barrett Fragrances","Lever Du Soleil inspired by Soleil Blanc","Extrait de Parfum","Exact bottle/product image + direct image URL","https://barrettfragrances.com/products/lever-du-soleil-inspired-by-soleil-blanc","FACTORY_REBUILD_FROM_CANONICAL_TRUTH",""
"694","Barrett Fragrances","Lexclusif Blue isnpired by Bleu de Chanel L'Exclusif","Extrait de Parfum","Exact bottle/product image + direct image URL","https://barrettfragrances.com/products/lexclusif-blue-isnpired-by-bleu-de-chanel-lexclusif","FACTORY_REBUILD_FROM_CANONICAL_TRUTH",""
"695","Barrett Fragrances","Like A Boss inspired by Office","Extrait de Parfum","Exact bottle/product image + direct image URL","https://barrettfragrances.com/products/like-a-boss-inspired-by-office-for-men","FACTORY_REBUILD_FROM_CANONICAL_TRUTH",""
"696","Barrett Fragrances","Little Blue inspired by Bleu De Chanel","Extrait de Parfum","Exact bottle/product image + direct image URL","https://barrettfragrances.com/products/little-blue-inspired-by-bdc-2010","FACTORY_REBUILD_FROM_CANONICAL_TRUTH",""
"697","Barrett Fragrances","Lone Drifter inspired by Gentle Fluidity Gold","Extrait de Parfum","Exact bottle/product image + direct image URL","https://barrettfragrances.com/products/lone-drifter-inspired-by-gentle-fluidity-gold","FACTORY_REBUILD_FROM_CANONICAL_TRUTH",""
"698","Barrett Fragrances","Lone Ranger inspired by Gentle Fluidity Silver","Parfum","Exact bottle/product image + direct image URL","https://barrettfragrances.com/products/lone-ranger","FACTORY_REBUILD_FROM_CANONICAL_TRUTH",""
"699","Barrett Fragrances","Longboat inspired by Viking","Extrait de Parfum","Exact bottle/product image + direct image URL","https://barrettfragrances.com/products/longboat-inspired-by-viking","FACTORY_REBUILD_FROM_CANONICAL_TRUTH",""
"700","Barrett Fragrances","Longing For Home inspired by Missing Person","Extrait de Parfum","Exact bottle/product image + direct image URL","https://barrettfragrances.com/products/longing-for-home-inspired-by-missing-person","FACTORY_REBUILD_FROM_CANONICAL_TRUTH",""
