"1401","Swiss Arabian","Soul of Bali 1404 | Swiss Arabian","Extrait de Parfum","Exact bottle/product image + direct image URL","https://us.swissarabian.com/products/soul-of-bali","FACTORY_REBUILD_FROM_CANONICAL_TRUTH",""
"1402","Swiss Arabian","Spirit of Valencia | Swiss Arabian","Extrait de Parfum","Exact bottle/product image + direct image URL","https://us.swissarabian.com/products/spirit-of-valencia","FACTORY_REBUILD_FROM_CANONICAL_TRUTH",""
"1403","Swiss Arabian","The Collector’s Edition III | Swiss Arabian","Eau de Parfum","Exact bottle/product image + direct image URL","https://us.swissarabian.com/products/the-collector-s-edition-ii","FACTORY_REBUILD_FROM_CANONICAL_TRUTH",""
"1404","Swiss Arabian","Tobacco 01 | Swiss Arabian","Extrait de Parfum","Exact bottle/product image + direct image URL","https://us.swissarabian.com/products/tobacco-01","FACTORY_REBUILD_FROM_CANONICAL_TRUTH",""
"1405","Swiss Arabian","Valencia | Swiss Arabian","Eau de Parfum","Exact bottle/product image + direct image URL","https://us.swissarabian.com/products/valencia","FACTORY_REBUILD_FROM_CANONICAL_TRUTH",""
"1406","Swiss Arabian","Vanilla 01 | Swiss Arabian","Extrait de Parfum","Exact bottle/product image + direct image URL","https://us.swissarabian.com/products/vanilla-01","FACTORY_REBUILD_FROM_CANONICAL_TRUTH",""
"1407","Swiss Arabian","Vetiver & Orange | Swiss Arabian","Eau de Parfum","Exact bottle/product image + direct image URL","https://us.swissarabian.com/products/vetiver-and-orange","FACTORY_REBUILD_FROM_CANONICAL_TRUTH",""
"1408","Swiss Arabian","Wajd | Swiss Arabian","Extrait de Parfum","Exact bottle/product image + direct image URL","https://us.swissarabian.com/products/wajd-2","FACTORY_REBUILD_FROM_CANONICAL_TRUTH",""
"1409","Swiss Arabian","Wild Spirit | Swiss Arabian","Eau de Parfum","Exact bottle/product image + direct image URL","https://us.swissarabian.com/products/wild-spirit","FACTORY_REBUILD_FROM_CANONICAL_TRUTH",""
"1410","Tree Hut","aurora nights","Body Mist","Exact bottle/product image + direct image URL","https://www.treehutshea.com/products/aurora-nights-fragrance-mist","FACTORY_REBUILD_FROM_CANONICAL_TRUTH",""
"1411","Tree Hut","Cinnamon Dolce","Lotion","Exact bottle/product image + direct image URL","https://www.treehutshea.com/products/cinnamon-dolce-hydraglow-body-lotion","FACTORY_REBUILD_FROM_CANONICAL_TRUTH",""
"1412","Tree Hut","Coco Colada","Lotion","Exact bottle/product image + direct image URL","https://www.treehutshea.com/products/coco-colada-moisturizing-body-lotion","FACTORY_REBUILD_FROM_CANONICAL_TRUTH",""
"1413","Tree Hut","Coco Colada","Body Mist","Exact bottle/product image + direct image URL","https://www.treehutshea.com/products/coco-colada-fragrance-mist","FACTORY_REBUILD_FROM_CANONICAL_TRUTH",""
"1414","Tree Hut","Coco Colada","Body Butter","Exact bottle/product image + direct image URL","https://www.treehutshea.com/products/coco-colada-whipped-body-butter","FACTORY_REBUILD_FROM_CANONICAL_TRUTH",""
"1415","Tree Hut","Coco Colada Whipped Shave Butter","Fragrance","Exact bottle/product image + direct image URL","https://www.treehutshea.com/products/coco-colada-whipped-shave-butter","FACTORY_REBUILD_FROM_CANONICAL_TRUTH",""
"1416","Tree Hut","Electric Beach","Body Mist","Exact bottle/product image + direct image URL","https://www.treehutshea.com/products/electric-beach-fragrance-mist","FACTORY_REBUILD_FROM_CANONICAL_TRUTH",""
"1417","Tree Hut","Fireside Maple Foaming Gel Wash","Fragrance","Exact bottle/product image + direct image URL","https://www.treehutshea.com/products/fireside-maple-foaming-gel-wash","FACTORY_REBUILD_FROM_CANONICAL_TRUTH",""
"1418","Tree Hut","Golden Vanilla","Body Mist","Exact bottle/product image + direct image URL","https://www.treehutshea.com/products/golden-vanilla-fragrance-mist","FACTORY_REBUILD_FROM_CANONICAL_TRUTH",""
"1419","Tree Hut","Golden Vanilla","Body Butter","Exact bottle/product image + direct image URL","https://www.treehutshea.com/products/golden-vanilla-whipped-shea-body-butter","FACTORY_REBUILD_FROM_CANONICAL_TRUTH",""
"1420","Tree Hut","Golden Vanilla Shea Sugar Scrub","Fragrance","Exact bottle/product image + direct image URL","https://www.treehutshea.com/products/golden-vanilla-shea-sugar-scrub","FACTORY_REBUILD_FROM_CANONICAL_TRUTH",""
"1421","Tree Hut","Honeydew Hype Shea Sugar Scrub","Fragrance","Exact bottle/product image + direct image URL","https://www.treehutshea.com/products/honeydew-hype-shea-sugar-scrub","FACTORY_REBUILD_FROM_CANONICAL_TRUTH",""
"1422","Tree Hut","Jelly Bear","Body Butter","Exact bottle/product image + direct image URL","https://www.treehutshea.com/products/jelly-bear-whipped-shea-body-butter","FACTORY_REBUILD_FROM_CANONICAL_TRUTH",""
"1423","Tree Hut","Lotus Water","Body Butter","Exact bottle/product image + direct image URL","https://www.treehutshea.com/products/lotus-water-whipped-body-butter","FACTORY_REBUILD_FROM_CANONICAL_TRUTH",""
"1424","Tree Hut","moonlight glow","Body Butter","Exact bottle/product image + direct image URL","https://www.treehutshea.com/products/moonlight-glow-whipped-body-butter","FACTORY_REBUILD_FROM_CANONICAL_TRUTH",""
"1425","Tree Hut","Moonlight Glow Balancing","Body Oil","Exact bottle/product image + direct image URL","https://www.treehutshea.com/products/moonlight-glow-balancing-body-oil","FACTORY_REBUILD_FROM_CANONICAL_TRUTH",""
"1426","Tree Hut","moonlight glow wellness mist","Fragrance","Exact bottle/product image + direct image URL","https://www.treehutshea.com/products/moonlight-glow-wellness-mist","FACTORY_REBUILD_FROM_CANONICAL_TRUTH",""
"1427","Tree Hut","moroccan rose","Body Mist","Exact bottle/product image + direct image URL","https://www.treehutshea.com/products/moroccan-rose-fragrance-mist","FACTORY_REBUILD_FROM_CANONICAL_TRUTH",""
"1428","Tree Hut","Moroccan Rose","Body Butter","Exact bottle/product image + direct image URL","https://www.treehutshea.com/products/moroccan-rose-whipped-body-butter","FACTORY_REBUILD_FROM_CANONICAL_TRUTH",""
"1429","Tree Hut","Moroccan Rose Whipped Shave Butter","Fragrance","Exact bottle/product image + direct image URL","https://www.treehutshea.com/products/moroccan-rose-whipped-shave-butter","FACTORY_REBUILD_FROM_CANONICAL_TRUTH",""
"1430","Tree Hut","ocean glow","Body Butter","Exact bottle/product image + direct image URL","https://www.treehutshea.com/products/ocean-glow-whipped-body-butter","FACTORY_REBUILD_FROM_CANONICAL_TRUTH",""
"1431","Tree Hut","Ocean Glow","Body Oil","Exact bottle/product image + direct image URL","https://www.treehutshea.com/products/ocean-glow-hydrating-body-oil","FACTORY_REBUILD_FROM_CANONICAL_TRUTH",""
"1432","Tree Hut","Ocean glow mist","Body Mist","Exact bottle/product image + direct image URL","https://www.treehutshea.com/products/ocean-glow-hydrating-mist","FACTORY_REBUILD_FROM_CANONICAL_TRUTH",""
"1433","Tree Hut","Palm Grove","Body Oil","Exact bottle/product image + direct image URL","https://www.treehutshea.com/products/palm-grove-hydraglow-body-serum","FACTORY_REBUILD_FROM_CANONICAL_TRUTH",""
"1434","Tree Hut","Passionfruit Sol","Body Mist","Exact bottle/product image + direct image URL","https://www.treehutshea.com/products/passionfruit-sol-fragrance-mist","FACTORY_REBUILD_FROM_CANONICAL_TRUTH",""
"1435","Tree Hut","Passionfruit Sol","Body Butter","Exact bottle/product image + direct image URL","https://www.treehutshea.com/products/passionfruit-sol-whipped-shea-body-butter","FACTORY_REBUILD_FROM_CANONICAL_TRUTH",""
"1436","Tree Hut","Pineapple","Body Butter","Exact bottle/product image + direct image URL","https://www.treehutshea.com/products/pineapple-whipped-butter","FACTORY_REBUILD_FROM_CANONICAL_TRUTH",""
"1437","Tree Hut","Pink Champagne","Body Oil","Exact bottle/product image + direct image URL","https://www.treehutshea.com/products/pink-champagne-hydraglow-body-serum","FACTORY_REBUILD_FROM_CANONICAL_TRUTH",""
"1438","Tree Hut","Pink Champagne","Lotion","Exact bottle/product image + direct image URL","https://www.treehutshea.com/products/pink-champagne-hydraglow-body-lotion","FACTORY_REBUILD_FROM_CANONICAL_TRUTH",""
"1439","Tree Hut","Pink Champagne Daily Moisturizing Scrub","Fragrance","Exact bottle/product image + direct image URL","https://www.treehutshea.com/products/pink-champagne-daily-moisturizing-scrub","FACTORY_REBUILD_FROM_CANONICAL_TRUTH",""
"1440","Tree Hut","pink hibiscus","Body Mist","Exact bottle/product image + direct image URL","https://www.treehutshea.com/products/pink-hibiscus-fragrance-mist","FACTORY_REBUILD_FROM_CANONICAL_TRUTH",""
"1441","Tree Hut","Preppy Peach Shea Sugar Scrub","Fragrance","Exact bottle/product image + direct image URL","https://www.treehutshea.com/products/preppy-peach-shea-sugar-scrub","FACTORY_REBUILD_FROM_CANONICAL_TRUTH",""
"1442","Tree Hut","Pumpkin Roll Shea Sugar Scrub","Fragrance","Exact bottle/product image + direct image URL","https://www.treehutshea.com/products/pumpkin-roll-shea-sugar-scrub","FACTORY_REBUILD_FROM_CANONICAL_TRUTH",""
"1443","Tree Hut","Raspberry Fizz","Lotion","Exact bottle/product image + direct image URL","https://www.treehutshea.com/products/raspberry-fizz-hydraglow-body-lotion","FACTORY_REBUILD_FROM_CANONICAL_TRUTH",""
"1444","Tree Hut","Santal Haze","Body Oil","Exact bottle/product image + direct image URL","https://www.treehutshea.com/products/santal-haze-hydraglow-body-serum","FACTORY_REBUILD_FROM_CANONICAL_TRUTH",""
"1445","Tree Hut","Santal Haze","Body Butter","Exact bottle/product image + direct image URL","https://www.treehutshea.com/products/santal-haze-whipped-shea-body-butter","FACTORY_REBUILD_FROM_CANONICAL_TRUTH",""
"1446","Tree Hut","Sugar Spirit Shea Sugar Scrub","Fragrance","Exact bottle/product image + direct image URL","https://www.treehutshea.com/products/sugar-spirit-shea-sugar-scrub","FACTORY_REBUILD_FROM_CANONICAL_TRUTH",""
"1447","Tree Hut","Sunkissed Poppy","Body Mist","Exact bottle/product image + direct image URL","https://www.treehutshea.com/products/sunkissed-poppy-fragrance-mist","FACTORY_REBUILD_FROM_CANONICAL_TRUTH",""
"1448","Tree Hut","Sunlit Glow","Body Butter","Exact bottle/product image + direct image URL","https://www.treehutshea.com/products/sunlit-glow-brightening-whipped-shea-body-butter","FACTORY_REBUILD_FROM_CANONICAL_TRUTH",""
"1449","Tree Hut","Sweet Cream","Body Butter","Exact bottle/product image + direct image URL","https://www.treehutshea.com/products/sweet-cream-whipped-shea-body-butter","FACTORY_REBUILD_FROM_CANONICAL_TRUTH",""
"1450","Tree Hut","Tangerine","Lotion","Exact bottle/product image + direct image URL","https://www.treehutshea.com/products/tangerine-hydraglow-body-lotion","FACTORY_REBUILD_FROM_CANONICAL_TRUTH",""
"1451","Tree Hut","Tropic Glow","Body Oil","Exact bottle/product image + direct image URL","https://www.treehutshea.com/products/tropic-glow-firming-body-oil","FACTORY_REBUILD_FROM_CANONICAL_TRUTH",""
"1452","Tree Hut","Tropic Glow","Body Butter","Exact bottle/product image + direct image URL","https://www.treehutshea.com/products/tropic-glow-firming-whipped-body-butter","FACTORY_REBUILD_FROM_CANONICAL_TRUTH",""
"1453","Tree Hut","Twinkling Tulip","Body Oil","Exact bottle/product image + direct image URL","https://www.treehutshea.com/products/twinkling-tulip-moisturizing-body-oil","FACTORY_REBUILD_FROM_CANONICAL_TRUTH",""
"1454","Tree Hut","Twinkling Tulip Shea Sugar Scrub","Fragrance","Exact bottle/product image + direct image URL","https://www.treehutshea.com/products/twinkling-tulip-shea-sugar-scrub","FACTORY_REBUILD_FROM_CANONICAL_TRUTH",""
"1455","Tree Hut","vanilla","Body Butter","Exact bottle/product image + direct image URL","https://www.treehutshea.com/products/vanilla-whipped-body-butter","FACTORY_REBUILD_FROM_CANONICAL_TRUTH",""
"1456","Tree Hut","Vanilla","Lotion","Exact bottle/product image + direct image URL","https://www.treehutshea.com/products/vanilla-hydraglow-body-lotion","FACTORY_REBUILD_FROM_CANONICAL_TRUTH",""
"1457","Tree Hut","Vanilla","Body Oil","Exact bottle/product image + direct image URL","https://www.treehutshea.com/products/vanilla-hydraglow-body-serum","FACTORY_REBUILD_FROM_CANONICAL_TRUTH",""
"1458","Tree Hut","Vanilla","Body Mist","Exact bottle/product image + direct image URL","https://www.treehutshea.com/products/vanilla-fragrance-mist","FACTORY_REBUILD_FROM_CANONICAL_TRUTH",""
"1459","Tree Hut","Violet Victory","Body Butter","Exact bottle/product image + direct image URL","https://www.treehutshea.com/products/violet-victory-whipped-shea-body-butter","FACTORY_REBUILD_FROM_CANONICAL_TRUTH",""
"1460","Tree Hut","Violet Victory","Body Mist","Exact bottle/product image + direct image URL","https://www.treehutshea.com/products/violet-victory-fragrance-mist","FACTORY_REBUILD_FROM_CANONICAL_TRUTH",""
"1461","Tree Hut","Violet Victory Shea Sugar Scrub","Fragrance","Exact bottle/product image + direct image URL","https://www.treehutshea.com/products/violet-victory-shea-sugar-scrub","FACTORY_REBUILD_FROM_CANONICAL_TRUTH",""
"1462","Tree Hut","Vitamin C","Body Butter","Exact bottle/product image + direct image URL","https://www.treehutshea.com/products/vitamin-c-whipped-body-butter","FACTORY_REBUILD_FROM_CANONICAL_TRUTH",""
"1463","Tree Hut","Watermelon","Body Butter","Exact bottle/product image + direct image URL","https://www.treehutshea.com/products/watermelon-whipped-body-butter","FACTORY_REBUILD_FROM_CANONICAL_TRUTH",""
"1464","Tree Hut","Wildflower Whirl Shea Sugar Scrub","Fragrance","Exact bottle/product image + direct image URL","https://www.treehutshea.com/products/wildflower-whirl-shea-sugar-scrub","FACTORY_REBUILD_FROM_CANONICAL_TRUTH",""
"1465","Scentual Obsessions","2 Precious Stones Inspired by Prive Bleu Turquoise","Fragrance","Exact bottle/product image + direct image URL","https://scentualobsessionsperfume.com/products/2-precious-stones","FACTORY_REBUILD_FROM_CANONICAL_TRUTH",""
"1466","Scentual Obsessions","2016 King Inspired by 2016 Invictus Aqua","Fragrance","Exact bottle/product image + direct image URL","https://scentualobsessionsperfume.com/products/2016-king-inspired-by-2016-invictus-aqua","FACTORY_REBUILD_FROM_CANONICAL_TRUTH",""
"1467","Scentual Obsessions","3 Rivers Inspired by Carlisle","Fragrance","Exact bottle/product image + direct image URL","https://scentualobsessionsperfume.com/products/3-rivers-inspired-by-carlisle","FACTORY_REBUILD_FROM_CANONICAL_TRUTH",""
"1468","Scentual Obsessions","3:15","Fragrance","Exact bottle/product image + direct image URL","https://scentualobsessionsperfume.com/products/3-15-inspired-by-3am","FACTORY_REBUILD_FROM_CANONICAL_TRUTH",""
"1469","Scentual Obsessions","3:15 Inspired by 3am","Fragrance","Exact bottle/product image + direct image URL","https://scentualobsessionsperfume.com/products/3-15-inspired-by-3am","FACTORY_REBUILD_FROM_CANONICAL_TRUTH",""
"1470","Scentual Obsessions","7 Wonders Inspired by Alexandria II","Fragrance","Exact bottle/product image + direct image URL","https://scentualobsessionsperfume.com/products/7-wonders-inspired-by-alexandria-ii","FACTORY_REBUILD_FROM_CANONICAL_TRUTH",""
"1471","Scentual Obsessions","8 Wonders Inspired by Alexandria III","Fragrance","Exact bottle/product image + direct image URL","https://scentualobsessionsperfume.com/products/8-wonders-inspired-by-alexandria-iii","FACTORY_REBUILD_FROM_CANONICAL_TRUTH",""
"1472","Scentual Obsessions","Absolute Addiction Inspired by Elixir (Women)","Parfum","Exact bottle/product image + direct image URL","https://scentualobsessionsperfume.com/products/absolute-addiction","FACTORY_REBUILD_FROM_CANONICAL_TRUTH",""
"1473","Scentual Obsessions","Absolute King Inspired by Aventus Absolu","Fragrance","Exact bottle/product image + direct image URL","https://scentualobsessionsperfume.com/products/absolute-king-exact-match","FACTORY_REBUILD_FROM_CANONICAL_TRUTH",""
"1474","Scentual Obsessions","Absolute Sensual Inspired by Musc Ravageur","Fragrance","Exact bottle/product image + direct image URL","https://scentualobsessionsperfume.com/products/absolute-sensual","FACTORY_REBUILD_FROM_CANONICAL_TRUTH",""
"1475","Scentual Obsessions","Absurd Inspired by Paradoxe","Fragrance","Exact bottle/product image + direct image URL","https://scentualobsessionsperfume.com/products/absurd-inspired-by-paradoxe","FACTORY_REBUILD_FROM_CANONICAL_TRUTH",""
"1476","Scentual Obsessions","Adore Inspired by Crush on Me","Fragrance","Exact bottle/product image + direct image URL","https://scentualobsessionsperfume.com/products/adore-inspired-by-crush-on-me","FACTORY_REBUILD_FROM_CANONICAL_TRUTH",""
"1477","Scentual Obsessions","Adventure Inspired by Explorer","Fragrance","Exact bottle/product image + direct image URL","https://scentualobsessionsperfume.com/products/adventure-inspired-by-explorer","FACTORY_REBUILD_FROM_CANONICAL_TRUTH",""
"1478","Scentual Obsessions","Aftermath Inspired by Side Effect","Fragrance","Exact bottle/product image + direct image URL","https://scentualobsessionsperfume.com/products/aftermath-exact-match-inspired-by-side-effect","FACTORY_REBUILD_FROM_CANONICAL_TRUTH",""
"1479","Scentual Obsessions","Alluring Man Absolu Inspired by Code Absolu","Fragrance","Exact bottle/product image + direct image URL","https://scentualobsessionsperfume.com/products/alluring-man-absolu","FACTORY_REBUILD_FROM_CANONICAL_TRUTH",""
"1480","Scentual Obsessions","Alluring Man Inspired by Code","Parfum","Exact bottle/product image + direct image URL","https://scentualobsessionsperfume.com/products/alluring-man-parfum","FACTORY_REBUILD_FROM_CANONICAL_TRUTH",""
"1481","Scentual Obsessions","Alluring Man Summer Inspired by Code Summer SOLD OUT","Fragrance","Exact bottle/product image + direct image URL","https://scentualobsessionsperfume.com/products/alluring-man-summer","FACTORY_REBUILD_FROM_CANONICAL_TRUTH",""
"1482","Scentual Obsessions","Almond Delight Inspired by Sora Dora Mandorle","Fragrance","Exact bottle/product image + direct image URL","https://scentualobsessionsperfume.com/products/almond-delight","FACTORY_REBUILD_FROM_CANONICAL_TRUTH",""
"1483","Scentual Obsessions","Alpha Male Inspired by Dark Lord","Fragrance","Exact bottle/product image + direct image URL","https://scentualobsessionsperfume.com/products/alpha-male-inspired-by-dark-lord","FACTORY_REBUILD_FROM_CANONICAL_TRUTH",""
"1484","Scentual Obsessions","Alpha Woods: Inspired by Bois Du Portugal","Fragrance","Exact bottle/product image + direct image URL","https://scentualobsessionsperfume.com/products/alpha-woods-inspired-by-bois-du-portugal-exact-match","FACTORY_REBUILD_FROM_CANONICAL_TRUTH",""
"1485","Scentual Obsessions","Amber Dream Inspired by Blonde Amber","Fragrance","Exact bottle/product image + direct image URL","https://scentualobsessionsperfume.com/products/amber-dream-inspired-by-blonde-amber","FACTORY_REBUILD_FROM_CANONICAL_TRUTH",""
"1486","Scentual Obsessions","Amber Man Inspired by Amber Absolute","Fragrance","Exact bottle/product image + direct image URL","https://scentualobsessionsperfume.com/products/amber-man-inspired-by-amber-absolute","FACTORY_REBUILD_FROM_CANONICAL_TRUTH",""
"1487","Scentual Obsessions","Andy: Inspired by Our OG Formulation of Andy Warhol","Fragrance","Exact bottle/product image + direct image URL","https://scentualobsessionsperfume.com/products/our-original-formulation-of-andy-warhol","FACTORY_REBUILD_FROM_CANONICAL_TRUTH",""
"1488","Scentual Obsessions","Angelica Noir Inspired by Angelique Noir","Fragrance","Exact bottle/product image + direct image URL","https://scentualobsessionsperfume.com/products/angelica-noir","FACTORY_REBUILD_FROM_CANONICAL_TRUTH",""
"1489","Scentual Obsessions","Angry Space Inspired by Space Rage","Fragrance","Exact bottle/product image + direct image URL","https://scentualobsessionsperfume.com/products/angry-space","FACTORY_REBUILD_FROM_CANONICAL_TRUTH",""
"1490","Scentual Obsessions","Arabian Desert Inspired by Fleur Du Desert","Fragrance","Exact bottle/product image + direct image URL","https://scentualobsessionsperfume.com/products/arabian-desert-inspired-by-fleur-du-desert","FACTORY_REBUILD_FROM_CANONICAL_TRUTH",""
"1491","Scentual Obsessions","Aristocratic Inspired by Nobile","Fragrance","Exact bottle/product image + direct image URL","https://scentualobsessionsperfume.com/products/aristocratic","FACTORY_REBUILD_FROM_CANONICAL_TRUTH",""
"1492","Scentual Obsessions","Around the Corner Inspired by Lafayette St.","Fragrance","Exact bottle/product image + direct image URL","https://scentualobsessionsperfume.com/products/around-the-corner-inspired-by-lafayette-st-exact-match","FACTORY_REBUILD_FROM_CANONICAL_TRUTH",""
"1493","Scentual Obsessions","Athena Inspired by Goddess SOLD OUT","Fragrance","Exact bottle/product image + direct image URL","https://scentualobsessionsperfume.com/products/athena-inspired-by-goddess","FACTORY_REBUILD_FROM_CANONICAL_TRUTH",""
"1494","Scentual Obsessions","Bad Man Elixir Inspired by Le Male Elixir","Fragrance","Exact bottle/product image + direct image URL","https://scentualobsessionsperfume.com/products/bad-man-elixir-inspired-by-le-male-elixir","FACTORY_REBUILD_FROM_CANONICAL_TRUTH",""
"1495","Scentual Obsessions","Bad Man Inspired by Le Male","Fragrance","Exact bottle/product image + direct image URL","https://scentualobsessionsperfume.com/products/bad-man-inspired-by-le-male","FACTORY_REBUILD_FROM_CANONICAL_TRUTH",""
"1496","Scentual Obsessions","Bad Man Inspired by Le Male Le","Parfum","Exact bottle/product image + direct image URL","https://scentualobsessionsperfume.com/products/bad-man-parfum","FACTORY_REBUILD_FROM_CANONICAL_TRUTH",""
"1497","Scentual Obsessions","Bad Man Lover – Inspired by Le Male Lover","Fragrance","Exact bottle/product image + direct image URL","https://scentualobsessionsperfume.com/products/bad-man-lover-inspired-by-le-male-lover","FACTORY_REBUILD_FROM_CANONICAL_TRUTH",""
"1498","Scentual Obsessions","Barber Shop Inspired by At the Barbers SOLD OUT","Fragrance","Exact bottle/product image + direct image URL","https://scentualobsessionsperfume.com/products/barber-shop-inspired-by-at-the-barbers","FACTORY_REBUILD_FROM_CANONICAL_TRUTH",""
"1499","Scentual Obsessions","Barbershop Brawler – Inspired by Original Brute Cologne (LIMITED EDITION)","Eau de Cologne","Exact bottle/product image + direct image URL","https://scentualobsessionsperfume.com/products/pre-order-barbershop-brawler-inspired-by-original-brute-cologne-for-men-limited-edition","FACTORY_REBUILD_FROM_CANONICAL_TRUTH",""
"1500","Scentual Obsessions","Beach Bum Inspired by Afternoon Swim","Fragrance","Exact bottle/product image + direct image URL","https://scentualobsessionsperfume.com/products/beach-bum-exact-match","FACTORY_REBUILD_FROM_CANONICAL_TRUTH",""
"1501","Scentual Obsessions","Beautiful Life Inspired by La Vie Est Belle","Fragrance","Exact bottle/product image + direct image URL","https://scentualobsessionsperfume.com/products/beautiful-life-inspired-by-la-vie-est-belle","FACTORY_REBUILD_FROM_CANONICAL_TRUTH",""
"1502","Scentual Obsessions","Bergamote 412 Inspired by Bergamote 22","Fragrance","Exact bottle/product image + direct image URL","https://scentualobsessionsperfume.com/products/bergamote-412-inspired-by-bergamote-22","FACTORY_REBUILD_FROM_CANONICAL_TRUTH",""
"1503","Scentual Obsessions","Biting Peach Inspired by Bitter Peach","Fragrance","Exact bottle/product image + direct image URL","https://scentualobsessionsperfume.com/products/biting-peach-inspired-by-bitter-peach","FACTORY_REBUILD_FROM_CANONICAL_TRUTH",""
"1504","Scentual Obsessions","Black Cigar Inspired by Black Dragon","Fragrance","Exact bottle/product image + direct image URL","https://scentualobsessionsperfume.com/products/black-cigar","FACTORY_REBUILD_FROM_CANONICAL_TRUTH",""
"1505","Scentual Obsessions","Black Crystal Inspired by Crystal Noir","Fragrance","Exact bottle/product image + direct image URL","https://scentualobsessionsperfume.com/products/black-crystal-inspired-by-crystal-noir","FACTORY_REBUILD_FROM_CANONICAL_TRUTH",""
"1506","Scentual Obsessions","Black Shadow Inspired by Black Phantom","Fragrance","Exact bottle/product image + direct image URL","https://scentualobsessionsperfume.com/products/black-shadow-inspired-by-black-phantom","FACTORY_REBUILD_FROM_CANONICAL_TRUTH",""
"1507","Scentual Obsessions","Black Tie Bandit – Inspired by Uomo Born in Roma Extradose","Fragrance","Exact bottle/product image + direct image URL","https://scentualobsessionsperfume.com/products/black-tie-bandit-inspired-by-uomo-born-in-roma-extradose","FACTORY_REBUILD_FROM_CANONICAL_TRUTH",""
"1508","Scentual Obsessions","Blitz Inspired by Rush (Men)","Fragrance","Exact bottle/product image + direct image URL","https://scentualobsessionsperfume.com/products/blitz","FACTORY_REBUILD_FROM_CANONICAL_TRUTH",""
"1509","Scentual Obsessions","Blonde Alibi – Inspired by Athénaïs","Fragrance","Exact bottle/product image + direct image URL","https://scentualobsessionsperfume.com/products/blonde-alibi-inspired-by-athenais","FACTORY_REBUILD_FROM_CANONICAL_TRUTH",""
"1510","Scentual Obsessions","Bloom Blast Inspired by Flowerbomb","Fragrance","Exact bottle/product image + direct image URL","https://scentualobsessionsperfume.com/products/bloom-blast-inspired-by-flowerbomb","FACTORY_REBUILD_FROM_CANONICAL_TRUTH",""
"1511","Scentual Obsessions","Blue Diamond Inspired by Regent Leather","Fragrance","Exact bottle/product image + direct image URL","https://scentualobsessionsperfume.com/products/blue-diamond-inspired-by-regent-leather","FACTORY_REBUILD_FROM_CANONICAL_TRUTH",""
"1512","Scentual Obsessions","Blue Jewel Inspired by Blue Talisman","Fragrance","Exact bottle/product image + direct image URL","https://scentualobsessionsperfume.com/products/blue-jewel-inspired-by-blue-talisman","FACTORY_REBUILD_FROM_CANONICAL_TRUTH",""
"1513","Scentual Obsessions","Blue Mirage: Inspired by Isola Blu","Fragrance","Exact bottle/product image + direct image URL","https://scentualobsessionsperfume.com/products/blue-mirage-inspired-by-isola-blu-exact-match","FACTORY_REBUILD_FROM_CANONICAL_TRUTH",""
"1514","Scentual Obsessions","Blue Obsessions Inspired by Dylan Blue (Men)","Fragrance","Exact bottle/product image + direct image URL","https://scentualobsessionsperfume.com/products/blue-obsessions-inspired-by-dylan-blue-men","FACTORY_REBUILD_FROM_CANONICAL_TRUTH",""
"1515","Scentual Obsessions","Blue Smoke Society – Inspired by Strange Heavens Out of the Blue","Fragrance","Exact bottle/product image + direct image URL","https://scentualobsessionsperfume.com/products/blue-smoke-society-inspired-by-strange-heavens-out-of-the-blue","FACTORY_REBUILD_FROM_CANONICAL_TRUTH",""
"1516","Scentual Obsessions","Boardwalk Inspired by Beach Walk","Fragrance","Exact bottle/product image + direct image URL","https://scentualobsessionsperfume.com/products/boardwalk-inspired-by-beach-walk","FACTORY_REBUILD_FROM_CANONICAL_TRUTH",""
"1517","Scentual Obsessions","Boiling Point Inspired by Smoking Hot","Fragrance","Exact bottle/product image + direct image URL","https://scentualobsessionsperfume.com/products/boiling-point-inspired-by-smoking-hot","FACTORY_REBUILD_FROM_CANONICAL_TRUTH",""
"1518","Scentual Obsessions","Bold & Confident Inspired by Overture Man","Fragrance","Exact bottle/product image + direct image URL","https://scentualobsessionsperfume.com/products/bold-confident","FACTORY_REBUILD_FROM_CANONICAL_TRUTH",""
"1519","Scentual Obsessions","Bold Man Inspired by Bvl. Man","Fragrance","Exact bottle/product image + direct image URL","https://scentualobsessionsperfume.com/products/bold-man","FACTORY_REBUILD_FROM_CANONICAL_TRUTH",""
"1520","Scentual Obsessions","Boondocks Inspired by Timbuktu","Fragrance","Exact bottle/product image + direct image URL","https://scentualobsessionsperfume.com/products/boondocks-inspired-by-timbuktu","FACTORY_REBUILD_FROM_CANONICAL_TRUTH",""
"1521","Scentual Obsessions","Born in Pittsburgh Inspired by Born in Roma (Men)","Fragrance","Exact bottle/product image + direct image URL","https://scentualobsessionsperfume.com/products/untitled-aug19_09-34","FACTORY_REBUILD_FROM_CANONICAL_TRUTH",""
"1522","Scentual Obsessions","Born in Pittsburgh Intense inspired by Born in Roma Intense","Fragrance","Exact bottle/product image + direct image URL","https://scentualobsessionsperfume.com/products/born-in-pittsburgh-intense-inspired-by-born-in-roma-intense","FACTORY_REBUILD_FROM_CANONICAL_TRUTH",""
"1523","Scentual Obsessions","Boss Man Inspired by Homme","Parfum","Exact bottle/product image + direct image URL","https://scentualobsessionsperfume.com/products/boss-man","FACTORY_REBUILD_FROM_CANONICAL_TRUTH",""
"1524","Scentual Obsessions","Boss Man Intense Inspired by 2011 Intense","Fragrance","Exact bottle/product image + direct image URL","https://scentualobsessionsperfume.com/products/boss-man-intense","FACTORY_REBUILD_FROM_CANONICAL_TRUTH",""
"1525","Scentual Obsessions","Brave Soldier Inspired by Valiant","Fragrance","Exact bottle/product image + direct image URL","https://scentualobsessionsperfume.com/products/brave-soldier","FACTORY_REBUILD_FROM_CANONICAL_TRUTH",""
"1526","Scentual Obsessions","Breakfast in Haarlem Inspired by New Haarlem","Fragrance","Exact bottle/product image + direct image URL","https://scentualobsessionsperfume.com/products/breakfast-in-haarlem","FACTORY_REBUILD_FROM_CANONICAL_TRUTH",""
"1527","Scentual Obsessions","Brick Wall Inspired by Blockade","Fragrance","Exact bottle/product image + direct image URL","https://scentualobsessionsperfume.com/products/brick-wall-inspire-by-blockade-exact-match","FACTORY_REBUILD_FROM_CANONICAL_TRUTH",""
"1528","Scentual Obsessions","Bright & Mysterious Inspired by Oud Vert Intense","Fragrance","Exact bottle/product image + direct image URL","https://scentualobsessionsperfume.com/products/bright-mysterious","FACTORY_REBUILD_FROM_CANONICAL_TRUTH",""
"1529","Scentual Obsessions","Bursting Spice Inspired by Spicebomb","Fragrance","Exact bottle/product image + direct image URL","https://scentualobsessionsperfume.com/products/bursting-spice-inspired-by-spicebomb","FACTORY_REBUILD_FROM_CANONICAL_TRUTH",""
"1530","Scentual Obsessions","Cabin on the Beach Inspired by Beach Hut Man","Fragrance","Exact bottle/product image + direct image URL","https://scentualobsessionsperfume.com/products/cabin-on-the-beach","FACTORY_REBUILD_FROM_CANONICAL_TRUTH",""
"1531","Scentual Obsessions","Cactus Field Inspired by Cactus Garden","Fragrance","Exact bottle/product image + direct image URL","https://scentualobsessionsperfume.com/products/cactus-field-inspired-by-cactus-garden","FACTORY_REBUILD_FROM_CANONICAL_TRUTH",""
"1532","Scentual Obsessions","Cake Shop Inspired by Sweetie Aoud","Fragrance","Exact bottle/product image + direct image URL","https://scentualobsessionsperfume.com/products/cake-shop-inspired-by-sweetie-aoud","FACTORY_REBUILD_FROM_CANONICAL_TRUTH",""
"1533","Scentual Obsessions","Campfire Inspired by Hypnotizing Fire","Fragrance","Exact bottle/product image + direct image URL","https://scentualobsessionsperfume.com/products/campfire-inspired-by-hypnotizing-fire","FACTORY_REBUILD_FROM_CANONICAL_TRUTH",""
"1534","Scentual Obsessions","Candy Trees Inspired by Candy Aoud","Fragrance","Exact bottle/product image + direct image URL","https://scentualobsessionsperfume.com/products/candy-trees-inspired-by-candy-aoud","FACTORY_REBUILD_FROM_CANONICAL_TRUTH",""
"1535","Scentual Obsessions","Captivation Blanche Inspired by Allure Homme Edition Blanche","Fragrance","Exact bottle/product image + direct image URL","https://scentualobsessionsperfume.com/products/captivation-blanche","FACTORY_REBUILD_FROM_CANONICAL_TRUTH",""
"1536","Scentual Obsessions","Captivation Inspired by Allure Sport Eau Extreme","Fragrance","Exact bottle/product image + direct image URL","https://scentualobsessionsperfume.com/products/captivation","FACTORY_REBUILD_FROM_CANONICAL_TRUTH",""
"1537","Scentual Obsessions","Captivation Sport Inspired by Allure Sport","Fragrance","Exact bottle/product image + direct image URL","https://scentualobsessionsperfume.com/products/captivation-sport-inspired-by-allure-sport","FACTORY_REBUILD_FROM_CANONICAL_TRUTH",""
"1538","Scentual Obsessions","Cardamom Crime – Inspired by Eragon","Fragrance","Exact bottle/product image + direct image URL","https://scentualobsessionsperfume.com/products/cardamom-crime-inspired-by-eragon","FACTORY_REBUILD_FROM_CANONICAL_TRUTH",""
"1539","Scentual Obsessions","Caribbean Lime Inspired by Azure Lime","Fragrance","Exact bottle/product image + direct image URL","https://scentualobsessionsperfume.com/products/caribbean-lime-inspired-by-azure-lime","FACTORY_REBUILD_FROM_CANONICAL_TRUTH",""
"1540","Scentual Obsessions","Caribbean Waves (Rum Heavy) Inspired by Virgin Island Water","Fragrance","Exact bottle/product image + direct image URL","https://scentualobsessionsperfume.com/products/caribbean-waves-rum-heavy","FACTORY_REBUILD_FROM_CANONICAL_TRUTH",""
"1541","Scentual Obsessions","Caribbean Waves Inspired by Virgin Island Water","Fragrance","Exact bottle/product image + direct image URL","https://scentualobsessionsperfume.com/products/caribbean-waves-2010-exact-match","FACTORY_REBUILD_FROM_CANONICAL_TRUTH",""
"1542","Scentual Obsessions","Carnal Grey Inspired by Gris Charnal","Fragrance","Exact bottle/product image + direct image URL","https://scentualobsessionsperfume.com/products/carnal-grey","FACTORY_REBUILD_FROM_CANONICAL_TRUTH",""
"1543","Scentual Obsessions","Casper Inspired by Pure White","Fragrance","Exact bottle/product image + direct image URL","https://scentualobsessionsperfume.com/products/casper","FACTORY_REBUILD_FROM_CANONICAL_TRUTH",""
"1544","Scentual Obsessions","Chaotic Inspired by Rush (Women)","Fragrance","Exact bottle/product image + direct image URL","https://scentualobsessionsperfume.com/products/chaotic","FACTORY_REBUILD_FROM_CANONICAL_TRUTH",""
"1545","Scentual Obsessions","Checkmate Syndrome Inspired by Gambit","Fragrance","Exact bottle/product image + direct image URL","https://scentualobsessionsperfume.com/products/checkmate-syndrome-inspired-by-gambit","FACTORY_REBUILD_FROM_CANONICAL_TRUTH",""
"1546","Scentual Obsessions","Cherry Blaze Inspired by Cherry Smoke","Fragrance","Exact bottle/product image + direct image URL","https://scentualobsessionsperfume.com/products/cherry-blaze-inspired-by-cherry-smoke","FACTORY_REBUILD_FROM_CANONICAL_TRUTH",""
"1547","Scentual Obsessions","Cherry Fantasy Inspired by Lost Cherry","Fragrance","Exact bottle/product image + direct image URL","https://scentualobsessionsperfume.com/products/cherry-fantasy-inspired-by-lost-cherry","FACTORY_REBUILD_FROM_CANONICAL_TRUTH",""
"1548","Scentual Obsessions","Chi Chi Inspired by Fille En Aiguilles","Fragrance","Exact bottle/product image + direct image URL","https://scentualobsessionsperfume.com/products/chi-chi-inspired-by-fille-en-aiguilles","FACTORY_REBUILD_FROM_CANONICAL_TRUTH",""
"1549","Scentual Obsessions","Childhood Memories Inspired by Cry Baby Milk","Fragrance","Exact bottle/product image + direct image URL","https://scentualobsessionsperfume.com/products/childhood-memories-inspired-by-cry-baby-milk","FACTORY_REBUILD_FROM_CANONICAL_TRUTH",""
"1550","Scentual Obsessions","Chill Obsession Inspired by Pacific Chill","Fragrance","Exact bottle/product image + direct image URL","https://scentualobsessionsperfume.com/products/chill-obsession-exact-match-inspired-by-pacific-chill","FACTORY_REBUILD_FROM_CANONICAL_TRUTH",""
"1551","Scentual Obsessions","Chillin Inspired by 2022 Homme Cologne","Eau de Cologne","Exact bottle/product image + direct image URL","https://scentualobsessionsperfume.com/products/chillin","FACTORY_REBUILD_FROM_CANONICAL_TRUTH",""
"1552","Scentual Obsessions","Chypre Obsession Inspired by Moss Breches","Fragrance","Exact bottle/product image + direct image URL","https://scentualobsessionsperfume.com/products/chypre-obsession-inspired-by-moss-breches","FACTORY_REBUILD_FROM_CANONICAL_TRUTH",""
"1553","Scentual Obsessions","Cigar Bar Inspired by Red Tobacco","Fragrance","Exact bottle/product image + direct image URL","https://scentualobsessionsperfume.com/products/cigar-bar-inspired-by-red-tobacco","FACTORY_REBUILD_FROM_CANONICAL_TRUTH",""
"1554","Scentual Obsessions","Citrus Forest Inspired by Uden","Fragrance","Exact bottle/product image + direct image URL","https://scentualobsessionsperfume.com/products/citrus-forest-inspired-by-uden","FACTORY_REBUILD_FROM_CANONICAL_TRUTH",""
"1555","Scentual Obsessions","Citrus of Amalfi Inspired by Mandarino Di Amalfi","Fragrance","Exact bottle/product image + direct image URL","https://scentualobsessionsperfume.com/products/citrus-of-amalfi-inspired-by-mandarino-di-amalfi","FACTORY_REBUILD_FROM_CANONICAL_TRUTH",""
"1556","Scentual Obsessions","City of Obsession Inspired by City of Stars SOLD OUT","Fragrance","Exact bottle/product image + direct image URL","https://scentualobsessionsperfume.com/products/city-of-obsession-inspired-by-city-of-stars","FACTORY_REBUILD_FROM_CANONICAL_TRUTH",""
"1557","Scentual Obsessions","City of Spice Inspired by Vanilla Barka","Fragrance","Exact bottle/product image + direct image URL","https://scentualobsessionsperfume.com/products/city-of-spice","FACTORY_REBUILD_FROM_CANONICAL_TRUTH",""
"1558","Scentual Obsessions","Close Encounter Inspired by Bay Rum","Fragrance","Exact bottle/product image + direct image URL","https://scentualobsessionsperfume.com/products/close-encounter","FACTORY_REBUILD_FROM_CANONICAL_TRUTH",""
"1559","Scentual Obsessions","Clutch Inspired by Driven","Fragrance","Exact bottle/product image + direct image URL","https://scentualobsessionsperfume.com/products/clutch","FACTORY_REBUILD_FROM_CANONICAL_TRUTH",""
"1560","Scentual Obsessions","Coastal Breeze Inspired by 1994 Polo Sport","Fragrance","Exact bottle/product image + direct image URL","https://scentualobsessionsperfume.com/products/coastal-breeze-inspired-by-1994-polo-sport","FACTORY_REBUILD_FROM_CANONICAL_TRUTH",""
"1561","Scentual Obsessions","Coastline Chaos: Inspired by Costa Azzurra","Eau de Parfum","Exact bottle/product image + direct image URL","https://scentualobsessionsperfume.com/products/uninhabited-escape-inspired-by-costa-azzurra","FACTORY_REBUILD_FROM_CANONICAL_TRUTH",""
"1562","Scentual Obsessions","Coffee Hour Inspired by Coffee Break","Fragrance","Exact bottle/product image + direct image URL","https://scentualobsessionsperfume.com/products/coffee-hour-inspired-by-coffee-break","FACTORY_REBUILD_FROM_CANONICAL_TRUTH",""
"1563","Scentual Obsessions","Cognac Delight Inspired by Angel’s Share","Fragrance","Exact bottle/product image + direct image URL","https://scentualobsessionsperfume.com/products/cognac-delight-inspired-by-angel-s-share-exact-match","FACTORY_REBUILD_FROM_CANONICAL_TRUTH",""
"1564","Scentual Obsessions","Cognac Delight on the Rocks - Inspired by Angel’s Share on the Rocks","Fragrance","Exact bottle/product image + direct image URL","https://scentualobsessionsperfume.com/products/cognac-delight-on-the-rocks-inspired-by-angel-s-share-on-the-rocks","FACTORY_REBUILD_FROM_CANONICAL_TRUTH",""
"1565","Scentual Obsessions","Cognac Delight Paradise: Inspired by Angels Share Paradis","Fragrance","Exact bottle/product image + direct image URL","https://scentualobsessionsperfume.com/products/cognac-delight-paradise-inspired-by-angels-share-paradis","FACTORY_REBUILD_FROM_CANONICAL_TRUTH",""
"1566","Scentual Obsessions","Confidence & Power Inspired by Tobacco Vanille","Fragrance","Exact bottle/product image + direct image URL","https://scentualobsessionsperfume.com/products/confidence-power-inspired-by-tobacco-vanille","FACTORY_REBUILD_FROM_CANONICAL_TRUTH",""
"1567","Scentual Obsessions","Confident Man Inspired by Lyric Man","Fragrance","Exact bottle/product image + direct image URL","https://scentualobsessionsperfume.com/products/confident-man","FACTORY_REBUILD_FROM_CANONICAL_TRUTH",""
"1568","Scentual Obsessions","Convict Black Inspired by Guilty Black","Fragrance","Exact bottle/product image + direct image URL","https://scentualobsessionsperfume.com/products/convict-black","FACTORY_REBUILD_FROM_CANONICAL_TRUTH",""
"1569","Scentual Obsessions","Convict Elixir Inspired by Guilty Elixir","Fragrance","Exact bottle/product image + direct image URL","https://scentualobsessionsperfume.com/products/convict-elixir-inspired-by-guilty-elixir","FACTORY_REBUILD_FROM_CANONICAL_TRUTH",""
"1570","Scentual Obsessions","Convict Inspired by Guilty","Fragrance","Exact bottle/product image + direct image URL","https://scentualobsessionsperfume.com/products/convict","FACTORY_REBUILD_FROM_CANONICAL_TRUTH",""
"1571","Scentual Obsessions","Convict Oud Inspired by Guilty Oud","Fragrance","Exact bottle/product image + direct image URL","https://scentualobsessionsperfume.com/products/convict-oud","FACTORY_REBUILD_FROM_CANONICAL_TRUTH",""
"1572","Scentual Obsessions","Cookie Monster Inspired by Chocolate Greedy","Fragrance","Exact bottle/product image + direct image URL","https://scentualobsessionsperfume.com/products/cookie-monster-inspired-by-chocolate-greedy","FACTORY_REBUILD_FROM_CANONICAL_TRUTH",""
"1573","Scentual Obsessions","Coral Sunset Inspired by Born in Roma Coral Fantasy","Fragrance","Exact bottle/product image + direct image URL","https://scentualobsessionsperfume.com/products/coral-sunset-inspired-by-born-in-roma-coral-fantasy","FACTORY_REBUILD_FROM_CANONICAL_TRUTH",""
"1574","Scentual Obsessions","Crashing Waves Inspired by Pacific Rock Moss","Fragrance","Exact bottle/product image + direct image URL","https://scentualobsessionsperfume.com/products/crashing-waves","FACTORY_REBUILD_FROM_CANONICAL_TRUTH",""
"1575","Scentual Obsessions","Cream Pie — Inspired by Lick Me","Fragrance","Exact bottle/product image + direct image URL","https://scentualobsessionsperfume.com/products/cream-pie-inspired-by-lick-me","FACTORY_REBUILD_FROM_CANONICAL_TRUTH",""
"1576","Scentual Obsessions","Crimson Garden Inspired by Carmina","Fragrance","Exact bottle/product image + direct image URL","https://scentualobsessionsperfume.com/products/crimson-garden-exact-match","FACTORY_REBUILD_FROM_CANONICAL_TRUTH",""
"1577","Scentual Obsessions","Crumblelicious Inspired by Crumb Couture","Fragrance","Exact bottle/product image + direct image URL","https://scentualobsessionsperfume.com/products/crumblelicious-inspired-by-crumb-couture","FACTORY_REBUILD_FROM_CANONICAL_TRUTH",""
"1578","Scentual Obsessions","Crystal Water Inspired by Aqua Atlantique","Fragrance","Exact bottle/product image + direct image URL","https://scentualobsessionsperfume.com/products/crystal-water","FACTORY_REBUILD_FROM_CANONICAL_TRUTH",""
"1579","Scentual Obsessions","Cyborg Inspired by Phantom","Fragrance","Exact bottle/product image + direct image URL","https://scentualobsessionsperfume.com/products/cyborg-inspired-by-phantom","FACTORY_REBUILD_FROM_CANONICAL_TRUTH",""
"1580","Scentual Obsessions","Dapper Man Inspired by Beau De Jour","Fragrance","Exact bottle/product image + direct image URL","https://scentualobsessionsperfume.com/products/dapper-man-inspired-by-beau-de-jour","FACTORY_REBUILD_FROM_CANONICAL_TRUTH",""
"1581","Scentual Obsessions","Dark Attraction – Inspired by Bleu L’Exclusif","Parfum","Exact bottle/product image + direct image URL","https://scentualobsessionsperfume.com/products/pre-order-dark-attraction-inspired-by-bleu-l-exclusif","FACTORY_REBUILD_FROM_CANONICAL_TRUTH",""
"1582","Scentual Obsessions","Dark Sky Inspired by Back to Black","Fragrance","Exact bottle/product image + direct image URL","https://scentualobsessionsperfume.com/products/dark-sky-inspired-by-back-to-black","FACTORY_REBUILD_FROM_CANONICAL_TRUTH",""
"1583","Scentual Obsessions","Deadly Craving Inspired by Angel’s Bread","Fragrance","Exact bottle/product image + direct image URL","https://scentualobsessionsperfume.com/products/deadly-craving-inspired-by-angel-s-bread","FACTORY_REBUILD_FROM_CANONICAL_TRUTH",""
"1584","Scentual Obsessions","Deep Waters Absolute Inspired by Acqua Di Gio Absolu","Fragrance","Exact bottle/product image + direct image URL","https://scentualobsessionsperfume.com/products/deep-waters-absolute","FACTORY_REBUILD_FROM_CANONICAL_TRUTH",""
"1585","Scentual Obsessions","Deep Waters Elixir: Inspired by Acqua Di Gio Elixir","Fragrance","Exact bottle/product image + direct image URL","https://scentualobsessionsperfume.com/products/deep-waters-elixir-inspired-by-acqua-di-gio-elixir-exact-match","FACTORY_REBUILD_FROM_CANONICAL_TRUTH",""
"1586","Scentual Obsessions","Deep Waters Inspired by Acqua Di Gio Profondo","Fragrance","Exact bottle/product image + direct image URL","https://scentualobsessionsperfume.com/products/deep-waters","FACTORY_REBUILD_FROM_CANONICAL_TRUTH",""
"1587","Scentual Obsessions","Défense De France: Inspired by French Defense","Fragrance","Exact bottle/product image + direct image URL","https://scentualobsessionsperfume.com/products/defense-de-france-inspired-by-french-defense","FACTORY_REBUILD_FROM_CANONICAL_TRUTH",""
"1588","Scentual Obsessions","Delilah Exclusive Inspired by Delina Exclusif","Fragrance","Exact bottle/product image + direct image URL","https://scentualobsessionsperfume.com/products/delilah-exclusive-inspired-by-delina-exclusif","FACTORY_REBUILD_FROM_CANONICAL_TRUTH",""
"1589","Scentual Obsessions","Delilah Inspired by Delina","Fragrance","Exact bottle/product image + direct image URL","https://scentualobsessionsperfume.com/products/delilah-inspired-by-delina","FACTORY_REBUILD_FROM_CANONICAL_TRUTH",""
"1590","Scentual Obsessions","Delinquent Elixir: Inspired by Bad Boy Elixir","Fragrance","Exact bottle/product image + direct image URL","https://scentualobsessionsperfume.com/products/delinquent-elixir-inspired-by-bad-boy-elixir","FACTORY_REBUILD_FROM_CANONICAL_TRUTH",""
"1591","Scentual Obsessions","Delinquent Inspired by Bad Boy","Fragrance","Exact bottle/product image + direct image URL","https://scentualobsessionsperfume.com/products/delinquent","FACTORY_REBUILD_FROM_CANONICAL_TRUTH",""
"1592","Scentual Obsessions","Desert Storm Inspired by Saharian Wind","Fragrance","Exact bottle/product image + direct image URL","https://scentualobsessionsperfume.com/products/desert-storm-inspired-by-saharian-wind","FACTORY_REBUILD_FROM_CANONICAL_TRUTH",""
"1593","Scentual Obsessions","Dessert Heaven Inspired by Hayati","Fragrance","Exact bottle/product image + direct image URL","https://scentualobsessionsperfume.com/products/dessert-heaven","FACTORY_REBUILD_FROM_CANONICAL_TRUTH",""
"1594","Scentual Obsessions","DIAMANTÉ DE VODKA Inspired by Vodka on the Rocks","Fragrance","Exact bottle/product image + direct image URL","https://scentualobsessionsperfume.com/products/diamante-de-vodka-inspired-by-vodka-on-the-rocks","FACTORY_REBUILD_FROM_CANONICAL_TRUTH",""
"1595","Scentual Obsessions","Dinner Jacket Inspired by Tuxedo","Fragrance","Exact bottle/product image + direct image URL","https://scentualobsessionsperfume.com/products/dinner-jacket-inspired-by-tuxedo","FACTORY_REBUILD_FROM_CANONICAL_TRUTH",""
"1596","Scentual Obsessions","Dinner Party Inspired by Black Tie","Fragrance","Exact bottle/product image + direct image URL","https://scentualobsessionsperfume.com/products/dinner-party-inspired-by-black-tie","FACTORY_REBUILD_FROM_CANONICAL_TRUTH",""
"1597","Scentual Obsessions","Direction Inspired by Guidance","Fragrance","Exact bottle/product image + direct image URL","https://scentualobsessionsperfume.com/products/direction-inspired-by-guidance","FACTORY_REBUILD_FROM_CANONICAL_TRUTH",""
"1598","Scentual Obsessions","Distinctive Signature Inspired by L’homme Ultime","Fragrance","Exact bottle/product image + direct image URL","https://scentualobsessionsperfume.com/products/distinctive-signature-inspired-by-l-homme-ultime","FACTORY_REBUILD_FROM_CANONICAL_TRUTH",""
"1599","Scentual Obsessions","Donna From Da Burgh Inspired by Donna Born in Roma Coral Fantasy","Fragrance","Exact bottle/product image + direct image URL","https://scentualobsessionsperfume.com/products/donna-from-da-burgh","FACTORY_REBUILD_FROM_CANONICAL_TRUTH",""
"1600","Scentual Obsessions","Double Aventus Inspired by Aventus & Aventus Cologne","Eau de Cologne","Exact bottle/product image + direct image URL","https://scentualobsessionsperfume.com/products/double-aventus","FACTORY_REBUILD_FROM_CANONICAL_TRUTH",""
"1601","Scentual Obsessions","Double Take 4.5","Fragrance","Exact bottle/product image + direct image URL","https://scentualobsessionsperfume.com/products/double-take-4-5","FACTORY_REBUILD_FROM_CANONICAL_TRUTH",""
"1602","Scentual Obsessions","Double Take 4.5 Inspired by Reflection 45 Man","Fragrance","Exact bottle/product image + direct image URL","https://scentualobsessionsperfume.com/products/double-take-4-5","FACTORY_REBUILD_FROM_CANONICAL_TRUTH",""
"1603","Scentual Obsessions","Double Take Inspired by Reflection Man","Fragrance","Exact bottle/product image + direct image URL","https://scentualobsessionsperfume.com/products/double-take","FACTORY_REBUILD_FROM_CANONICAL_TRUTH",""
"1604","Scentual Obsessions","DOUBLE TROUBLE SET – His & Hers Fragrances Designed for Chemistry","Fragrance","Exact bottle/product image + direct image URL","https://scentualobsessionsperfume.com/products/double-trouble-set-his-hers-fragrances-designed-for-chemistry","FACTORY_REBUILD_FROM_CANONICAL_TRUTH",""
"1605","Scentual Obsessions","Dreamy Experience Inspired by Oud Bleu Intense","Fragrance","Exact bottle/product image + direct image URL","https://scentualobsessionsperfume.com/products/dreamy-experience","FACTORY_REBUILD_FROM_CANONICAL_TRUTH",""
"1606","Scentual Obsessions","Drizzle Inspired by Rain","Fragrance","Exact bottle/product image + direct image URL","https://scentualobsessionsperfume.com/products/drizzle-inspired-by-rain","FACTORY_REBUILD_FROM_CANONICAL_TRUTH",""
"1607","Scentual Obsessions","Drunk as Fuck Inspired by Intoxicated","Fragrance","Exact bottle/product image + direct image URL","https://scentualobsessionsperfume.com/products/drunk-as-fuck-inspired-by-intoxicated","FACTORY_REBUILD_FROM_CANONICAL_TRUTH",""
"1608","Scentual Obsessions","Drunk Plum Inspired by Plum in Cognac","Fragrance","Exact bottle/product image + direct image URL","https://scentualobsessionsperfume.com/products/drunk-plum-inspired-by-plum-in-cognac","FACTORY_REBUILD_FROM_CANONICAL_TRUTH",""
"1609","Scentual Obsessions","Dumbfounded Inspired by More than Words","Fragrance","Exact bottle/product image + direct image URL","https://scentualobsessionsperfume.com/products/dumbfounded-inspired-by-more-than-words","FACTORY_REBUILD_FROM_CANONICAL_TRUTH",""
"1610","Scentual Obsessions","Eagle Star Inspired by Althair","Fragrance","Exact bottle/product image + direct image URL","https://scentualobsessionsperfume.com/products/eagle-star","FACTORY_REBUILD_FROM_CANONICAL_TRUTH",""
"1611","Scentual Obsessions","East Meets West Inspired by Oud Palao","Fragrance","Exact bottle/product image + direct image URL","https://scentualobsessionsperfume.com/products/east-meets-west","FACTORY_REBUILD_FROM_CANONICAL_TRUTH",""
"1612","Scentual Obsessions","Ebony Enlightenment Inspired by Ebene Fume","Fragrance","Exact bottle/product image + direct image URL","https://scentualobsessionsperfume.com/products/ebony-enlightenment-inspired-by-ebene-fume","FACTORY_REBUILD_FROM_CANONICAL_TRUTH",""
"1613","Scentual Obsessions","Electric Blue Inspired by La Nuit De L’homme Bleu Electrique","Fragrance","Exact bottle/product image + direct image URL","https://scentualobsessionsperfume.com/products/electric-blue-inspired-by-la-nuit-de-l-homme-bleu-electrique","FACTORY_REBUILD_FROM_CANONICAL_TRUTH",""
"1614","Scentual Obsessions","Electric Charm Inspired by Magnetism (Men)","Fragrance","Exact bottle/product image + direct image URL","https://scentualobsessionsperfume.com/products/electric-charm","FACTORY_REBUILD_FROM_CANONICAL_TRUTH",""
"1615","Scentual Obsessions","Electric Spark Inspired by Eros Energy","Fragrance","Exact bottle/product image + direct image URL","https://scentualobsessionsperfume.com/products/electric-spark-inspired-by-eros-energy","FACTORY_REBUILD_FROM_CANONICAL_TRUTH",""
"1616","Scentual Obsessions","Electrifying Cherry Inspired by Electric Cherry","Fragrance","Exact bottle/product image + direct image URL","https://scentualobsessionsperfume.com/products/electrifying-cherry-inspired-by-electric-cherry","FACTORY_REBUILD_FROM_CANONICAL_TRUTH",""
"1617","Scentual Obsessions","Elegance from Legacy Inspired by Uomo Intense","Fragrance","Exact bottle/product image + direct image URL","https://scentualobsessionsperfume.com/products/untitled-aug19_09-37","FACTORY_REBUILD_FROM_CANONICAL_TRUTH",""
"1618","Scentual Obsessions","Elegant Hime Inspired by Matsukita","Fragrance","Exact bottle/product image + direct image URL","https://scentualobsessionsperfume.com/products/elegant-hime","FACTORY_REBUILD_FROM_CANONICAL_TRUTH",""
"1619","Scentual Obsessions","Ember Eclipse Inspired by Centaurus","Fragrance","Exact bottle/product image + direct image URL","https://scentualobsessionsperfume.com/products/ember-eclipse-inspired-by-centaurus","FACTORY_REBUILD_FROM_CANONICAL_TRUTH",""
"1620","Scentual Obsessions","Emperor Andy Inspired by Andy Warhol","Fragrance","Exact bottle/product image + direct image URL","https://scentualobsessionsperfume.com/products/emperor-andy","FACTORY_REBUILD_FROM_CANONICAL_TRUTH",""
"1621","Scentual Obsessions","Enchanting King Inspired by Sultan","Fragrance","Exact bottle/product image + direct image URL","https://scentualobsessionsperfume.com/products/enchanting-king-inspired-by-sultan","FACTORY_REBUILD_FROM_CANONICAL_TRUTH",""
"1622","Scentual Obsessions","English Elegance Inspired by 21 Conduit St","Fragrance","Exact bottle/product image + direct image URL","https://scentualobsessionsperfume.com/products/english-elegance-inspired-by-21-conduit-st","FACTORY_REBUILD_FROM_CANONICAL_TRUTH",""
"1623","Scentual Obsessions","Essence of Debonair Inspired by Grey Vetiver","Fragrance","Exact bottle/product image + direct image URL","https://scentualobsessionsperfume.com/products/essence-of-debonair-inspired-by-grey-vetiver","FACTORY_REBUILD_FROM_CANONICAL_TRUTH",""
"1624","Scentual Obsessions","Essence of Spring Inspired by Acqua Di Gio Essenza","Fragrance","Exact bottle/product image + direct image URL","https://scentualobsessionsperfume.com/products/essence-of-spring","FACTORY_REBUILD_FROM_CANONICAL_TRUTH",""
"1625","Scentual Obsessions","Eternal Inspired by Bottled Infinite","Fragrance","Exact bottle/product image + direct image URL","https://scentualobsessionsperfume.com/products/eternal-inspired-by-bottled-infinite","FACTORY_REBUILD_FROM_CANONICAL_TRUTH",""
"1626","Scentual Obsessions","Exotic Citrus Inspired by Clementine California","Fragrance","Exact bottle/product image + direct image URL","https://scentualobsessionsperfume.com/products/exotic-citrus","FACTORY_REBUILD_FROM_CANONICAL_TRUTH",""
"1627","Scentual Obsessions","Explosion Inspired by Bombshell","Fragrance","Exact bottle/product image + direct image URL","https://scentualobsessionsperfume.com/products/explosion-inspired-by-bombshell","FACTORY_REBUILD_FROM_CANONICAL_TRUTH",""
"1628","Scentual Obsessions","Extraordinary Man Inspired by Noir Extreme","Parfum","Exact bottle/product image + direct image URL","https://scentualobsessionsperfume.com/products/extraordinary-man-parfum-inspired-by-noir-extreme-parfum","FACTORY_REBUILD_FROM_CANONICAL_TRUTH",""
"1629","Scentual Obsessions","Extraordinary Man Inspired by Noir Extreme","Fragrance","Exact bottle/product image + direct image URL","https://scentualobsessionsperfume.com/products/extraordinary-man-inspired-by-noir-extreme","FACTORY_REBUILD_FROM_CANONICAL_TRUTH",""
"1630","Scentual Obsessions","Extreme Cafe Inspired by Intense Cafe","Fragrance","Exact bottle/product image + direct image URL","https://scentualobsessionsperfume.com/products/extreme-cafe-inspired-by-intense-cafe","FACTORY_REBUILD_FROM_CANONICAL_TRUTH",""
"1631","Scentual Obsessions","Extreme Lavender Inspired by Lavender Extreme","Fragrance","Exact bottle/product image + direct image URL","https://scentualobsessionsperfume.com/products/extreme-lavender-inspired-by-lavender-extreme","FACTORY_REBUILD_FROM_CANONICAL_TRUTH",""
"1632","Scentual Obsessions","Extrovert Inspired by Egoiste Platinum","Fragrance","Exact bottle/product image + direct image URL","https://scentualobsessionsperfume.com/products/extrovert","FACTORY_REBUILD_FROM_CANONICAL_TRUTH",""
"1633","Scentual Obsessions","Fascination Inspired by Imagination","Fragrance","Exact bottle/product image + direct image URL","https://scentualobsessionsperfume.com/products/fascination-inspired-by-imagination","FACTORY_REBUILD_FROM_CANONICAL_TRUTH",""
"1634","Scentual Obsessions","Fatal Bloom Inspired by La Bomba","Fragrance","Exact bottle/product image + direct image URL","https://scentualobsessionsperfume.com/products/fatal-bloom-inspired-by-la-bomba","FACTORY_REBUILD_FROM_CANONICAL_TRUTH",""
"1635","Scentual Obsessions","Fearless Man Inspired by Red Intense","Fragrance","Exact bottle/product image + direct image URL","https://scentualobsessionsperfume.com/products/fearless-man-inspired-by-red-intense","FACTORY_REBUILD_FROM_CANONICAL_TRUTH",""
"1636","Scentual Obsessions","Fire Inspired by Flamenco","Fragrance","Exact bottle/product image + direct image URL","https://scentualobsessionsperfume.com/products/fire-inspired-by-flamenco","FACTORY_REBUILD_FROM_CANONICAL_TRUTH",""
"1637","Scentual Obsessions","Fire Power Inspired by God of Fire","Fragrance","Exact bottle/product image + direct image URL","https://scentualobsessionsperfume.com/products/fire-power-exact-match-inspired-by-god-of-fire","FACTORY_REBUILD_FROM_CANONICAL_TRUTH",""
"1638","Scentual Obsessions","First Class Felony – Inspired by Golden Rule","Fragrance","Exact bottle/product image + direct image URL","https://scentualobsessionsperfume.com/products/first-class-felony-inspired-by-golden-rule","FACTORY_REBUILD_FROM_CANONICAL_TRUTH",""
"1639","Scentual Obsessions","Fizzy Lychee Inspired by Sparkling Lychee","Fragrance","Exact bottle/product image + direct image URL","https://scentualobsessionsperfume.com/products/fizzy-lychee-inspired-by-sparkling-lychee","FACTORY_REBUILD_FROM_CANONICAL_TRUTH",""
"1640","Scentual Obsessions","Flirt Rebel Inspired by Tease Rebel","Fragrance","Exact bottle/product image + direct image URL","https://scentualobsessionsperfume.com/products/flirt-rebel-inspired-by-tease-rebel","FACTORY_REBUILD_FROM_CANONICAL_TRUTH",""
"1641","Scentual Obsessions","Flirt Sweet Lady Inspired by Tease Candy Noir","Fragrance","Exact bottle/product image + direct image URL","https://scentualobsessionsperfume.com/products/flirt-sweet-lady-inspired-by-tease-candy-noir","FACTORY_REBUILD_FROM_CANONICAL_TRUTH",""
"1642","Scentual Obsessions","Florida Night Inspired by Burlington 1819","Fragrance","Exact bottle/product image + direct image URL","https://scentualobsessionsperfume.com/products/florida-night-inspired-by-burlington-1819","FACTORY_REBUILD_FROM_CANONICAL_TRUTH",""
"1643","Scentual Obsessions","Florida Waves Inspired by Oceania","Fragrance","Exact bottle/product image + direct image URL","https://scentualobsessionsperfume.com/products/florida-waves-inspired-by-oceania-exact-match","FACTORY_REBUILD_FROM_CANONICAL_TRUTH",""
"1644","Scentual Obsessions","Flowers in the Night Inspired by Tubéreuse Nue","Fragrance","Exact bottle/product image + direct image URL","https://scentualobsessionsperfume.com/products/flowers-in-the-night-inspired-by-tuberose-nue","FACTORY_REBUILD_FROM_CANONICAL_TRUTH",""
"1645","Scentual Obsessions","Fluff Fetish Inspired by Delizia di Marshmallow","Fragrance","Exact bottle/product image + direct image URL","https://scentualobsessionsperfume.com/products/fluff-fetish-inspired-by-delizia-di-marshmallow","FACTORY_REBUILD_FROM_CANONICAL_TRUTH",""
"1646","Scentual Obsessions","Forbidden Territory – Inspired by Outlands","Fragrance","Exact bottle/product image + direct image URL","https://scentualobsessionsperfume.com/products/forbidden-territory-inspired-by-outlands-limited-edition-compound-release","FACTORY_REBUILD_FROM_CANONICAL_TRUTH",""
"1647","Scentual Obsessions","Formal Man Inspired by Man in Black","Fragrance","Exact bottle/product image + direct image URL","https://scentualobsessionsperfume.com/products/formal-man","FACTORY_REBUILD_FROM_CANONICAL_TRUTH",""
"1648","Scentual Obsessions","Fragrance of Passion Inspired by Nemer","Fragrance","Exact bottle/product image + direct image URL","https://scentualobsessionsperfume.com/products/fragrance-of-passion","FACTORY_REBUILD_FROM_CANONICAL_TRUTH",""
"1649","Scentual Obsessions","Freak in the Sheets Inspired by Cavort","Fragrance","Exact bottle/product image + direct image URL","https://scentualobsessionsperfume.com/products/freak-in-the-sheets","FACTORY_REBUILD_FROM_CANONICAL_TRUTH",""
"1650","Scentual Obsessions","Freedom Inspired by C. Man","Fragrance","Exact bottle/product image + direct image URL","https://scentualobsessionsperfume.com/products/freedom","FACTORY_REBUILD_FROM_CANONICAL_TRUTH",""
"1651","Scentual Obsessions","Fresh Greens Inspired by Bleecker St","Fragrance","Exact bottle/product image + direct image URL","https://scentualobsessionsperfume.com/products/fresh-greens","FACTORY_REBUILD_FROM_CANONICAL_TRUTH",""
"1652","Scentual Obsessions","Fresh Guy Inspired by Man Eau Fraiche","Fragrance","Exact bottle/product image + direct image URL","https://scentualobsessionsperfume.com/products/fresh-guy-inspired-by-man-eau-fraiche","FACTORY_REBUILD_FROM_CANONICAL_TRUTH",""
"1653","Scentual Obsessions","Fresh to Def Inspired by Percival","Fragrance","Exact bottle/product image + direct image URL","https://scentualobsessionsperfume.com/products/fresh-to-def-inspired-by-percival","FACTORY_REBUILD_FROM_CANONICAL_TRUTH",""
"1654","Scentual Obsessions","Fresh Youthful Man Inspired by Y Eau Fraiche","Fragrance","Exact bottle/product image + direct image URL","https://scentualobsessionsperfume.com/products/fresh-youthful-man-inspired-by-y-eau-fraiche","FACTORY_REBUILD_FROM_CANONICAL_TRUTH",""
"1655","Scentual Obsessions","Fruity Forest Inspired by Oud Maracujá","Fragrance","Exact bottle/product image + direct image URL","https://scentualobsessionsperfume.com/products/fruity-forest-inspired-by-oud-maracuja","FACTORY_REBUILD_FROM_CANONICAL_TRUTH",""
"1656","Scentual Obsessions","Fucking Incredible Inspired by Fucking Fabulous","Fragrance","Exact bottle/product image + direct image URL","https://scentualobsessionsperfume.com/products/fucking-incredible-inspired-by-fucking-fabulous","FACTORY_REBUILD_FROM_CANONICAL_TRUTH",""
"1657","Scentual Obsessions","Fusion 67 Inspired by Polo 67","Fragrance","Exact bottle/product image + direct image URL","https://scentualobsessionsperfume.com/products/fusion-67-inspired-by-polo-67","FACTORY_REBUILD_FROM_CANONICAL_TRUTH",""
"1658","Scentual Obsessions","Gaiac Obsession Inspired by Gaiac 10","Fragrance","Exact bottle/product image + direct image URL","https://scentualobsessionsperfume.com/products/gaiac-obsession","FACTORY_REBUILD_FROM_CANONICAL_TRUTH",""
"1659","Scentual Obsessions","Game Over Inspired by Checkmate","Fragrance","Exact bottle/product image + direct image URL","https://scentualobsessionsperfume.com/products/game-over","FACTORY_REBUILD_FROM_CANONICAL_TRUTH",""
"1660","Scentual Obsessions","Ginger Obsession Inspired by Ingenious Ginger","Fragrance","Exact bottle/product image + direct image URL","https://scentualobsessionsperfume.com/products/ginger-obsession","FACTORY_REBUILD_FROM_CANONICAL_TRUTH",""
"1661","Scentual Obsessions","Going Green Inspired by Greenley","Fragrance","Exact bottle/product image + direct image URL","https://scentualobsessionsperfume.com/products/going-green-inspired-by-greenley","FACTORY_REBUILD_FROM_CANONICAL_TRUTH",""
"1662","Scentual Obsessions","Gold Chevalier Inspired by Gold Knight","Fragrance","Exact bottle/product image + direct image URL","https://scentualobsessionsperfume.com/products/gold-chevalier-inspired-by-gold-knight","FACTORY_REBUILD_FROM_CANONICAL_TRUTH",""
"1663","Scentual Obsessions","Golden Hour — Inspired by Ambre Levant","Fragrance","Exact bottle/product image + direct image URL","https://scentualobsessionsperfume.com/products/untitled-jun27_16-44-04","FACTORY_REBUILD_FROM_CANONICAL_TRUTH",""
"1664","Scentual Obsessions","Golden Sin: Inspired by Pardon","Fragrance","Exact bottle/product image + direct image URL","https://scentualobsessionsperfume.com/products/alpha-woods-inspired-by-bois-du-portugal","FACTORY_REBUILD_FROM_CANONICAL_TRUTH",""
"1665","Scentual Obsessions","Got Choo Inspired by I Want Choo","Fragrance","Exact bottle/product image + direct image URL","https://scentualobsessionsperfume.com/products/got-choo-inspired-by-i-want-choo","FACTORY_REBUILD_FROM_CANONICAL_TRUTH",""
"1666","Scentual Obsessions","Gourmand Delight Inspired by Oajan","Fragrance","Exact bottle/product image + direct image URL","https://scentualobsessionsperfume.com/products/gourmand-delight-inspired-by-oajan","FACTORY_REBUILD_FROM_CANONICAL_TRUTH",""
"1667","Scentual Obsessions","Gourmand Paradise Inspired by Italica","Fragrance","Exact bottle/product image + direct image URL","https://scentualobsessionsperfume.com/products/gourmand-paradise-inspired-by-italica","FACTORY_REBUILD_FROM_CANONICAL_TRUTH",""
"1668","Scentual Obsessions","Grace & Beauty Inspired by Ispazon","Fragrance","Exact bottle/product image + direct image URL","https://scentualobsessionsperfume.com/products/grace-beauty-inspired-by-ispazon","FACTORY_REBUILD_FROM_CANONICAL_TRUTH",""
"1669","Scentual Obsessions","Grand Slam Inspired by Torino 21","Fragrance","Exact bottle/product image + direct image URL","https://scentualobsessionsperfume.com/products/grand-slam-inspired-by-torino-21","FACTORY_REBUILD_FROM_CANONICAL_TRUTH",""
"1670","Scentual Obsessions","Great Life Inspired by Good Life","Fragrance","Exact bottle/product image + direct image URL","https://scentualobsessionsperfume.com/products/great-life-inspired-by-good-life","FACTORY_REBUILD_FROM_CANONICAL_TRUTH",""
"1671","Scentual Obsessions","Great Night Inspired by Pour Le Soir","Fragrance","Exact bottle/product image + direct image URL","https://scentualobsessionsperfume.com/products/great-night-inspired-by-pour-le-soir","FACTORY_REBUILD_FROM_CANONICAL_TRUTH",""
"1672","Scentual Obsessions","Greek God of Confidence Inspired by Eros Flame","Fragrance","Exact bottle/product image + direct image URL","https://scentualobsessionsperfume.com/products/greek-god-of-confidence-inspired-by-eros-flame","FACTORY_REBUILD_FROM_CANONICAL_TRUTH",""
"1673","Scentual Obsessions","Greek God of Love Inspired by Eros (Men)","Fragrance","Exact bottle/product image + direct image URL","https://scentualobsessionsperfume.com/products/greek-god-of-love-inspired-by-eros-men","FACTORY_REBUILD_FROM_CANONICAL_TRUTH",""
"1674","Scentual Obsessions","Greek Hero Inspired by Herod","Fragrance","Exact bottle/product image + direct image URL","https://scentualobsessionsperfume.com/products/greek-hero-inspired-by-herod","FACTORY_REBUILD_FROM_CANONICAL_TRUTH",""
"1675","Scentual Obsessions","Green Tobacco Inspired by Tobac Tabou","Fragrance","Exact bottle/product image + direct image URL","https://scentualobsessionsperfume.com/products/green-tobacco-inspired-by-tobac-tabou","FACTORY_REBUILD_FROM_CANONICAL_TRUTH",""
"1676","Scentual Obsessions","Greenwich Obsession Inspired by Greenwich Village","Fragrance","Exact bottle/product image + direct image URL","https://scentualobsessionsperfume.com/products/greenwich-obsession","FACTORY_REBUILD_FROM_CANONICAL_TRUTH",""
"1677","Scentual Obsessions","H Bar (2015) Inspired by Pure Havane","Fragrance","Exact bottle/product image + direct image URL","https://scentualobsessionsperfume.com/products/h-bar-inspired-by-pure-havane-exact-match","FACTORY_REBUILD_FROM_CANONICAL_TRUTH",""
"1678","Scentual Obsessions","Happy Days Inspired by Ombre Leather","Fragrance","Exact bottle/product image + direct image URL","https://scentualobsessionsperfume.com/products/happy-days-inspired-by-ombre-leather","FACTORY_REBUILD_FROM_CANONICAL_TRUTH",""
"1679","Scentual Obsessions","Happy Days Inspired by Ombre Leather","Parfum","Exact bottle/product image + direct image URL","https://scentualobsessionsperfume.com/products/happy-days-parfum-inspired-by-ombre-leather-parfum","FACTORY_REBUILD_FROM_CANONICAL_TRUTH",""
"1680","Scentual Obsessions","Happy Hour Inspired by L’heure Verte","Fragrance","Exact bottle/product image + direct image URL","https://scentualobsessionsperfume.com/products/happy-hour-inspired-by-l-heure-verte","FACTORY_REBUILD_FROM_CANONICAL_TRUTH",""
"1681","Scentual Obsessions","Have a Good Night Inspired by Grand Soir","Fragrance","Exact bottle/product image + direct image URL","https://scentualobsessionsperfume.com/products/have-a-good-night-exact-match-inspired-by-grand-soir","FACTORY_REBUILD_FROM_CANONICAL_TRUTH",""
"1682","Scentual Obsessions","Heartbreaker: Inspired by Alien","Fragrance","Exact bottle/product image + direct image URL","https://scentualobsessionsperfume.com/products/heartbreaker","FACTORY_REBUILD_FROM_CANONICAL_TRUTH",""
"1683","Scentual Obsessions","Heaven (Old Batch) Inspired by Elysium Cologne","Eau de Cologne","Exact bottle/product image + direct image URL","https://scentualobsessionsperfume.com/products/heaven-inspired-by-elysium-cologne","FACTORY_REBUILD_FROM_CANONICAL_TRUTH",""
"1684","Scentual Obsessions","Heaven & Earth Inspired by Hindu Kush","Fragrance","Exact bottle/product image + direct image URL","https://scentualobsessionsperfume.com/products/heaven-earth-inspired-by-hindu-kush","FACTORY_REBUILD_FROM_CANONICAL_TRUTH",""
"1685","Scentual Obsessions","Heaven Eau Intense Inspired by Elysium Eau Intense","Fragrance","Exact bottle/product image + direct image URL","https://scentualobsessionsperfume.com/products/heaven-eau-intense-exact-match-inspired-by-elysium-eau-intense","FACTORY_REBUILD_FROM_CANONICAL_TRUTH",""
"1686","Scentual Obsessions","Her Way Inspired by My Way","Fragrance","Exact bottle/product image + direct image URL","https://scentualobsessionsperfume.com/products/her-way","FACTORY_REBUILD_FROM_CANONICAL_TRUTH",""
"1687","Scentual Obsessions","Herbal Delight Inspired by Green Stragavanza","Fragrance","Exact bottle/product image + direct image URL","https://scentualobsessionsperfume.com/products/herbal-delight-inspired-by-green-stragavanza","FACTORY_REBUILD_FROM_CANONICAL_TRUTH",""
"1688","Scentual Obsessions","High Octane Inspired by Fahrenheit","Fragrance","Exact bottle/product image + direct image URL","https://scentualobsessionsperfume.com/products/high-octane-1","FACTORY_REBUILD_FROM_CANONICAL_TRUTH",""
"1689","Scentual Obsessions","High Octane Zero Inspired by Fahrenheit 0","Fragrance","Exact bottle/product image + direct image URL","https://scentualobsessionsperfume.com/products/high-octane-zero","FACTORY_REBUILD_FROM_CANONICAL_TRUTH",""
"1690","Scentual Obsessions","Hippie Inspired by Psychedelic","Fragrance","Exact bottle/product image + direct image URL","https://scentualobsessionsperfume.com/products/hippie-inspired-by-psychedelic","FACTORY_REBUILD_FROM_CANONICAL_TRUTH",""
"1691","Scentual Obsessions","His & Her Inspired by Uni-Sex","Fragrance","Exact bottle/product image + direct image URL","https://scentualobsessionsperfume.com/products/his-her-inspired-by-uni-sex","FACTORY_REBUILD_FROM_CANONICAL_TRUTH",""
"1692","Scentual Obsessions","Hit Man Inspired by Polo Black","Fragrance","Exact bottle/product image + direct image URL","https://scentualobsessionsperfume.com/products/hit-man-inspired-by-black","FACTORY_REBUILD_FROM_CANONICAL_TRUTH",""
"1693","Scentual Obsessions","Hollywood Inspired by SoCal","Fragrance","Exact bottle/product image + direct image URL","https://scentualobsessionsperfume.com/products/hollywood-inspired-by-socal","FACTORY_REBUILD_FROM_CANONICAL_TRUTH",""
"1694","Scentual Obsessions","Holt Noir Inspired by Born in Roma Rockstud Noir","Fragrance","Exact bottle/product image + direct image URL","https://scentualobsessionsperfume.com/products/holt-noir-inspired-by-born-in-roma-rockstud-noir","FACTORY_REBUILD_FROM_CANONICAL_TRUTH",""
"1695","Scentual Obsessions","Honey Tobac Addict Inspired by Honey Tobacco","Fragrance","Exact bottle/product image + direct image URL","https://scentualobsessionsperfume.com/products/honey-tobac-addict","FACTORY_REBUILD_FROM_CANONICAL_TRUTH",""
"1696","Scentual Obsessions","Hypnotizing Woman Inspired by Hypnotic Poison","Fragrance","Exact bottle/product image + direct image URL","https://scentualobsessionsperfume.com/products/hypnotizing-woman","FACTORY_REBUILD_FROM_CANONICAL_TRUTH",""
"1697","Scentual Obsessions","Ice Storm Inspired by Iced Cologne","Eau de Cologne","Exact bottle/product image + direct image URL","https://scentualobsessionsperfume.com/products/ice-storm-inspired-by-iced-cologne","FACTORY_REBUILD_FROM_CANONICAL_TRUTH",""
"1698","Scentual Obsessions","Image Inspired by Photo","Fragrance","Exact bottle/product image + direct image URL","https://scentualobsessionsperfume.com/products/image-inspired-by-photo","FACTORY_REBUILD_FROM_CANONICAL_TRUTH",""
"1699","Scentual Obsessions","Imaginary Journey Inspired by Bal D Afrique","Fragrance","Exact bottle/product image + direct image URL","https://scentualobsessionsperfume.com/products/imaginary-journey","FACTORY_REBUILD_FROM_CANONICAL_TRUTH",""
"1700","Scentual Obsessions","Incredibly Delicious Inspired by Brazilian Crush Cheirosa ‘62","Fragrance","Exact bottle/product image + direct image URL","https://scentualobsessionsperfume.com/products/incredibly-delicious-inspired-by-brazilian-crush-cheirosa-62","FACTORY_REBUILD_FROM_CANONICAL_TRUTH",""
"1701","Scentual Obsessions","Independent Man Inspired by Choo Man","Fragrance","Exact bottle/product image + direct image URL","https://scentualobsessionsperfume.com/products/independent-man-inspired-by-choo-man","FACTORY_REBUILD_FROM_CANONICAL_TRUTH",""
"1702","Scentual Obsessions","Independent Princess Inspired by I Dont need a Prince by my Side to be a Princess","Fragrance","Exact bottle/product image + direct image URL","https://scentualobsessionsperfume.com/products/independent-princess-inspired-by-i-dont-need-a-prince-by-my-side-to-be-a-princess","FACTORY_REBUILD_FROM_CANONICAL_TRUTH",""
"1703","Scentual Obsessions","Independent Women Inspired by Choo","Fragrance","Exact bottle/product image + direct image URL","https://scentualobsessionsperfume.com/products/independent-women-inspired-by-choo-for-her","FACTORY_REBUILD_FROM_CANONICAL_TRUTH",""
"1704","Scentual Obsessions","Infatuated Inspired by Rolling in Love","Fragrance","Exact bottle/product image + direct image URL","https://scentualobsessionsperfume.com/products/infatuated-inspired-by-rolling-in-love","FACTORY_REBUILD_FROM_CANONICAL_TRUTH",""
"1705","Scentual Obsessions","Insanity Inspired by Mania (Men)","Fragrance","Exact bottle/product image + direct image URL","https://scentualobsessionsperfume.com/products/insanity-inspired-by-mania-men","FACTORY_REBUILD_FROM_CANONICAL_TRUTH",""
"1706","Scentual Obsessions","Instant Love Inspired by Instant Crush","Fragrance","Exact bottle/product image + direct image URL","https://scentualobsessionsperfume.com/products/instant-love-inspired-by-instant-crush","FACTORY_REBUILD_FROM_CANONICAL_TRUTH",""
"1707","Scentual Obsessions","Into the Sunset Inspired by Into the Night","Fragrance","Exact bottle/product image + direct image URL","https://scentualobsessionsperfume.com/products/into-the-sunset","FACTORY_REBUILD_FROM_CANONICAL_TRUTH",""
"1708","Scentual Obsessions","Intoxicated Man Inspired by Pure Malt","Fragrance","Exact bottle/product image + direct image URL","https://scentualobsessionsperfume.com/products/intoxicated-man-inspired-by-pure-malt","FACTORY_REBUILD_FROM_CANONICAL_TRUTH",""
"1709","Scentual Obsessions","Iris Assassin: Inspired by 2025 D. Homme","Parfum","Exact bottle/product image + direct image URL","https://scentualobsessionsperfume.com/products/iris-assassin-inspired-by-2025-d-homme","FACTORY_REBUILD_FROM_CANONICAL_TRUTH",""
"1710","Scentual Obsessions","Island Gentleman Inspired by OG Tommy B.","Fragrance","Exact bottle/product image + direct image URL","https://scentualobsessionsperfume.com/products/island-gentleman-inspired-by-og-tommy-b","FACTORY_REBUILD_FROM_CANONICAL_TRUTH",""
"1711","Scentual Obsessions","Island of the Sea Inspired by Sea Island","Fragrance","Exact bottle/product image + direct image URL","https://scentualobsessionsperfume.com/products/island-of-the-sea-inspired-by-sea-island","FACTORY_REBUILD_FROM_CANONICAL_TRUTH",""
"1712","Scentual Obsessions","Italian Citrus Inspired by Mefisto","Fragrance","Exact bottle/product image + direct image URL","https://scentualobsessionsperfume.com/products/italian-citrus-inspired-by-mefisto","FACTORY_REBUILD_FROM_CANONICAL_TRUTH",""
"1713","Scentual Obsessions","Italian Countryside Inspired by Nio","Fragrance","Exact bottle/product image + direct image URL","https://scentualobsessionsperfume.com/products/italian-countryside-inspired-by-nio","FACTORY_REBUILD_FROM_CANONICAL_TRUTH",""
"1714","Scentual Obsessions","Italian Evergreen Inspired by Italian Cypress","Fragrance","Exact bottle/product image + direct image URL","https://scentualobsessionsperfume.com/products/italian-evergreen-inspired-by-italian-cypress","FACTORY_REBUILD_FROM_CANONICAL_TRUTH",""
"1715","Scentual Obsessions","Italian Rivera Forte Inspired by Neroli Portofino Forte","Fragrance","Exact bottle/product image + direct image URL","https://scentualobsessionsperfume.com/products/italian-rivera-forte-inspired-by-neroli-portofino-forte","FACTORY_REBUILD_FROM_CANONICAL_TRUTH",""
"1716","Scentual Obsessions","Italian Rivera Inspired by Netoli Portofino","Fragrance","Exact bottle/product image + direct image URL","https://scentualobsessionsperfume.com/products/italian-rivera-inspired-by-netoli-portofino","FACTORY_REBUILD_FROM_CANONICAL_TRUTH",""
"1717","Scentual Obsessions","Jacob Inspired by Jake","Fragrance","Exact bottle/product image + direct image URL","https://scentualobsessionsperfume.com/products/jacob-inspired-by-jake","FACTORY_REBUILD_FROM_CANONICAL_TRUTH",""
"1718","Scentual Obsessions","Jeopardy Inspired by Danger","Fragrance","Exact bottle/product image + direct image URL","https://scentualobsessionsperfume.com/products/jeopardy-inspired-by-danger","FACTORY_REBUILD_FROM_CANONICAL_TRUTH",""
"1719","Scentual Obsessions","JGHR Milixir: Inspired by Father Figure","Fragrance","Exact bottle/product image + direct image URL","https://scentualobsessionsperfume.com/products/jghr-milixir-inspired-by-father-figure","FACTORY_REBUILD_FROM_CANONICAL_TRUTH",""
"1720","Scentual Obsessions","Juicy Obsession Inspired by Viva La Juicy","Fragrance","Exact bottle/product image + direct image URL","https://scentualobsessionsperfume.com/products/juicy-obsession-inspired-by-viva-la-juicy","FACTORY_REBUILD_FROM_CANONICAL_TRUTH",""
"1721","Scentual Obsessions","K Holt Gold Inspired by Gold","Fragrance","Exact bottle/product image + direct image URL","https://scentualobsessionsperfume.com/products/k-holt-gold-inspired-by-gold","FACTORY_REBUILD_FROM_CANONICAL_TRUTH",""
"1722","Scentual Obsessions","K2 Inspired by Himalaya","Fragrance","Exact bottle/product image + direct image URL","https://scentualobsessionsperfume.com/products/k2","FACTORY_REBUILD_FROM_CANONICAL_TRUTH",""
"1723","Scentual Obsessions","Kalvuhdows De Vodka Inspired by Apple Brandy on the Rocks","Fragrance","Exact bottle/product image + direct image URL","https://scentualobsessionsperfume.com/products/kalvuhdows-de-vodka","FACTORY_REBUILD_FROM_CANONICAL_TRUTH",""
"1724","Scentual Obsessions","Kalvuhdows Inspired by Apple Brandy","Fragrance","Exact bottle/product image + direct image URL","https://scentualobsessionsperfume.com/products/kalvuhdows-inspired-by-apple-brandy","FACTORY_REBUILD_FROM_CANONICAL_TRUTH",""
"1725","Scentual Obsessions","King Andy Inspired by Andy Warhol","Fragrance","Exact bottle/product image + direct image URL","https://scentualobsessionsperfume.com/products/king-andy","FACTORY_REBUILD_FROM_CANONICAL_TRUTH",""
"1726","Scentual Obsessions","King Cologne Inspired by Aventus Cologne","Eau de Cologne","Exact bottle/product image + direct image URL","https://scentualobsessionsperfume.com/products/king-cologne","FACTORY_REBUILD_FROM_CANONICAL_TRUTH",""
"1727","Scentual Obsessions","King of 90s Inspired by Acqua Di Gio","Eau de Parfum","Exact bottle/product image + direct image URL","https://scentualobsessionsperfume.com/products/king-of-90s-edp","FACTORY_REBUILD_FROM_CANONICAL_TRUTH",""
"1728","Scentual Obsessions","King of 90s Inspired by Acqua Di Gio","Fragrance","Exact bottle/product image + direct image URL","https://scentualobsessionsperfume.com/products/king-of-90s","FACTORY_REBUILD_FROM_CANONICAL_TRUTH",""
"1729","Scentual Obsessions","King of Kings 3.0","Fragrance","Exact bottle/product image + direct image URL","https://scentualobsessionsperfume.com/products/king-of-kings-new","FACTORY_REBUILD_FROM_CANONICAL_TRUTH",""
"1730","Scentual Obsessions","King of Kings 3.0 Inspired by Aventus 13zz01","Fragrance","Exact bottle/product image + direct image URL","https://scentualobsessionsperfume.com/products/king-of-kings-new","FACTORY_REBUILD_FROM_CANONICAL_TRUTH",""
"1731","Scentual Obsessions","King of Kings Elixir Inspired by Aventus 11Z01 (Compound Edition)","Fragrance","Exact bottle/product image + direct image URL","https://scentualobsessionsperfume.com/products/king-of-kings-elixir-inspired-by-aventus-11z01-compound-edition","FACTORY_REBUILD_FROM_CANONICAL_TRUTH",""
"1732","Scentual Obsessions","King of Kings Remastered Inspired by Aventus 13zz01","Fragrance","Exact bottle/product image + direct image URL","https://scentualobsessionsperfume.com/products/king-of-kings-remastered-inspired-by-aventus-13zz01-exact-match","FACTORY_REBUILD_FROM_CANONICAL_TRUTH",""
"1733","Scentual Obsessions","King of Queens Inspired by Baccarat 540 Extrait","Extrait de Parfum","Exact bottle/product image + direct image URL","https://scentualobsessionsperfume.com/products/king-of-queens-inspired-by-baccarat-540-extrait","FACTORY_REBUILD_FROM_CANONICAL_TRUTH",""
"1734","Scentual Obsessions","King Smoke Inspired by Aventus Vintage Batches","Fragrance","Exact bottle/product image + direct image URL","https://scentualobsessionsperfume.com/products/king-smoke","FACTORY_REBUILD_FROM_CANONICAL_TRUTH",""
"1735","Scentual Obsessions","King X Inspired by Aventus 10th Anniversary","Fragrance","Exact bottle/product image + direct image URL","https://scentualobsessionsperfume.com/products/king-x","FACTORY_REBUILD_FROM_CANONICAL_TRUTH",""
"1736","Scentual Obsessions","Kings Move Inspired by Kingside","Fragrance","Exact bottle/product image + direct image URL","https://scentualobsessionsperfume.com/products/kings-move-inspired-by-kingside","FACTORY_REBUILD_FROM_CANONICAL_TRUTH",""
"1737","Scentual Obsessions","Kryptobsession Inspired by Kryptomint","Fragrance","Exact bottle/product image + direct image URL","https://scentualobsessionsperfume.com/products/kryptobsession-inspired-by-kryptomint","FACTORY_REBUILD_FROM_CANONICAL_TRUTH",""
"1738","Scentual Obsessions","Lady Couture Inspired by Haute Luxe","Fragrance","Exact bottle/product image + direct image URL","https://scentualobsessionsperfume.com/products/lady-couture-inspired-by-haute-luxe","FACTORY_REBUILD_FROM_CANONICAL_TRUTH",""
"1739","Scentual Obsessions","Lady on the Loose Inspired by Libre","Fragrance","Exact bottle/product image + direct image URL","https://scentualobsessionsperfume.com/products/lady-on-the-loose-inspired-by-libre-for-her","FACTORY_REBUILD_FROM_CANONICAL_TRUTH",""
"1740","Scentual Obsessions","Lady on the Prowl Inspired by Rouge Smoking","Fragrance","Exact bottle/product image + direct image URL","https://scentualobsessionsperfume.com/products/lady-on-the-prowl","FACTORY_REBUILD_FROM_CANONICAL_TRUTH",""
"1741","Scentual Obsessions","Le Leo Inspired by Le Lion","Fragrance","Exact bottle/product image + direct image URL","https://scentualobsessionsperfume.com/products/le-lion","FACTORY_REBUILD_FROM_CANONICAL_TRUTH",""
"1742","Scentual Obsessions","Leather in Africa Inspired by African Leather","Fragrance","Exact bottle/product image + direct image URL","https://scentualobsessionsperfume.com/products/leather-in-africa-inspired-by-african-leather","FACTORY_REBUILD_FROM_CANONICAL_TRUTH",""
"1743","Scentual Obsessions","Leather King Inspired by Tuscan Leather","Fragrance","Exact bottle/product image + direct image URL","https://scentualobsessionsperfume.com/products/leather-king-inspired-by-tuscan-leather","FACTORY_REBUILD_FROM_CANONICAL_TRUTH",""
"1744","Scentual Obsessions","Leather King Intense Inspired by Tuscan Leather Intense","Fragrance","Exact bottle/product image + direct image URL","https://scentualobsessionsperfume.com/products/leather-king-intense-inspired-by-tuscan-leather-intense","FACTORY_REBUILD_FROM_CANONICAL_TRUTH",""
"1745","Scentual Obsessions","Legendary City Inspired by Brooklyn","Fragrance","Exact bottle/product image + direct image URL","https://scentualobsessionsperfume.com/products/legendary-city","FACTORY_REBUILD_FROM_CANONICAL_TRUTH",""
"1746","Scentual Obsessions","Legendary Man Inspired by Epic Man","Fragrance","Exact bottle/product image + direct image URL","https://scentualobsessionsperfume.com/products/legendary-man","FACTORY_REBUILD_FROM_CANONICAL_TRUTH",""
"1747","Scentual Obsessions","Lemon Crème Inferno Inspired by Hufflepuff","Fragrance","Exact bottle/product image + direct image URL","https://scentualobsessionsperfume.com/products/lemon-creme-inferno-inspired-by-hufflepuff","FACTORY_REBUILD_FROM_CANONICAL_TRUTH",""
"1748","Scentual Obsessions","Lemon Forest Inspired by Cedrat Boise","Fragrance","Exact bottle/product image + direct image URL","https://scentualobsessionsperfume.com/products/lemon-forest-inspired-by-cedrat-boise","FACTORY_REBUILD_FROM_CANONICAL_TRUTH",""
"1749","Scentual Obsessions","Lemon Meringue Pie Inspired by Sublime Vanille","Fragrance","Exact bottle/product image + direct image URL","https://scentualobsessionsperfume.com/products/lemon-meringue-pie","FACTORY_REBUILD_FROM_CANONICAL_TRUTH",""
"1750","Scentual Obsessions","Lip Gloss Riot – Inspired by Sisters B4 Misters","Fragrance","Exact bottle/product image + direct image URL","https://scentualobsessionsperfume.com/products/lip-gloss-riot-inspired-by-sisters-b4-misters","FACTORY_REBUILD_FROM_CANONICAL_TRUTH",""
"1751","Scentual Obsessions","Liquid Gold Inspired by Gentle Fluidity Gold","Fragrance","Exact bottle/product image + direct image URL","https://scentualobsessionsperfume.com/products/liquid-gold-inspired-by-gentle-fluidity-gold","FACTORY_REBUILD_FROM_CANONICAL_TRUTH",""
"1752","Scentual Obsessions","London Bridge Inspired by London","Fragrance","Exact bottle/product image + direct image URL","https://scentualobsessionsperfume.com/products/london-bridge","FACTORY_REBUILD_FROM_CANONICAL_TRUTH",""
"1753","Scentual Obsessions","London Woods Inspired by London Oud","Fragrance","Exact bottle/product image + direct image URL","https://scentualobsessionsperfume.com/products/london-woods","FACTORY_REBUILD_FROM_CANONICAL_TRUTH",""
"1754","Scentual Obsessions","Love is Blind Inspired by Love Dont be Shy","Fragrance","Exact bottle/product image + direct image URL","https://scentualobsessionsperfume.com/products/love-is-blind-inspired-by-love-dont-be-shy","FACTORY_REBUILD_FROM_CANONICAL_TRUTH",""
"1755","Scentual Obsessions","Lucky #13 Inspired by Another 13","Fragrance","Exact bottle/product image + direct image URL","https://scentualobsessionsperfume.com/products/lucky-13-inspired-by-another-13","FACTORY_REBUILD_FROM_CANONICAL_TRUTH",""
"1756","Scentual Obsessions","Lucky Millionaire Inspired by 1 Million Lucky","Fragrance","Exact bottle/product image + direct image URL","https://scentualobsessionsperfume.com/products/the-lucky-millionaire-inspired-by-1-million-lucky","FACTORY_REBUILD_FROM_CANONICAL_TRUTH",""
"1757","Scentual Obsessions","Madame Inspired by Donna Valentino","Fragrance","Exact bottle/product image + direct image URL","https://scentualobsessionsperfume.com/products/untitled-aug19_09-39","FACTORY_REBUILD_FROM_CANONICAL_TRUTH",""
"1758","Scentual Obsessions","Main Squeeze - Inspired by Counterplay","Fragrance","Exact bottle/product image + direct image URL","https://scentualobsessionsperfume.com/products/main-squeeze-inspired-by-counterplay","FACTORY_REBUILD_FROM_CANONICAL_TRUTH",""
"1759","Scentual Obsessions","Majestic Move Inspired by Castling","Fragrance","Exact bottle/product image + direct image URL","https://scentualobsessionsperfume.com/products/majestic-move-inspired-by-castling","FACTORY_REBUILD_FROM_CANONICAL_TRUTH",""
"1760","Scentual Obsessions","Majesty Inspired by The King","Fragrance","Exact bottle/product image + direct image URL","https://scentualobsessionsperfume.com/products/majesty","FACTORY_REBUILD_FROM_CANONICAL_TRUTH",""
"1761","Scentual Obsessions","Majesty of Empire Inspired by Ani","Fragrance","Exact bottle/product image + direct image URL","https://scentualobsessionsperfume.com/products/majesty-of-empire","FACTORY_REBUILD_FROM_CANONICAL_TRUTH",""
"1762","Scentual Obsessions","Majesty of Empire X Inspired by Ani X","Fragrance","Exact bottle/product image + direct image URL","https://scentualobsessionsperfume.com/products/majesty-of-empire-x","FACTORY_REBUILD_FROM_CANONICAL_TRUTH",""
"1763","Scentual Obsessions","Malt Obsession Inspired by Single Malt","Fragrance","Exact bottle/product image + direct image URL","https://scentualobsessionsperfume.com/products/malt-obsession-inspired-by-single-malt","FACTORY_REBUILD_FROM_CANONICAL_TRUTH",""
"1764","Scentual Obsessions","Man of Paradise Inspired by Sandalo","Fragrance","Exact bottle/product image + direct image URL","https://scentualobsessionsperfume.com/products/man-of-paradise","FACTORY_REBUILD_FROM_CANONICAL_TRUTH",""
"1765","Scentual Obsessions","Man of Power Inspired by Terre D Hermes","Fragrance","Exact bottle/product image + direct image URL","https://scentualobsessionsperfume.com/products/man-of-power-inspired-by-terre-d-hermes","FACTORY_REBUILD_FROM_CANONICAL_TRUTH",""
"1766","Scentual Obsessions","Man of Spice Inspired by V. Man (Purple Bottle)","Fragrance","Exact bottle/product image + direct image URL","https://scentualobsessionsperfume.com/products/man-of-spice-inspired-by-v-man-purple-bottle","FACTORY_REBUILD_FROM_CANONICAL_TRUTH",""
"1767","Scentual Obsessions","Man of the Night Inspired by La Nuit De L’homme 2009","Fragrance","Exact bottle/product image + direct image URL","https://scentualobsessionsperfume.com/products/man-of-the-night-inspired-by-la-nuit-de-l-homme-2009-exact-match","FACTORY_REBUILD_FROM_CANONICAL_TRUTH",""
"1768","Scentual Obsessions","Man of the Night Intense Inspired by La Nuit De L’homme Intense","Fragrance","Exact bottle/product image + direct image URL","https://scentualobsessionsperfume.com/products/man-of-the-night-intense-inspired-by-la-nuit-de-l-homme-intense","FACTORY_REBUILD_FROM_CANONICAL_TRUTH",""
"1769","Scentual Obsessions","Man on the Loose Inspired by Libre","Fragrance","Exact bottle/product image + direct image URL","https://scentualobsessionsperfume.com/products/man-on-the-loose-inspired-by-libre-for-him","FACTORY_REBUILD_FROM_CANONICAL_TRUTH",""
"1770","Scentual Obsessions","Maneater Inspired by Vanille Fatale","Fragrance","Exact bottle/product image + direct image URL","https://scentualobsessionsperfume.com/products/maneater-inspired-by-vanille-fatale","FACTORY_REBUILD_FROM_CANONICAL_TRUTH",""
"1771","Scentual Obsessions","Marlboro Man Inspired by Santal 33","Fragrance","Exact bottle/product image + direct image URL","https://scentualobsessionsperfume.com/products/marlboro-man-inspired-by-santal-33","FACTORY_REBUILD_FROM_CANONICAL_TRUTH",""
"1772","Scentual Obsessions","Masculine Elegance Inspired by (Check Description)","Fragrance","Exact bottle/product image + direct image URL","https://scentualobsessionsperfume.com/products/masculine-elegance","FACTORY_REBUILD_FROM_CANONICAL_TRUTH",""
"1773","Scentual Obsessions","Master Supreme Inspired by Grand Master","Fragrance","Exact bottle/product image + direct image URL","https://scentualobsessionsperfume.com/products/master-supreme-inspired-by-grand-master","FACTORY_REBUILD_FROM_CANONICAL_TRUTH",""
"1774","Scentual Obsessions","Masterpiece Inspired by B683","Fragrance","Exact bottle/product image + direct image URL","https://scentualobsessionsperfume.com/products/masterpiece-inspired-by-b683","FACTORY_REBUILD_FROM_CANONICAL_TRUTH",""
"1775","Scentual Obsessions","Matcha Inspired by Asian Green Tea","Fragrance","Exact bottle/product image + direct image URL","https://scentualobsessionsperfume.com/products/matcha","FACTORY_REBUILD_FROM_CANONICAL_TRUTH",""
"1776","Scentual Obsessions","MCMXCVI Inspired by 1996 Inez & Vinoodh","Fragrance","Exact bottle/product image + direct image URL","https://scentualobsessionsperfume.com/products/mcmxcvi","FACTORY_REBUILD_FROM_CANONICAL_TRUTH",""
"1777","Scentual Obsessions","Medusa Inspired by Pegasus","Fragrance","Exact bottle/product image + direct image URL","https://scentualobsessionsperfume.com/products/medusa-inspired-by-pegasus","FACTORY_REBUILD_FROM_CANONICAL_TRUTH",""
"1778","Scentual Obsessions","Meloria Inspiration","Perfume","Exact bottle/product image + direct image URL","https://scentualobsessionsperfume.com/products/meloria-inspiration","FACTORY_REBUILD_FROM_CANONICAL_TRUTH",""
"1779","Scentual Obsessions","Memories Inspired by Angel","Fragrance","Exact bottle/product image + direct image URL","https://scentualobsessionsperfume.com/products/memories-inspired-by-angel","FACTORY_REBUILD_FROM_CANONICAL_TRUTH",""
"1780","Scentual Obsessions","Middle East Beast Inspired by Kingdom of Saudi Arabia","Fragrance","Exact bottle/product image + direct image URL","https://scentualobsessionsperfume.com/products/middle-east-beast-inspired-by-kingdom-of-saudi-arabia","FACTORY_REBUILD_FROM_CANONICAL_TRUTH",""
"1781","Scentual Obsessions","Midnight Amaretto Inspired by Orgasmo","Fragrance","Exact bottle/product image + direct image URL","https://scentualobsessionsperfume.com/products/midnight-amaretto-inspired-by-orgasmo","FACTORY_REBUILD_FROM_CANONICAL_TRUTH",""
"1782","Scentual Obsessions","Midnight Cocktail Inspired by Kutay","Fragrance","Exact bottle/product image + direct image URL","https://scentualobsessionsperfume.com/products/midnight-cocktail-inspired-by-kutay","FACTORY_REBUILD_FROM_CANONICAL_TRUTH",""
"1783","Scentual Obsessions","Midnight Glow Inspired by Delphinus","Fragrance","Exact bottle/product image + direct image URL","https://scentualobsessionsperfume.com/products/midnight-glow-inspired-by-delphinus","FACTORY_REBUILD_FROM_CANONICAL_TRUTH",""
"1784","Scentual Obsessions","Midnight Iris Inspired by Black Iris","Fragrance","Exact bottle/product image + direct image URL","https://scentualobsessionsperfume.com/products/midnight-iris","FACTORY_REBUILD_FROM_CANONICAL_TRUTH",""
"1785","Scentual Obsessions","Midnight Sky Inspired by Moonlight in Heaven","Fragrance","Exact bottle/product image + direct image URL","https://scentualobsessionsperfume.com/products/midnight-sky-inspired-by-moonlight-in-heaven","FACTORY_REBUILD_FROM_CANONICAL_TRUTH",""
"1786","Scentual Obsessions","Milk Mob - Inspired by Milk","Fragrance","Exact bottle/product image + direct image URL","https://scentualobsessionsperfume.com/products/milk-mob-inspired-by-milk","FACTORY_REBUILD_FROM_CANONICAL_TRUTH",""
"1787","Scentual Obsessions","Millesime Obsession Inspired by Millesime Imperial","Fragrance","Exact bottle/product image + direct image URL","https://scentualobsessionsperfume.com/products/millesime-obsession","FACTORY_REBUILD_FROM_CANONICAL_TRUTH",""
"1788","Scentual Obsessions","Millionaire Elixir Inspired by 1 Million Elixir","Fragrance","Exact bottle/product image + direct image URL","https://scentualobsessionsperfume.com/products/millionaire-elixir-inspired-by-1-million-elixir","FACTORY_REBUILD_FROM_CANONICAL_TRUTH",""
"1789","Scentual Obsessions","Millionaire Inspired by 1 Million","Parfum","Exact bottle/product image + direct image URL","https://scentualobsessionsperfume.com/products/millionaire-parfum","FACTORY_REBUILD_FROM_CANONICAL_TRUTH",""
"1790","Scentual Obsessions","Millionaire Inspired by 1 Million","Fragrance","Exact bottle/product image + direct image URL","https://scentualobsessionsperfume.com/products/millionaire-inspired-by-1-million","FACTORY_REBUILD_FROM_CANONICAL_TRUTH",""
"1791","Scentual Obsessions","Millionaire Prive Inspired by 1 Million Prive","Fragrance","Exact bottle/product image + direct image URL","https://scentualobsessionsperfume.com/products/millionaire-prive-inspired-by-1-million-prive-1","FACTORY_REBUILD_FROM_CANONICAL_TRUTH",""
"1792","Scentual Obsessions","Mind-Blowing Inspired by Saffron Harma","Fragrance","Exact bottle/product image + direct image URL","https://scentualobsessionsperfume.com/products/mind-blowing","FACTORY_REBUILD_FROM_CANONICAL_TRUTH",""
"1793","Scentual Obsessions","Model Citizen Inspired by Paragon","Fragrance","Exact bottle/product image + direct image URL","https://scentualobsessionsperfume.com/products/model-citizen-inspired-by-paragon","FACTORY_REBUILD_FROM_CANONICAL_TRUTH",""
"1794","Scentual Obsessions","Modern Gentleman Inspired by Haltane","Fragrance","Exact bottle/product image + direct image URL","https://scentualobsessionsperfume.com/products/modern-gentleman-inspired-by-haltane","FACTORY_REBUILD_FROM_CANONICAL_TRUTH",""
"1795","Scentual Obsessions","Mojave Desert Inspired by Mojave Ghost","Fragrance","Exact bottle/product image + direct image URL","https://scentualobsessionsperfume.com/products/mojave-desert","FACTORY_REBUILD_FROM_CANONICAL_TRUTH",""
"1796","Scentual Obsessions","Mojito Cocktail Inspired by Aoud Lemon Mint","Fragrance","Exact bottle/product image + direct image URL","https://scentualobsessionsperfume.com/products/mojito-cocktail-inspired-by-aoud-lemon-mint","FACTORY_REBUILD_FROM_CANONICAL_TRUTH",""
"1797","Scentual Obsessions","Mona Lisa Inspired by Portrait of a Lady","Fragrance","Exact bottle/product image + direct image URL","https://scentualobsessionsperfume.com/products/mona-lisa","FACTORY_REBUILD_FROM_CANONICAL_TRUTH",""
"1798","Scentual Obsessions","Moon of Jupiter Inspired by Ganymede","Fragrance","Exact bottle/product image + direct image URL","https://scentualobsessionsperfume.com/products/moon-of-jupiter-inspired-by-ganymede","FACTORY_REBUILD_FROM_CANONICAL_TRUTH",""
"1799","Scentual Obsessions","Moonlight Inspired by The Moon","Fragrance","Exact bottle/product image + direct image URL","https://scentualobsessionsperfume.com/products/moonlight","FACTORY_REBUILD_FROM_CANONICAL_TRUTH",""
"1800","Scentual Obsessions","Morning Zest Inspired by Ultra Zest","Fragrance","Exact bottle/product image + direct image URL","https://scentualobsessionsperfume.com/products/morning-zest-inspired-by-ultra-zest-exact-match","FACTORY_REBUILD_FROM_CANONICAL_TRUTH",""
"1801","Scentual Obsessions","Moroccan Night Inspired by L’Air Desert Marocain","Fragrance","Exact bottle/product image + direct image URL","https://scentualobsessionsperfume.com/products/moroccan-night-inspired-by-l-air-desert-marocain","FACTORY_REBUILD_FROM_CANONICAL_TRUTH",""
"1802","Scentual Obsessions","Moscow Inspired by La Capitale","Fragrance","Exact bottle/product image + direct image URL","https://scentualobsessionsperfume.com/products/moscow-inspired-by-la-capitale","FACTORY_REBUILD_FROM_CANONICAL_TRUTH",""
"1803","Scentual Obsessions","Mr. Attitude Inspired by Tobacco Sapphire","Fragrance","Exact bottle/product image + direct image URL","https://scentualobsessionsperfume.com/products/untitled-sep8_19-58","FACTORY_REBUILD_FROM_CANONICAL_TRUTH",""
"1804","Scentual Obsessions","Mr. Wonderful Inspired by Egoiste","Fragrance","Exact bottle/product image + direct image URL","https://scentualobsessionsperfume.com/products/mr-wonderful","FACTORY_REBUILD_FROM_CANONICAL_TRUTH",""
"1805","Scentual Obsessions","My Lady Inspired by Mon Guer.","Fragrance","Exact bottle/product image + direct image URL","https://scentualobsessionsperfume.com/products/my-lady","FACTORY_REBUILD_FROM_CANONICAL_TRUTH",""
"1806","Scentual Obsessions","Myrrh Absolute Inspired by Myrrh & Tonka","Fragrance","Exact bottle/product image + direct image URL","https://scentualobsessionsperfume.com/products/myrrh-absolute-inspired-by-myrrh-tonka","FACTORY_REBUILD_FROM_CANONICAL_TRUTH",""
"1807","Scentual Obsessions","Myrrh Mystique (Exact Match)","Fragrance","Exact bottle/product image + direct image URL","https://scentualobsessionsperfume.com/products/myrrh-mystique","FACTORY_REBUILD_FROM_CANONICAL_TRUTH",""
"1808","Scentual Obsessions","Myrrh Mystique (Exact Match) Inspired by Myrrhe Mystere","Fragrance","Exact bottle/product image + direct image URL","https://scentualobsessionsperfume.com/products/myrrh-mystique","FACTORY_REBUILD_FROM_CANONICAL_TRUTH",""
"1809","Scentual Obsessions","Mystique Inspired by Romance","Fragrance","Exact bottle/product image + direct image URL","https://scentualobsessionsperfume.com/products/mystique-inspired-by-romance","FACTORY_REBUILD_FROM_CANONICAL_TRUTH",""
"1810","Scentual Obsessions","Mystique Silver Inspired by Romance Silver","Fragrance","Exact bottle/product image + direct image URL","https://scentualobsessionsperfume.com/products/mystique-silver-inspired-by-romance-silver","FACTORY_REBUILD_FROM_CANONICAL_TRUTH",""
"1811","Scentual Obsessions","Naked Glamour Inspired by Santal Blush","Fragrance","Exact bottle/product image + direct image URL","https://scentualobsessionsperfume.com/products/naked-glamour-inspired-by-santal-blush","FACTORY_REBUILD_FROM_CANONICAL_TRUTH",""
"1812","Scentual Obsessions","Naughty Girl Inspired by Good Girl","Fragrance","Exact bottle/product image + direct image URL","https://scentualobsessionsperfume.com/products/naughty-girl","FACTORY_REBUILD_FROM_CANONICAL_TRUTH",""
"1813","Scentual Obsessions","Naughty Pleasures Inspired by Unknown Pleasures","Fragrance","Exact bottle/product image + direct image URL","https://scentualobsessionsperfume.com/products/naughty-pleasures-inspired-by-unknown-pleasures","FACTORY_REBUILD_FROM_CANONICAL_TRUTH",""
"1814","Scentual Obsessions","Neon Heatwave - Inspired by No. 4 Neon","Fragrance","Exact bottle/product image + direct image URL","https://scentualobsessionsperfume.com/products/neon-heatwave-inspired-by-no-4-neon","FACTORY_REBUILD_FROM_CANONICAL_TRUTH",""
"1815","Scentual Obsessions","Neroli Wild Thing Inspired by Neroli Sauvage","Fragrance","Exact bottle/product image + direct image URL","https://scentualobsessionsperfume.com/products/neroli-wild-thing","FACTORY_REBUILD_FROM_CANONICAL_TRUTH",""
"1816","Scentual Obsessions","New Horizons Inspired by L’immensite","Fragrance","Exact bottle/product image + direct image URL","https://scentualobsessionsperfume.com/products/new-horizons-inspired-by-l-immensite","FACTORY_REBUILD_FROM_CANONICAL_TRUTH",""
"1817","Scentual Obsessions","Night Life Inspired by Night","Fragrance","Exact bottle/product image + direct image URL","https://scentualobsessionsperfume.com/products/night-life","FACTORY_REBUILD_FROM_CANONICAL_TRUTH",""
"1818","Scentual Obsessions","No Limit Inspired by Boundless","Fragrance","Exact bottle/product image + direct image URL","https://scentualobsessionsperfume.com/products/no-limit","FACTORY_REBUILD_FROM_CANONICAL_TRUTH",""
"1819","Scentual Obsessions","Noble Woods Inspired by Oud for Greatness","Fragrance","Exact bottle/product image + direct image URL","https://scentualobsessionsperfume.com/products/nobile-woods-inspired-by-oud-for-greatness","FACTORY_REBUILD_FROM_CANONICAL_TRUTH",""
"1820","Scentual Obsessions","Ny Blues Inspired by Jazz Club","Fragrance","Exact bottle/product image + direct image URL","https://scentualobsessionsperfume.com/products/ny-blues-inspired-by-jazz-club","FACTORY_REBUILD_FROM_CANONICAL_TRUTH",""
"1821","Scentual Obsessions","Ny Night Life Inspired by NY Nights","Fragrance","Exact bottle/product image + direct image URL","https://scentualobsessionsperfume.com/products/ny-night-life","FACTORY_REBUILD_FROM_CANONICAL_TRUTH",""
"1822","Scentual Obsessions","Ny Woods Inspired by New York Oud","Fragrance","Exact bottle/product image + direct image URL","https://scentualobsessionsperfume.com/products/ny-woods","FACTORY_REBUILD_FROM_CANONICAL_TRUTH",""
"1823","Scentual Obsessions","Obsession of Bergamot Inspired by Venetian Bergamot","Fragrance","Exact bottle/product image + direct image URL","https://scentualobsessionsperfume.com/products/obsession-of-bergamot-inspired-by-venetian-bergamot","FACTORY_REBUILD_FROM_CANONICAL_TRUTH",""
"1824","Scentual Obsessions","Obsession of Calabria Inspired by Ambra Calabria","Fragrance","Exact bottle/product image + direct image URL","https://scentualobsessionsperfume.com/products/obsession-of-calabria","FACTORY_REBUILD_FROM_CANONICAL_TRUTH",""
"1825","Scentual Obsessions","Obsessions of Iris Inspired by L’homme","Fragrance","Exact bottle/product image + direct image URL","https://scentualobsessionsperfume.com/products/obsessions-of-iris-inspired-by-l-homme","FACTORY_REBUILD_FROM_CANONICAL_TRUTH",""
"1826","Scentual Obsessions","Obsessions of Iris Intense Inspired by L’homme Intense","Fragrance","Exact bottle/product image + direct image URL","https://scentualobsessionsperfume.com/products/obsessions-of-iris-intense-inspired-by-l-homme-intense","FACTORY_REBUILD_FROM_CANONICAL_TRUTH",""
"1827","Scentual Obsessions","Ocean Breeze Inspired by Megamare","Fragrance","Exact bottle/product image + direct image URL","https://scentualobsessionsperfume.com/products/ocean-breeze-inspired-by-megamare","FACTORY_REBUILD_FROM_CANONICAL_TRUTH",""
"1828","Scentual Obsessions","Ocean Smoke Inspired by Oud Minerale","Fragrance","Exact bottle/product image + direct image URL","https://scentualobsessionsperfume.com/products/ocean-smoke-inspired-by-oud-minerale","FACTORY_REBUILD_FROM_CANONICAL_TRUTH",""
"1829","Scentual Obsessions","Ombre Gypsy Inspired by Ombre Nomad","Fragrance","Exact bottle/product image + direct image URL","https://scentualobsessionsperfume.com/products/ombre-gypsy-inspired-by-ombre-nomad","FACTORY_REBUILD_FROM_CANONICAL_TRUTH",""
"1830","Scentual Obsessions","One Night Stand Inspired by Date","Fragrance","Exact bottle/product image + direct image URL","https://scentualobsessionsperfume.com/products/one-night-stand-inspired-by-date-for-men","FACTORY_REBUILD_FROM_CANONICAL_TRUTH",""
"1831","Scentual Obsessions","One Obsession Inspired by CK1","Fragrance","Exact bottle/product image + direct image URL","https://scentualobsessionsperfume.com/products/one-obsession-inspired-by-read-description","FACTORY_REBUILD_FROM_CANONICAL_TRUTH",""
"1832","Scentual Obsessions","Orange Spice Inspired by Kalan","Fragrance","Exact bottle/product image + direct image URL","https://scentualobsessionsperfume.com/products/orange-spice-inspired-by-kalan","FACTORY_REBUILD_FROM_CANONICAL_TRUTH",""
"1833","Scentual Obsessions","Orange Tobacco Inspired by Orange Tobacco","Fragrance","Exact bottle/product image + direct image URL","https://scentualobsessionsperfume.com/products/orange-tobacco","FACTORY_REBUILD_FROM_CANONICAL_TRUTH",""
"1834","Scentual Obsessions","Orchid Obsession Inspired by Black Orchid","Fragrance","Exact bottle/product image + direct image URL","https://scentualobsessionsperfume.com/products/orchid-obsession-inspired-by-black-orchid","FACTORY_REBUILD_FROM_CANONICAL_TRUTH",""
"1835","Scentual Obsessions","Oriental Trail Inspired by Tobacolor","Fragrance","Exact bottle/product image + direct image URL","https://scentualobsessionsperfume.com/products/oriental-trail","FACTORY_REBUILD_FROM_CANONICAL_TRUTH",""
"1836","Scentual Obsessions","Original Gangster Inspired by Don","Fragrance","Exact bottle/product image + direct image URL","https://scentualobsessionsperfume.com/products/original-gangster-inspired-by-don","FACTORY_REBUILD_FROM_CANONICAL_TRUTH",""
"1837","Scentual Obsessions","Oud to be Happy Inspired by Oud for Happiness","Fragrance","Exact bottle/product image + direct image URL","https://scentualobsessionsperfume.com/products/oud-to-be-happy-inspired-by-oud-for-happiness","FACTORY_REBUILD_FROM_CANONICAL_TRUTH",""
"1838","Scentual Obsessions","Out of this World Inspired by Meteore","Fragrance","Exact bottle/product image + direct image URL","https://scentualobsessionsperfume.com/products/out-of-this-world-inspired-by-meteore","FACTORY_REBUILD_FROM_CANONICAL_TRUTH",""
"1839","Scentual Obsessions","Overload Inspired by Uden Overdose","Fragrance","Exact bottle/product image + direct image URL","https://scentualobsessionsperfume.com/products/overload-inspired-by-uden-overdose","FACTORY_REBUILD_FROM_CANONICAL_TRUTH",""
"1840","Scentual Obsessions","Para God - Inspired by Paradigme","Extrait de Parfum","Exact bottle/product image + direct image URL","https://scentualobsessionsperfume.com/products/para-god-inspired-by-paradigme","FACTORY_REBUILD_FROM_CANONICAL_TRUTH",""
"1841","Scentual Obsessions","Paradise Delight Inspired by LaBelle","Fragrance","Exact bottle/product image + direct image URL","https://scentualobsessionsperfume.com/products/paradise-delight-inspired-by-labelle","FACTORY_REBUILD_FROM_CANONICAL_TRUTH",""
"1842","Scentual Obsessions","Paradise Inspired by Elysium","Parfum","Exact bottle/product image + direct image URL","https://scentualobsessionsperfume.com/products/paradise-inspired-by-elysium-parfum","FACTORY_REBUILD_FROM_CANONICAL_TRUTH",""
"1843","Scentual Obsessions","Paradise Porthole Inspired by Porthole","Fragrance","Exact bottle/product image + direct image URL","https://scentualobsessionsperfume.com/products/paradise-porthole-pre-order","FACTORY_REBUILD_FROM_CANONICAL_TRUTH",""
"1844","Scentual Obsessions","Party Time Inspired by Baraonda","Fragrance","Exact bottle/product image + direct image URL","https://scentualobsessionsperfume.com/products/party-time-inspired-by-baraonda","FACTORY_REBUILD_FROM_CANONICAL_TRUTH",""
"1845","Scentual Obsessions","Passion & Desire Inspired by Absolute Aphrodisiac","Fragrance","Exact bottle/product image + direct image URL","https://scentualobsessionsperfume.com/products/passion-desire-inspired-by-absolute-aphrodisiac","FACTORY_REBUILD_FROM_CANONICAL_TRUTH",""
"1846","Scentual Obsessions","Passionate Bite Inspired by Venom Incarnat","Fragrance","Exact bottle/product image + direct image URL","https://scentualobsessionsperfume.com/products/passionate-bite-exact-match-inspired-by-venom-incarnat","FACTORY_REBUILD_FROM_CANONICAL_TRUTH",""
"1847","Scentual Obsessions","Peacekeeper Inspired by The Scent of Peace","Fragrance","Exact bottle/product image + direct image URL","https://scentualobsessionsperfume.com/products/peacekeeper","FACTORY_REBUILD_FROM_CANONICAL_TRUTH",""
"1848","Scentual Obsessions","Peach Paradise — Inspired by Forbidden Games","Fragrance","Exact bottle/product image + direct image URL","https://scentualobsessionsperfume.com/products/peach-paradise-inspired-by-forbidden-games","FACTORY_REBUILD_FROM_CANONICAL_TRUTH",""
"1849","Scentual Obsessions","Pear Pressure Inspired by Blue Talisman Extrait","Extrait de Parfum","Exact bottle/product image + direct image URL","https://scentualobsessionsperfume.com/products/pre-order-pear-pressure-inspired-by-blue-talisman-extrait","FACTORY_REBUILD_FROM_CANONICAL_TRUTH",""
"1850","Scentual Obsessions","Pearadise Femme Inspired by Safanad","Fragrance","Exact bottle/product image + direct image URL","https://scentualobsessionsperfume.com/products/pearadise-femme-inspired-by-safanad","FACTORY_REBUILD_FROM_CANONICAL_TRUTH",""
"1851","Scentual Obsessions","Perfect Harmony Inspired by Diaghilev","Fragrance","Exact bottle/product image + direct image URL","https://scentualobsessionsperfume.com/products/perfect-harmony-inspired-by-diaghilev","FACTORY_REBUILD_FROM_CANONICAL_TRUTH",""
"1852","Scentual Obsessions","Perfect Summer Inspired by Coconut Nanas","Fragrance","Exact bottle/product image + direct image URL","https://scentualobsessionsperfume.com/products/perfect-summer-inspired-by-coconut-nanas","FACTORY_REBUILD_FROM_CANONICAL_TRUTH",""
"1853","Scentual Obsessions","Pinnacle Inspired by Apex","Fragrance","Exact bottle/product image + direct image URL","https://scentualobsessionsperfume.com/products/pinnacle-inspired-by-apex","FACTORY_REBUILD_FROM_CANONICAL_TRUTH",""
"1854","Scentual Obsessions","Pittsburgh Gold: Inspired by Born in Roma the Gold Uomo","Fragrance","Exact bottle/product image + direct image URL","https://scentualobsessionsperfume.com/products/pittsburgh-gold-inspired-by-born-in-roma-the-gold-uomo","FACTORY_REBUILD_FROM_CANONICAL_TRUTH",""
"1855","Scentual Obsessions","Player in Red Inspired by Polo Red","Eau de Parfum","Exact bottle/product image + direct image URL","https://scentualobsessionsperfume.com/products/player-in-red-inspired-by-red-edp","FACTORY_REBUILD_FROM_CANONICAL_TRUTH",""
"1856","Scentual Obsessions","Playtime Inspired by Play","Eau de Toilette","Exact bottle/product image + direct image URL","https://scentualobsessionsperfume.com/products/playtime-edt","FACTORY_REBUILD_FROM_CANONICAL_TRUTH",""
"1857","Scentual Obsessions","Playtime Inspired by Play Intense","Fragrance","Exact bottle/product image + direct image URL","https://scentualobsessionsperfume.com/products/playtime","FACTORY_REBUILD_FROM_CANONICAL_TRUTH",""
"1858","Scentual Obsessions","Plum Explosion Inspired by Plum Japonais","Fragrance","Exact bottle/product image + direct image URL","https://scentualobsessionsperfume.com/products/plum-explosion-inspired-by-plum-japonais","FACTORY_REBUILD_FROM_CANONICAL_TRUTH",""
"1859","Scentual Obsessions","Poor Guy Inspired by","Fragrance","Exact bottle/product image + direct image URL","https://scentualobsessionsperfume.com/products/poor-guy-inspired-by-pour-homme","FACTORY_REBUILD_FROM_CANONICAL_TRUTH",""
"1860","Scentual Obsessions","Poppy in Paradise Inspired by Poppy","Fragrance","Exact bottle/product image + direct image URL","https://scentualobsessionsperfume.com/products/poppy-in-paradise","FACTORY_REBUILD_FROM_CANONICAL_TRUTH",""
"1861","Scentual Obsessions","Power Bomb Inspired by Labdanum 18","Fragrance","Exact bottle/product image + direct image URL","https://scentualobsessionsperfume.com/products/power-bomb-inspired-by-labdanum-18","FACTORY_REBUILD_FROM_CANONICAL_TRUTH",""
"1862","Scentual Obsessions","Power of Seduction Inspired by Babycat","Fragrance","Exact bottle/product image + direct image URL","https://scentualobsessionsperfume.com/products/power-of-seduction-inspired-by-babycat","FACTORY_REBUILD_FROM_CANONICAL_TRUTH",""
"1863","Scentual Obsessions","Praline Pressure - Inspired by Bal d’Afrique Absolu","Fragrance","Exact bottle/product image + direct image URL","https://scentualobsessionsperfume.com/products/praline-pressure-inspired-by-bal-d-afrique-absolu","FACTORY_REBUILD_FROM_CANONICAL_TRUTH",""
"1864","Scentual Obsessions","Priceless Woman Inspired by Custo","Fragrance","Exact bottle/product image + direct image URL","https://scentualobsessionsperfume.com/products/priceless-woman","FACTORY_REBUILD_FROM_CANONICAL_TRUTH",""
"1865","Scentual Obsessions","Private Island Inspired by - Governors Island","Fragrance","Exact bottle/product image + direct image URL","https://scentualobsessionsperfume.com/products/private-island-inspired-by-governors-island","FACTORY_REBUILD_FROM_CANONICAL_TRUTH",""
"1866","Scentual Obsessions","Psychedelic Inspired by Narcotic Delight","Fragrance","Exact bottle/product image + direct image URL","https://scentualobsessionsperfume.com/products/paychedelic-inspired-by-narcotic-delight","FACTORY_REBUILD_FROM_CANONICAL_TRUTH",""
"1867","Scentual Obsessions","Pucker Up Inspired by Lipstick Fever","Fragrance","Exact bottle/product image + direct image URL","https://scentualobsessionsperfume.com/products/pucker-up-inspired-by-lipstick-fever","FACTORY_REBUILD_FROM_CANONICAL_TRUTH",""
"1868","Scentual Obsessions","Pure Addiction Inspired by Blessed Baraka","Fragrance","Exact bottle/product image + direct image URL","https://scentualobsessionsperfume.com/products/pure-addiction-inspired-by-blessed-baraka","FACTORY_REBUILD_FROM_CANONICAL_TRUTH",""
"1869","Scentual Obsessions","Pure Art Inspired by Danaë","Fragrance","Exact bottle/product image + direct image URL","https://scentualobsessionsperfume.com/products/pure-art","FACTORY_REBUILD_FROM_CANONICAL_TRUTH",""
"1870","Scentual Obsessions","Pure Citrus Inspired by Erba Pura","Fragrance","Exact bottle/product image + direct image URL","https://scentualobsessionsperfume.com/products/pure-citrus-inspired-by-erba-pura","FACTORY_REBUILD_FROM_CANONICAL_TRUTH",""
"1871","Scentual Obsessions","Pure Delicious Inspired by Feve Delicieuse","Fragrance","Exact bottle/product image + direct image URL","https://scentualobsessionsperfume.com/products/pure-delicious","FACTORY_REBUILD_FROM_CANONICAL_TRUTH",""
"1872","Scentual Obsessions","Pure Elegance Inspired by Phapsody","Fragrance","Exact bottle/product image + direct image URL","https://scentualobsessionsperfume.com/products/pure-elegance-inspired-by-phapsody","FACTORY_REBUILD_FROM_CANONICAL_TRUTH",""
"1873","Scentual Obsessions","Pure Gold Inspired by Lamar","Fragrance","Exact bottle/product image + direct image URL","https://scentualobsessionsperfume.com/products/pure-gold-inspired-by-lamar","FACTORY_REBUILD_FROM_CANONICAL_TRUTH",""
"1874","Scentual Obsessions","Pure Sunshine Inspired by Brazilian Crush Cheirosa ‘68","Fragrance","Exact bottle/product image + direct image URL","https://scentualobsessionsperfume.com/products/pure-sunshine-inspired-by-brazilian-crush-cheirosa-68","FACTORY_REBUILD_FROM_CANONICAL_TRUTH",""
"1875","Scentual Obsessions","Purple Pressure Inspired by BORN in ROMA PURPLE MELANCHOLIA","Fragrance","Exact bottle/product image + direct image URL","https://scentualobsessionsperfume.com/products/purple-pressure-inspired-by-born-in-roma-purple-melancholia","FACTORY_REBUILD_FROM_CANONICAL_TRUTH",""
"1876","Scentual Obsessions","Purple Reign Inspired by Andy Warhol with 20% added Jamican Plum","Fragrance","Exact bottle/product image + direct image URL","https://scentualobsessionsperfume.com/products/purple-reign","FACTORY_REBUILD_FROM_CANONICAL_TRUTH",""
"1877","Scentual Obsessions","Purple Ticket Inspired by Purple Label","Fragrance","Exact bottle/product image + direct image URL","https://scentualobsessionsperfume.com/products/purple-ticket-inspired-by-purple-label","FACTORY_REBUILD_FROM_CANONICAL_TRUTH",""
"1878","Scentual Obsessions","Purple Wood Inspired by Purple Oud","Fragrance","Exact bottle/product image + direct image URL","https://scentualobsessionsperfume.com/products/purple-wood","FACTORY_REBUILD_FROM_CANONICAL_TRUTH",""
"1879","Scentual Obsessions","Queen it Up: Inspired by Queening","Fragrance","Exact bottle/product image + direct image URL","https://scentualobsessionsperfume.com/products/queen-it-up-inspired-by-queening","FACTORY_REBUILD_FROM_CANONICAL_TRUTH",""
"1880","Scentual Obsessions","Queens Move Inspired by Queenside","Fragrance","Exact bottle/product image + direct image URL","https://scentualobsessionsperfume.com/products/queens-move-inspired-by-queenside","FACTORY_REBUILD_FROM_CANONICAL_TRUTH",""
"1881","Scentual Obsessions","Quiet Time Inspired by Whispers in the Library","Fragrance","Exact bottle/product image + direct image URL","https://scentualobsessionsperfume.com/products/quiet-time-inspired-by-whispers-in-the-library","FACTORY_REBUILD_FROM_CANONICAL_TRUTH",""
"1882","Scentual Obsessions","Rain Infusion Inspired by Rain Tea","Fragrance","Exact bottle/product image + direct image URL","https://scentualobsessionsperfume.com/products/rain-infusion-inspired-by-rain-tea","FACTORY_REBUILD_FROM_CANONICAL_TRUTH",""
"1883","Scentual Obsessions","Recess Inspired by Interlude Man","Fragrance","Exact bottle/product image + direct image URL","https://scentualobsessionsperfume.com/products/recess","FACTORY_REBUILD_FROM_CANONICAL_TRUTH",""
"1884","Scentual Obsessions","Recovery Inspired by Rehab","Fragrance","Exact bottle/product image + direct image URL","https://scentualobsessionsperfume.com/products/recovery-inspired-by-rehab","FACTORY_REBUILD_FROM_CANONICAL_TRUTH",""
"1885","Scentual Obsessions","Refined Gentleman Inspired by Amyris","Fragrance","Exact bottle/product image + direct image URL","https://scentualobsessionsperfume.com/products/refined-gentleman-inspired-by-amyris","FACTORY_REBUILD_FROM_CANONICAL_TRUTH",""
"1886","Scentual Obsessions","Reminiscing Inspired by Stellar Times","Fragrance","Exact bottle/product image + direct image URL","https://scentualobsessionsperfume.com/products/reminiscing-inspired-by-stellar-times","FACTORY_REBUILD_FROM_CANONICAL_TRUTH",""
"1887","Scentual Obsessions","Rich & Extravagant Inspired by TF Extreme","Fragrance","Exact bottle/product image + direct image URL","https://scentualobsessionsperfume.com/products/rich-extravagant-inspired-by-tf-extreme","FACTORY_REBUILD_FROM_CANONICAL_TRUTH",""
"1888","Scentual Obsessions","Rich & Mysterious Inspired by JV Oud","Fragrance","Exact bottle/product image + direct image URL","https://scentualobsessionsperfume.com/products/rich-mysterious-inspired-by-jv-oud","FACTORY_REBUILD_FROM_CANONICAL_TRUTH",""
"1889","Scentual Obsessions","Rich & Mystique Inspired by Godolphin","Fragrance","Exact bottle/product image + direct image URL","https://scentualobsessionsperfume.com/products/rich-mystique-inspired-by-godolphin","FACTORY_REBUILD_FROM_CANONICAL_TRUTH",""
"1890","Scentual Obsessions","Rich Man Inspired by Soir","Fragrance","Exact bottle/product image + direct image URL","https://scentualobsessionsperfume.com/products/rich-man","FACTORY_REBUILD_FROM_CANONICAL_TRUTH",""
"1891","Scentual Obsessions","Rich Moroccan Night Inspired by Coeur","Fragrance","Exact bottle/product image + direct image URL","https://scentualobsessionsperfume.com/products/rich-moroccan-night-inspired-by-coeur","FACTORY_REBUILD_FROM_CANONICAL_TRUTH",""
"1892","Scentual Obsessions","Ride the Waves Inspired by 40 Knots","Fragrance","Exact bottle/product image + direct image URL","https://scentualobsessionsperfume.com/products/ride-the-waves-inspired-by-40-knots","FACTORY_REBUILD_FROM_CANONICAL_TRUTH",""
"1893","Scentual Obsessions","Risk Inspired by Chance","Fragrance","Exact bottle/product image + direct image URL","https://scentualobsessionsperfume.com/products/risk","FACTORY_REBUILD_FROM_CANONICAL_TRUTH",""
"1894","Scentual Obsessions","Risk Tendre Inspired by Chance Eau Tendre","Fragrance","Exact bottle/product image + direct image URL","https://scentualobsessionsperfume.com/products/risk-tendre","FACTORY_REBUILD_FROM_CANONICAL_TRUTH",""
"1895","Scentual Obsessions","Road Trip Inspired by Voyage","Fragrance","Exact bottle/product image + direct image URL","https://scentualobsessionsperfume.com/products/road-trip-inspired-by-voyage","FACTORY_REBUILD_FROM_CANONICAL_TRUTH",""
"1896","Scentual Obsessions","Rock Star Inspired by Tony Iommi Monkey Special","Fragrance","Exact bottle/product image + direct image URL","https://scentualobsessionsperfume.com/products/rock-star-inspired-by-tony-iommi-monkey-special","FACTORY_REBUILD_FROM_CANONICAL_TRUTH",""
"1897","Scentual Obsessions","Rocky Rose Inspired by Rock Rose","Fragrance","Exact bottle/product image + direct image URL","https://scentualobsessionsperfume.com/products/rocky-rose","FACTORY_REBUILD_FROM_CANONICAL_TRUTH",""
"1898","Scentual Obsessions","Role Model Inspired by Envy (Men)","Fragrance","Exact bottle/product image + direct image URL","https://scentualobsessionsperfume.com/products/role-model","FACTORY_REBUILD_FROM_CANONICAL_TRUTH",""
"1899","Scentual Obsessions","Roman Empire Inspired by 1872","Fragrance","Exact bottle/product image + direct image URL","https://scentualobsessionsperfume.com/products/roman-empire","FACTORY_REBUILD_FROM_CANONICAL_TRUTH",""
"1900","Scentual Obsessions","Rose Garden Inspired by Rose Prick","Fragrance","Exact bottle/product image + direct image URL","https://scentualobsessionsperfume.com/products/rose-garden-inspired-by-rose-prick","FACTORY_REBUILD_FROM_CANONICAL_TRUTH",""
"1901","Scentual Obsessions","Royal Millionaire Inspired by 1 Million Royal","Fragrance","Exact bottle/product image + direct image URL","https://scentualobsessionsperfume.com/products/royal-millionaire-inspired-by-1-million-royal","FACTORY_REBUILD_FROM_CANONICAL_TRUTH",""
"1902","Scentual Obsessions","Royal Obsession Exclusive Inspired by Layton Exclusif","Fragrance","Exact bottle/product image + direct image URL","https://scentualobsessionsperfume.com/products/royal-obsession-exclusive-inspired-by-layton-exclusif","FACTORY_REBUILD_FROM_CANONICAL_TRUTH",""
"1903","Scentual Obsessions","Royal Obsession Inspired by Layton","Fragrance","Exact bottle/product image + direct image URL","https://scentualobsessionsperfume.com/products/royal-obsession-inspired-by-layton-exact-match","FACTORY_REBUILD_FROM_CANONICAL_TRUTH",""
"1904","Scentual Obsessions","Royalty Inspired by Blue Sapphire","Fragrance","Exact bottle/product image + direct image URL","https://scentualobsessionsperfume.com/products/royalty","FACTORY_REBUILD_FROM_CANONICAL_TRUTH",""
"1905","Scentual Obsessions","Running Water Inspired by Gypsy Water","Fragrance","Exact bottle/product image + direct image URL","https://scentualobsessionsperfume.com/products/running-water","FACTORY_REBUILD_FROM_CANONICAL_TRUTH",""
"1906","Scentual Obsessions","Saffron Seduction – Inspired by Carios","Fragrance","Exact bottle/product image + direct image URL","https://scentualobsessionsperfume.com/products/saffron-seduction-inspired-by-carios","FACTORY_REBUILD_FROM_CANONICAL_TRUTH",""
"1907","Scentual Obsessions","Salt Life Inspired by On the Beach","Fragrance","Exact bottle/product image + direct image URL","https://scentualobsessionsperfume.com/products/salt-life-inspired-by-on-the-beach","FACTORY_REBUILD_FROM_CANONICAL_TRUTH",""
"1908","Scentual Obsessions","Santal Bliss Inspired by The Wedding Silk Santal","Fragrance","Exact bottle/product image + direct image URL","https://scentualobsessionsperfume.com/products/santal-bliss-inspired-by-the-wedding-silk-santal","FACTORY_REBUILD_FROM_CANONICAL_TRUTH",""
"1909","Scentual Obsessions","Sapphire Sea Inspired by Aqua Sapphire","Fragrance","Exact bottle/product image + direct image URL","https://scentualobsessionsperfume.com/products/sapphire-sea","FACTORY_REBUILD_FROM_CANONICAL_TRUTH",""
"1910","Scentual Obsessions","Saturday Night Inspired by Weekend","Fragrance","Exact bottle/product image + direct image URL","https://scentualobsessionsperfume.com/products/saturday-night","FACTORY_REBUILD_FROM_CANONICAL_TRUTH",""
"1911","Scentual Obsessions","Savior Faire Inspired by Habdan","Fragrance","Exact bottle/product image + direct image URL","https://scentualobsessionsperfume.com/products/savior-faire-inspired-by-habdan","FACTORY_REBUILD_FROM_CANONICAL_TRUTH",""
"1912","Scentual Obsessions","Scandalous Barber Inspired by Scandal","Fragrance","Exact bottle/product image + direct image URL","https://scentualobsessionsperfume.com/products/scandalous-barber-inspired-by-scandal","FACTORY_REBUILD_FROM_CANONICAL_TRUTH",""
"1913","Scentual Obsessions","Scandalous Man Inspired by Scandal","Fragrance","Exact bottle/product image + direct image URL","https://scentualobsessionsperfume.com/products/scandalous-man-inspired-by-scandal-pour-homme","FACTORY_REBUILD_FROM_CANONICAL_TRUTH",""
"1914","Scentual Obsessions","Scentual Elixir Inspired by Creme De Cuir","Fragrance","Exact bottle/product image + direct image URL","https://scentualobsessionsperfume.com/products/scentual-elixir","FACTORY_REBUILD_FROM_CANONICAL_TRUTH",""
"1915","Scentual Obsessions","Scentual Oud Inspired by Supreme Oud","Fragrance","Exact bottle/product image + direct image URL","https://scentualobsessionsperfume.com/products/scentual-oud-inspired-by-supreme-oud","FACTORY_REBUILD_FROM_CANONICAL_TRUTH",""
"1916","Scentual Obsessions","Scentual Spice Inspired by London Spice","Fragrance","Exact bottle/product image + direct image URL","https://scentualobsessionsperfume.com/products/scentual-spice","FACTORY_REBUILD_FROM_CANONICAL_TRUTH",""
"1917","Scentual Obsessions","Scentual Therapy Inspired by Musk Therapy","Fragrance","Exact bottle/product image + direct image URL","https://scentualobsessionsperfume.com/products/scentual-therapy-inspired-by-musk-therapy","FACTORY_REBUILD_FROM_CANONICAL_TRUTH",""
"1918","Scentual Obsessions","Scentual Vetiver Inspired by Original Vetiver","Fragrance","Exact bottle/product image + direct image URL","https://scentualobsessionsperfume.com/products/scentual-vetiver","FACTORY_REBUILD_FROM_CANONICAL_TRUTH",""
"1919","Scentual Obsessions","Sea Air Inspired by Wood Sage & Sea Salt","Fragrance","Exact bottle/product image + direct image URL","https://scentualobsessionsperfume.com/products/sea-air-inspired-by-wood-sage-sea-salt","FACTORY_REBUILD_FROM_CANONICAL_TRUTH",""
"1920","Scentual Obsessions","Sea Waves & Black Rocks Inspired by Acqua Di Gio Profumo","Fragrance","Exact bottle/product image + direct image URL","https://scentualobsessionsperfume.com/products/sea-waves-black-rocks","FACTORY_REBUILD_FROM_CANONICAL_TRUTH",""
"1921","Scentual Obsessions","Seductive Male Inspired by CH Prive. SOLD OUT","Fragrance","Exact bottle/product image + direct image URL","https://scentualobsessionsperfume.com/products/seductive-male","FACTORY_REBUILD_FROM_CANONICAL_TRUTH",""
"1922","Scentual Obsessions","Seductive Princess Inspired by Princess Royal Oud","Fragrance","Exact bottle/product image + direct image URL","https://scentualobsessionsperfume.com/products/seductive-princess","FACTORY_REBUILD_FROM_CANONICAL_TRUTH",""
"1923","Scentual Obsessions","Seductive Woman Inspired by Black Opium","Fragrance","Exact bottle/product image + direct image URL","https://scentualobsessionsperfume.com/products/seductive-woman-inspired-by-black-opium","FACTORY_REBUILD_FROM_CANONICAL_TRUTH",""
"1924","Scentual Obsessions","Sensual Journey Inspired by Oud Orange Intense","Fragrance","Exact bottle/product image + direct image URL","https://scentualobsessionsperfume.com/products/sensual-journey-inspired-by-oud-orange-intense-exact-match","FACTORY_REBUILD_FROM_CANONICAL_TRUTH",""
"1925","Scentual Obsessions","Set Sail","Fragrance","Exact bottle/product image + direct image URL","https://scentualobsessionsperfume.com/products/set-sail","FACTORY_REBUILD_FROM_CANONICAL_TRUTH",""
"1926","Scentual Obsessions","Set Sail Inspired by Erolfa","Fragrance","Exact bottle/product image + direct image URL","https://scentualobsessionsperfume.com/products/set-sail","FACTORY_REBUILD_FROM_CANONICAL_TRUTH",""
"1927","Scentual Obsessions","Sexual Vanilla Inspired by Vanilla Sex","Fragrance","Exact bottle/product image + direct image URL","https://scentualobsessionsperfume.com/products/sexual-vanilla-inspired-by-vanilla-sex-exact-match","FACTORY_REBUILD_FROM_CANONICAL_TRUTH",""
"1928","Scentual Obsessions","Sexy Asf Inspired by Very Sexy","Fragrance","Exact bottle/product image + direct image URL","https://scentualobsessionsperfume.com/products/sexy-asf-inspired-by-very-sexy-for-him","FACTORY_REBUILD_FROM_CANONICAL_TRUTH",""
"1929","Scentual Obsessions","Sexy Asf Platinum Inspired by Very Sexy Platinum","Fragrance","Exact bottle/product image + direct image URL","https://scentualobsessionsperfume.com/products/sexy-asf-platinum-inspired-by-very-sexy-platinum","FACTORY_REBUILD_FROM_CANONICAL_TRUTH",""
"1930","Scentual Obsessions","Shades of Death Inspired by Black Afgano","Fragrance","Exact bottle/product image + direct image URL","https://scentualobsessionsperfume.com/products/shades-of-death-inspired-by-black-afgano","FACTORY_REBUILD_FROM_CANONICAL_TRUTH",""
"1931","Scentual Obsessions","Shadow Boxing Inspired by Hacivat","Fragrance","Exact bottle/product image + direct image URL","https://scentualobsessionsperfume.com/products/shadow-boxing","FACTORY_REBUILD_FROM_CANONICAL_TRUTH",""
"1932","Scentual Obsessions","Shadow Boxing X (Exact Match) Inspired by Hacivat X","Fragrance","Exact bottle/product image + direct image URL","https://scentualobsessionsperfume.com/products/shadow-boxing-x","FACTORY_REBUILD_FROM_CANONICAL_TRUTH",""
"1933","Scentual Obsessions","Shining Crystal Inspired by Bright Crystal","Fragrance","Exact bottle/product image + direct image URL","https://scentualobsessionsperfume.com/products/shining-crystal-inspired-by-bright-crystal","FACTORY_REBUILD_FROM_CANONICAL_TRUTH",""
"1934","Scentual Obsessions","Sicilian Sun Inspired by Under the Lemon Tree","Fragrance","Exact bottle/product image + direct image URL","https://scentualobsessionsperfume.com/products/sicilian-sun-inspired-by-under-the-lemon-tree","FACTORY_REBUILD_FROM_CANONICAL_TRUTH",""
"1935","Scentual Obsessions","Sicilian Sunrise — Inspired by Taormina Orange","Fragrance","Exact bottle/product image + direct image URL","https://scentualobsessionsperfume.com/products/sicilian-sunrise-inspired-by-taormina-orange","FACTORY_REBUILD_FROM_CANONICAL_TRUTH",""
"1936","Scentual Obsessions","Sicily Inspired by Naxos","Fragrance","Exact bottle/product image + direct image URL","https://scentualobsessionsperfume.com/products/sicily-inspired-by-naxos","FACTORY_REBUILD_FROM_CANONICAL_TRUTH",""
"1937","Scentual Obsessions","Sinful Inspired by VS Scandalous","Fragrance","Exact bottle/product image + direct image URL","https://scentualobsessionsperfume.com/products/sinful-inspired-by-vs-scandalous","FACTORY_REBUILD_FROM_CANONICAL_TRUTH",""
"1938","Scentual Obsessions","Single Lady Inspired by Coco Madamoiselle","Fragrance","Exact bottle/product image + direct image URL","https://scentualobsessionsperfume.com/products/single-lady","FACTORY_REBUILD_FROM_CANONICAL_TRUTH",""
"1939","Scentual Obsessions","Sky Blue (Men) Inspired by Light Blue","Fragrance","Exact bottle/product image + direct image URL","https://scentualobsessionsperfume.com/products/sky-blue-men","FACTORY_REBUILD_FROM_CANONICAL_TRUTH",""
"1940","Scentual Obsessions","Sky Blue (Women) Inspired by Light Blue","Fragrance","Exact bottle/product image + direct image URL","https://scentualobsessionsperfume.com/products/sky-blue-women","FACTORY_REBUILD_FROM_CANONICAL_TRUTH",""
"1941","Scentual Obsessions","Sky Blue Sea Forte Inspired by Aqua Celestia Forte","Fragrance","Exact bottle/product image + direct image URL","https://scentualobsessionsperfume.com/products/sky-blue-sea-forte-inspired-by-aqua-celestia-forte","FACTORY_REBUILD_FROM_CANONICAL_TRUTH",""
"1942","Scentual Obsessions","Sky Blue Sea Inspired by Aqua Celestia","Fragrance","Exact bottle/product image + direct image URL","https://scentualobsessionsperfume.com/products/sky-blue-sea-inspired-by-aqua-celestia","FACTORY_REBUILD_FROM_CANONICAL_TRUTH",""
"1943","Scentual Obsessions","Sky High Inspired by Mile High","Fragrance","Exact bottle/product image + direct image URL","https://scentualobsessionsperfume.com/products/sky-high-inspired-by-mile-high","FACTORY_REBUILD_FROM_CANONICAL_TRUTH",""
"1944","Scentual Obsessions","Smooth Elegance Inspired by Gentle Fluidity Silver","Fragrance","Exact bottle/product image + direct image URL","https://scentualobsessionsperfume.com/products/smooth-elegance-inspired-by-gentle-fluidity-silver","FACTORY_REBUILD_FROM_CANONICAL_TRUTH",""
"1945","Scentual Obsessions","Smooth Empress Inspired by Queen of Silk","Fragrance","Exact bottle/product image + direct image URL","https://scentualobsessionsperfume.com/products/smooth-empress-inspired-by-queen-of-silk","FACTORY_REBUILD_FROM_CANONICAL_TRUTH",""
"1946","Scentual Obsessions","Smooth Inspired by C. Santana","Fragrance","Exact bottle/product image + direct image URL","https://scentualobsessionsperfume.com/products/smooth","FACTORY_REBUILD_FROM_CANONICAL_TRUTH",""
"1947","Scentual Obsessions","Smooth Satin Oud Inspired by Oud Satin Mood","Fragrance","Exact bottle/product image + direct image URL","https://scentualobsessionsperfume.com/products/smooth-satin-oud-inspired-by-oud-satin-mood","FACTORY_REBUILD_FROM_CANONICAL_TRUTH",""
"1948","Scentual Obsessions","SO (Men) Inspired by By","Fragrance","Exact bottle/product image + direct image URL","https://scentualobsessionsperfume.com/products/so-men","FACTORY_REBUILD_FROM_CANONICAL_TRUTH",""
"1949","Scentual Obsessions","SO (Women) Inspired by By","Fragrance","Exact bottle/product image + direct image URL","https://scentualobsessionsperfume.com/products/so-women","FACTORY_REBUILD_FROM_CANONICAL_TRUTH",""
"1950","Scentual Obsessions","SO #1 Inspired by 001","Fragrance","Exact bottle/product image + direct image URL","https://scentualobsessionsperfume.com/products/so-1-inspired-by-001","FACTORY_REBUILD_FROM_CANONICAL_TRUTH",""
"1951","Scentual Obsessions","SO Blue Inspired by Polo Blue","Fragrance","Exact bottle/product image + direct image URL","https://scentualobsessionsperfume.com/products/so-blue-inspired-by-polo-blue","FACTORY_REBUILD_FROM_CANONICAL_TRUTH",""
"1952","Scentual Obsessions","So Damn Sexy Inspired by Eau So Sexy","Fragrance","Exact bottle/product image + direct image URL","https://scentualobsessionsperfume.com/products/so-damn-sexy-inspired-by-eau-so-sexy","FACTORY_REBUILD_FROM_CANONICAL_TRUTH",""
"1953","Scentual Obsessions","SO Santal Inspired by Original Santal","Fragrance","Exact bottle/product image + direct image URL","https://scentualobsessionsperfume.com/products/so-santal","FACTORY_REBUILD_FROM_CANONICAL_TRUTH",""
"1954","Scentual Obsessions","Soft Elegance Inspired by Valaya","Fragrance","Exact bottle/product image + direct image URL","https://scentualobsessionsperfume.com/products/soft-elegance-inspired-by-valaya","FACTORY_REBUILD_FROM_CANONICAL_TRUTH",""
"1955","Scentual Obsessions","Sophistication Inspired by Jubilation XXV Man","Fragrance","Exact bottle/product image + direct image URL","https://scentualobsessionsperfume.com/products/sophistication-inspired-by-jubilation-xxv-man","FACTORY_REBUILD_FROM_CANONICAL_TRUTH",""
"1956","Scentual Obsessions","Soulmate Inspired by Lovers","Fragrance","Exact bottle/product image + direct image URL","https://scentualobsessionsperfume.com/products/soulmate-inspired-by-lovers","FACTORY_REBUILD_FROM_CANONICAL_TRUTH",""
"1957","Scentual Obsessions","Southern Sinner – Inspired by Triumph of Bacchus Extrait","Extrait de Parfum","Exact bottle/product image + direct image URL","https://scentualobsessionsperfume.com/products/pre-order-southern-sinner-inspired-by-triumph-of-bacchus-extrait","FACTORY_REBUILD_FROM_CANONICAL_TRUTH",""
"1958","Scentual Obsessions","Spark of Dust Inspired by Happy Dust","Fragrance","Exact bottle/product image + direct image URL","https://scentualobsessionsperfume.com/products/spark-of-dust-inspired-by-happy-dust","FACTORY_REBUILD_FROM_CANONICAL_TRUTH",""
"1959","Scentual Obsessions","Spice 10 Inspired by X","Fragrance","Exact bottle/product image + direct image URL","https://scentualobsessionsperfume.com/products/spice-10","FACTORY_REBUILD_FROM_CANONICAL_TRUTH",""
"1960","Scentual Obsessions","Spice Explosion Inspired by Spicebomb Extreme","Fragrance","Exact bottle/product image + direct image URL","https://scentualobsessionsperfume.com/products/spice-explosion-inspired-by-spicebomb-extreme","FACTORY_REBUILD_FROM_CANONICAL_TRUTH",""
"1961","Scentual Obsessions","Spicy Night Inspired by Spice Blend","Fragrance","Exact bottle/product image + direct image URL","https://scentualobsessionsperfume.com/products/spicy-night","FACTORY_REBUILD_FROM_CANONICAL_TRUTH",""
"1962","Scentual Obsessions","Spring Valley Inspired by Green Valley","Fragrance","Exact bottle/product image + direct image URL","https://scentualobsessionsperfume.com/products/spring-valley","FACTORY_REBUILD_FROM_CANONICAL_TRUTH",""
"1963","Scentual Obsessions","State of Mind Inspired by Imagination","Fragrance","Exact bottle/product image + direct image URL","https://scentualobsessionsperfume.com/products/state-of-mind-compound-edition-inspired-by-imagination","FACTORY_REBUILD_FROM_CANONICAL_TRUTH",""
"1964","Scentual Obsessions","Steel City Jeans Inspired by Metal Jeans","Fragrance","Exact bottle/product image + direct image URL","https://scentualobsessionsperfume.com/products/steel-city-jeans-inspired-by-metal-jeans","FACTORY_REBUILD_FROM_CANONICAL_TRUTH",""
"1965","Scentual Obsessions","Stellar Odyssey Inspired by Perseus","Fragrance","Exact bottle/product image + direct image URL","https://scentualobsessionsperfume.com/products/stellar-odyssey-inspired-by-perseus","FACTORY_REBUILD_FROM_CANONICAL_TRUTH",""
"1966","Scentual Obsessions","Still a Perfume Inspired by Not a Perfume","Fragrance","Exact bottle/product image + direct image URL","https://scentualobsessionsperfume.com/products/still-a-perfume-inspired-by-not-a-perfume","FACTORY_REBUILD_FROM_CANONICAL_TRUTH",""
"1967","Scentual Obsessions","Still Smoking Inspired by Marijuana","Fragrance","Exact bottle/product image + direct image URL","https://scentualobsessionsperfume.com/products/still-smoking","FACTORY_REBUILD_FROM_CANONICAL_TRUTH",""
"1968","Scentual Obsessions","Still the Champ Inspired by Hanai Mori Him","Fragrance","Exact bottle/product image + direct image URL","https://scentualobsessionsperfume.com/products/still-the-champ-inspired-by-hanai-mori-him","FACTORY_REBUILD_FROM_CANONICAL_TRUTH",""
"1969","Scentual Obsessions","Stir Crazy Inspired by Fan your Flames","Fragrance","Exact bottle/product image + direct image URL","https://scentualobsessionsperfume.com/products/stir-crazy","FACTORY_REBUILD_FROM_CANONICAL_TRUTH",""
"1970","Scentual Obsessions","Straight to Paradise Extreme Inspired by Straight to Heaven Extreme","Fragrance","Exact bottle/product image + direct image URL","https://scentualobsessionsperfume.com/products/straight-to-paradise-extreme-inspired-by-straight-to-heaven-extreme-exact-match","FACTORY_REBUILD_FROM_CANONICAL_TRUTH",""
"1971","Scentual Obsessions","Straight to Paradise: Inspired by Straight to Heaven","Fragrance","Exact bottle/product image + direct image URL","https://scentualobsessionsperfume.com/products/straight-to-paradise-inspired-by-straight-to-heaven","FACTORY_REBUILD_FROM_CANONICAL_TRUTH",""
"1972","Scentual Obsessions","Stranger Inspired by Galloway","Fragrance","Exact bottle/product image + direct image URL","https://scentualobsessionsperfume.com/products/stranger-inspired-by-galloway","FACTORY_REBUILD_FROM_CANONICAL_TRUTH",""
"1973","Scentual Obsessions","Stronger Than You 100 Inspired by Stronger with you Absolutely","Fragrance","Exact bottle/product image + direct image URL","https://scentualobsessionsperfume.com/products/stronger-than-you-100","FACTORY_REBUILD_FROM_CANONICAL_TRUTH",""
"1974","Scentual Obsessions","Stronger Than You Intense Inspired by Stronger with you Intensely","Fragrance","Exact bottle/product image + direct image URL","https://scentualobsessionsperfume.com/products/stronger-than-you-intense","FACTORY_REBUILD_FROM_CANONICAL_TRUTH",""
"1975","Scentual Obsessions","Stronger Than You Leather Inspired by Stronger with you Leather","Fragrance","Exact bottle/product image + direct image URL","https://scentualobsessionsperfume.com/products/stronger-than-you-leather","FACTORY_REBUILD_FROM_CANONICAL_TRUTH",""
"1976","Scentual Obsessions","Suave Inspired by Enigma","Fragrance","Exact bottle/product image + direct image URL","https://scentualobsessionsperfume.com/products/suave-inspired-by-enigma","FACTORY_REBUILD_FROM_CANONICAL_TRUTH",""
"1977","Scentual Obsessions","Succulent Apple Inspired by Eden Juicy Apple","Fragrance","Exact bottle/product image + direct image URL","https://scentualobsessionsperfume.com/products/succulent-apple-inspired-by-eden-juicy-apple","FACTORY_REBUILD_FROM_CANONICAL_TRUTH",""
"1978","Scentual Obsessions","Sugar Daddys Delight: Inspired by Yum Boujee Marshmallow","Fragrance","Exact bottle/product image + direct image URL","https://scentualobsessionsperfume.com/products/sugar-daddys-delight-inspired-by-yum-boujee-marshmallow","FACTORY_REBUILD_FROM_CANONICAL_TRUTH",""
"1979","Scentual Obsessions","Sugar Rush Inspired by Candies (Men)","Fragrance","Exact bottle/product image + direct image URL","https://scentualobsessionsperfume.com/products/sugar-rush-inspired-by-candies-men","FACTORY_REBUILD_FROM_CANONICAL_TRUTH",""
"1980","Scentual Obsessions","Summer Apple Inspired by Crab Apple Blossom","Fragrance","Exact bottle/product image + direct image URL","https://scentualobsessionsperfume.com/products/summer-apple","FACTORY_REBUILD_FROM_CANONICAL_TRUTH",""
"1981","Scentual Obsessions","Summer Dream Inspired by Solstis","Fragrance","Exact bottle/product image + direct image URL","https://scentualobsessionsperfume.com/products/summer-dream","FACTORY_REBUILD_FROM_CANONICAL_TRUTH",""
"1982","Scentual Obsessions","Summer in a Bottle Inspired By Aqua Sextius","Fragrance","Exact bottle/product image + direct image URL","https://scentualobsessionsperfume.com/products/summer-in-a-bottle","FACTORY_REBUILD_FROM_CANONICAL_TRUTH",""
"1983","Scentual Obsessions","Summer Night Inspired by California Dream","Fragrance","Exact bottle/product image + direct image URL","https://scentualobsessionsperfume.com/products/summer-night-inspired-by-california-dream","FACTORY_REBUILD_FROM_CANONICAL_TRUTH",""
"1984","Scentual Obsessions","Summer Springs Inspired by Sedley","Fragrance","Exact bottle/product image + direct image URL","https://scentualobsessionsperfume.com/products/summer-springs-inspired-by-sedley","FACTORY_REBUILD_FROM_CANONICAL_TRUTH",""
"1985","Scentual Obsessions","Sundown Inspired by Sunset Hour","Fragrance","Exact bottle/product image + direct image URL","https://scentualobsessionsperfume.com/products/sundown","FACTORY_REBUILD_FROM_CANONICAL_TRUTH",""
"1986","Scentual Obsessions","Sunny in Paradise Inspired by Santal Complet","Fragrance","Exact bottle/product image + direct image URL","https://scentualobsessionsperfume.com/products/sunny-in-paradise","FACTORY_REBUILD_FROM_CANONICAL_TRUTH",""
"1987","Scentual Obsessions","Superman Inspired by Ultra Male","Fragrance","Exact bottle/product image + direct image URL","https://scentualobsessionsperfume.com/products/superman-inspired-by-ultra-male","FACTORY_REBUILD_FROM_CANONICAL_TRUTH",""
"1988","Scentual Obsessions","Supernova Homme: Inspired by Allure Sport Superleggera (Will Be Back In Stock Soon)","Eau de Cologne","Exact bottle/product image + direct image URL","https://scentualobsessionsperfume.com/products/supernova-homme-inspired-by-allure-sport-superleggera-exact-match-pre-order","FACTORY_REBUILD_FROM_CANONICAL_TRUTH",""
"1989","Scentual Obsessions","Superstar Inspired by Starlight","Fragrance","Exact bottle/product image + direct image URL","https://scentualobsessionsperfume.com/products/superstar-inspired-by-starlight","FACTORY_REBUILD_FROM_CANONICAL_TRUTH",""
"1990","Scentual Obsessions","Supreme Warrior Cologne Inspired by Viking Cologne","Eau de Cologne","Exact bottle/product image + direct image URL","https://scentualobsessionsperfume.com/products/supreme-warrior-cologne","FACTORY_REBUILD_FROM_CANONICAL_TRUTH",""
"1991","Scentual Obsessions","Supreme Warrior Inspired by Viking","Fragrance","Exact bottle/product image + direct image URL","https://scentualobsessionsperfume.com/products/supreme-warrior","FACTORY_REBUILD_FROM_CANONICAL_TRUTH",""
"1992","Scentual Obsessions","Sweet Cheeks Inspired by Oriana","Fragrance","Exact bottle/product image + direct image URL","https://scentualobsessionsperfume.com/products/sweet-cheeks-inspired-by-oriana","FACTORY_REBUILD_FROM_CANONICAL_TRUTH",""
"1993","Scentual Obsessions","Sweet Chronic Inspired by The Chronic","Fragrance","Exact bottle/product image + direct image URL","https://scentualobsessionsperfume.com/products/sweet-chronic","FACTORY_REBUILD_FROM_CANONICAL_TRUTH",""
"1994","Scentual Obsessions","Sweet Revenge — Inspired by Check Please","Fragrance","Exact bottle/product image + direct image URL","https://scentualobsessionsperfume.com/products/sweet-revenge-inspired-by-check-please","FACTORY_REBUILD_FROM_CANONICAL_TRUTH",""
"1995","Scentual Obsessions","Sweet Victory Caramel 2x Inspired by Mula Mula Double Caramel","Fragrance","Exact bottle/product image + direct image URL","https://scentualobsessionsperfume.com/products/sweet-victory-caramel-2x-inspired-by-mula-mula-double-caramel","FACTORY_REBUILD_FROM_CANONICAL_TRUTH",""
"1996","Scentual Obsessions","Sweet Victory Inspired by Mula Mula","Fragrance","Exact bottle/product image + direct image URL","https://scentualobsessionsperfume.com/products/sweet-victory","FACTORY_REBUILD_FROM_CANONICAL_TRUTH",""
"1997","Scentual Obsessions","Sweet Victory Rouge Inspired by Rouge Mula Mula Rouge Extreme","Fragrance","Exact bottle/product image + direct image URL","https://scentualobsessionsperfume.com/products/sweet-victory-rouge","FACTORY_REBUILD_FROM_CANONICAL_TRUTH",""
"1998","Scentual Obsessions","Swiss Stream Inspired by Silver Mountain Water","Fragrance","Exact bottle/product image + direct image URL","https://scentualobsessionsperfume.com/products/swiss-stream","FACTORY_REBUILD_FROM_CANONICAL_TRUTH",""
"1999","Scentual Obsessions","Taha Paradise Inspired by Tihota","Fragrance","Exact bottle/product image + direct image URL","https://scentualobsessionsperfume.com/products/taha-paradise-inspired-by-tihota","FACTORY_REBUILD_FROM_CANONICAL_TRUTH",""
"2000","Scentual Obsessions","Talented Man Extreme Inspired by L’homme Ideal Extreme","Fragrance","Exact bottle/product image + direct image URL","https://scentualobsessionsperfume.com/products/talented-man-extreme","FACTORY_REBUILD_FROM_CANONICAL_TRUTH",""
"2001","Scentual Obsessions","Talented Man Inspired by L’homme Cologne","Eau de Cologne","Exact bottle/product image + direct image URL","https://scentualobsessionsperfume.com/products/talented-man","FACTORY_REBUILD_FROM_CANONICAL_TRUTH",""
"2002","Scentual Obsessions","Talented Man Inspired by L’homme Ideal","Eau de Parfum","Exact bottle/product image + direct image URL","https://scentualobsessionsperfume.com/products/talented-man-parfum","FACTORY_REBUILD_FROM_CANONICAL_TRUTH",""
"2003","Scentual Obsessions","Tang Inspired by Tangerine Boy","Fragrance","Exact bottle/product image + direct image URL","https://scentualobsessionsperfume.com/products/tang","FACTORY_REBUILD_FROM_CANONICAL_TRUTH",""
"2004","Scentual Obsessions","Tasty Treat Inspired by Bonbon Pop","Fragrance","Exact bottle/product image + direct image URL","https://scentualobsessionsperfume.com/products/tasty-treat-inspired-by-bonbon-pop","FACTORY_REBUILD_FROM_CANONICAL_TRUTH",""
"2005","Scentual Obsessions","Temptation 24 Inspired by Semi Bespoke 24","Fragrance","Exact bottle/product image + direct image URL","https://scentualobsessionsperfume.com/products/temptation-24-inspired-by-semi-bespoke-24","FACTORY_REBUILD_FROM_CANONICAL_TRUTH",""
"2006","Scentual Obsessions","The Art of Lime Inspired by Bohemian Lime","Fragrance","Exact bottle/product image + direct image URL","https://scentualobsessionsperfume.com/products/the-art-of-lime","FACTORY_REBUILD_FROM_CANONICAL_TRUTH",""
"2007","Scentual Obsessions","The Bakery Inspired by Vanilla Diorama","Fragrance","Exact bottle/product image + direct image URL","https://scentualobsessionsperfume.com/products/the-bakery","FACTORY_REBUILD_FROM_CANONICAL_TRUTH",""
"2008","Scentual Obsessions","The Blueprint Inspired by Mentor","Fragrance","Exact bottle/product image + direct image URL","https://scentualobsessionsperfume.com/products/the-blueprint-inspired-by-mentor","FACTORY_REBUILD_FROM_CANONICAL_TRUTH",""
"2009","Scentual Obsessions","The Champ Inspired by Hanai Mori","Fragrance","Exact bottle/product image + direct image URL","https://scentualobsessionsperfume.com/products/the-champ-inspired-by-hanai-mori","FACTORY_REBUILD_FROM_CANONICAL_TRUTH",""
"2010","Scentual Obsessions","The Irish King Inspired by Green Irish Tweed","Fragrance","Exact bottle/product image + direct image URL","https://scentualobsessionsperfume.com/products/the-irish-king","FACTORY_REBUILD_FROM_CANONICAL_TRUTH",""
"2011","Scentual Obsessions","The King Inspired by Aventus Extra Vanilla","Fragrance","Exact bottle/product image + direct image URL","https://scentualobsessionsperfume.com/products/the-king","FACTORY_REBUILD_FROM_CANONICAL_TRUTH",""
"2012","Scentual Obsessions","The Kings Queen Inspired by Aventus (Women)","Fragrance","Exact bottle/product image + direct image URL","https://scentualobsessionsperfume.com/products/the-kings-queen","FACTORY_REBUILD_FROM_CANONICAL_TRUTH",""
"2013","Scentual Obsessions","The Magician Inspired by Molecule 01","Fragrance","Exact bottle/product image + direct image URL","https://scentualobsessionsperfume.com/products/the-magician","FACTORY_REBUILD_FROM_CANONICAL_TRUTH",""
"2014","Scentual Obsessions","The Man Inspired by The One","Fragrance","Exact bottle/product image + direct image URL","https://scentualobsessionsperfume.com/products/the-man","FACTORY_REBUILD_FROM_CANONICAL_TRUTH",""
"2015","Scentual Obsessions","The Opera House Inspired by Symphony","Fragrance","Exact bottle/product image + direct image URL","https://scentualobsessionsperfume.com/products/the-opera-house-inspired-by-symphony","FACTORY_REBUILD_FROM_CANONICAL_TRUTH",""
"2016","Scentual Obsessions","The Red Moon Inspired by Luna Rossa","Fragrance","Exact bottle/product image + direct image URL","https://scentualobsessionsperfume.com/products/the-red-moon-inspired-by-luna-rossa","FACTORY_REBUILD_FROM_CANONICAL_TRUTH",""
"2017","Scentual Obsessions","The Red Moon Sport Inspired by Luna Rossa Sport","Fragrance","Exact bottle/product image + direct image URL","https://scentualobsessionsperfume.com/products/the-red-moon-sport-inspired-by-luna-rossa-sport","FACTORY_REBUILD_FROM_CANONICAL_TRUTH",""
"2018","Scentual Obsessions","Thrill Seeker Inspired by Pi","Fragrance","Exact bottle/product image + direct image URL","https://scentualobsessionsperfume.com/products/thrill-seeker","FACTORY_REBUILD_FROM_CANONICAL_TRUTH",""
"2019","Scentual Obsessions","Tonic Tease: Inspired by Gntonic","Fragrance","Exact bottle/product image + direct image URL","https://scentualobsessionsperfume.com/products/tonic-tease-inspired-by-gntonic","FACTORY_REBUILD_FROM_CANONICAL_TRUTH",""
"2020","Scentual Obsessions","Tonka Absolute Inspired by Pure Tonka","Fragrance","Exact bottle/product image + direct image URL","https://scentualobsessionsperfume.com/products/tonka-absolute-inspired-by-pure-tonka","FACTORY_REBUILD_FROM_CANONICAL_TRUTH",""
"2021","Scentual Obsessions","Tonka Elixir 2.5","Fragrance","Exact bottle/product image + direct image URL","https://scentualobsessionsperfume.com/products/tonka-elixir-2-5-inspired-by-tonka-25","FACTORY_REBUILD_FROM_CANONICAL_TRUTH",""
"2022","Scentual Obsessions","Tonka Elixir 2.5 Inspired by Tonka 25","Fragrance","Exact bottle/product image + direct image URL","https://scentualobsessionsperfume.com/products/tonka-elixir-2-5-inspired-by-tonka-25","FACTORY_REBUILD_FROM_CANONICAL_TRUTH",""
"2023","Scentual Obsessions","Tonka Pop Inspired by Tonka Cola","Fragrance","Exact bottle/product image + direct image URL","https://scentualobsessionsperfume.com/products/tonka-pop-inspired-by-tonka-cola","FACTORY_REBUILD_FROM_CANONICAL_TRUTH",""
"2024","Scentual Obsessions","Tony Montana Inspired by Montabaco","Fragrance","Exact bottle/product image + direct image URL","https://scentualobsessionsperfume.com/products/tony-montana","FACTORY_REBUILD_FROM_CANONICAL_TRUTH",""
"2025","Scentual Obsessions","Total Domination Inspired by Oligarch","Fragrance","Exact bottle/product image + direct image URL","https://scentualobsessionsperfume.com/products/total-domination-inspired-by-oligarch","FACTORY_REBUILD_FROM_CANONICAL_TRUTH",""
"2026","Scentual Obsessions","Touch Me Inspired by Touch (Men)","Fragrance","Exact bottle/product image + direct image URL","https://scentualobsessionsperfume.com/products/untitled-sep8_20-01","FACTORY_REBUILD_FROM_CANONICAL_TRUTH",""
"2027","Scentual Obsessions","Toy Boy Inspired by Tommy","Fragrance","Exact bottle/product image + direct image URL","https://scentualobsessionsperfume.com/products/toy-boy-inspired-by-tommy","FACTORY_REBUILD_FROM_CANONICAL_TRUTH",""
"2028","Scentual Obsessions","Trail of Fire Inspired by Winter Palace","Fragrance","Exact bottle/product image + direct image URL","https://scentualobsessionsperfume.com/products/trail-of-fire-inspired-by-winter-palace","FACTORY_REBUILD_FROM_CANONICAL_TRUTH",""
"2029","Scentual Obsessions","Treasure of the Orient Inspired by Spice & Wood","Fragrance","Exact bottle/product image + direct image URL","https://scentualobsessionsperfume.com/products/treasure-of-the-orient","FACTORY_REBUILD_FROM_CANONICAL_TRUTH",""
"2030","Scentual Obsessions","Triangle Inspired by Tribeca","Fragrance","Exact bottle/product image + direct image URL","https://scentualobsessionsperfume.com/products/triangle","FACTORY_REBUILD_FROM_CANONICAL_TRUTH",""
"2031","Scentual Obsessions","Trippin in Love Inspired by Psychedelic Love","Fragrance","Exact bottle/product image + direct image URL","https://scentualobsessionsperfume.com/products/trippin-in-love-inspired-by-psychedelic-love","FACTORY_REBUILD_FROM_CANONICAL_TRUTH",""
"2032","Scentual Obsessions","Triumph Inspired by Celebration","Fragrance","Exact bottle/product image + direct image URL","https://scentualobsessionsperfume.com/products/triumph-inspired-by-celebration","FACTORY_REBUILD_FROM_CANONICAL_TRUTH",""
"2033","Scentual Obsessions","Tropical Vacation Inspired by Coco Moon","Fragrance","Exact bottle/product image + direct image URL","https://scentualobsessionsperfume.com/products/tropical-vacation","FACTORY_REBUILD_FROM_CANONICAL_TRUTH",""
"2034","Scentual Obsessions","Twin Strike Inspired by Double Attack","Fragrance","Exact bottle/product image + direct image URL","https://scentualobsessionsperfume.com/products/twin-strike-inspired-by-double-attack","FACTORY_REBUILD_FROM_CANONICAL_TRUTH",""
"2035","Scentual Obsessions","Twist Inspired by Curve","Fragrance","Exact bottle/product image + direct image URL","https://scentualobsessionsperfume.com/products/twist-inspired-by-curve","FACTORY_REBUILD_FROM_CANONICAL_TRUTH",""
"2036","Scentual Obsessions","Tygar Obsession Inspired by Tygar","Fragrance","Exact bottle/product image + direct image URL","https://scentualobsessionsperfume.com/products/tygar-obsession-inspired-by-tygar","FACTORY_REBUILD_FROM_CANONICAL_TRUTH",""
"2037","Scentual Obsessions","Umbrella for your Tea Inspired by Umbrella for Two","Fragrance","Exact bottle/product image + direct image URL","https://scentualobsessionsperfume.com/products/umbrella-for-your-tea","FACTORY_REBUILD_FROM_CANONICAL_TRUTH",""
"2038","Scentual Obsessions","Unknown Desire Inspired by Nefs","Fragrance","Exact bottle/product image + direct image URL","https://scentualobsessionsperfume.com/products/unknown-desire","FACTORY_REBUILD_FROM_CANONICAL_TRUTH",""
"2039","Scentual Obsessions","Untamed Inspired by Sauvage","Parfum","Exact bottle/product image + direct image URL","https://scentualobsessionsperfume.com/products/untamed","FACTORY_REBUILD_FROM_CANONICAL_TRUTH",""
"2040","Scentual Obsessions","Up in Smoke Inspired by By the Fireplace","Fragrance","Exact bottle/product image + direct image URL","https://scentualobsessionsperfume.com/products/up-in-smoke-inspired-by-by-the-fireplace","FACTORY_REBUILD_FROM_CANONICAL_TRUTH",""
"2041","Scentual Obsessions","Urban Outlaw - Inspired by Town & Country","Fragrance","Exact bottle/product image + direct image URL","https://scentualobsessionsperfume.com/products/urban-outlaw-inspired-by-town-country","FACTORY_REBUILD_FROM_CANONICAL_TRUTH",""
"2042","Scentual Obsessions","USA Inspired by Polo Red, White & Blue","Fragrance","Exact bottle/product image + direct image URL","https://scentualobsessionsperfume.com/products/usa-inspired-by-polo-red-white-blue","FACTORY_REBUILD_FROM_CANONICAL_TRUTH",""
"2043","Scentual Obsessions","Valoré – Inspired by Valero","Fragrance","Exact bottle/product image + direct image URL","https://scentualobsessionsperfume.com/products/valore-inspired-by-valero","FACTORY_REBUILD_FROM_CANONICAL_TRUTH",""
"2044","Scentual Obsessions","Vanilla Heaven Inspired by Vanille Havane","Fragrance","Exact bottle/product image + direct image URL","https://scentualobsessionsperfume.com/products/vanilla-heaven-inspired-by-vanille-havane","FACTORY_REBUILD_FROM_CANONICAL_TRUTH",""
"2045","Scentual Obsessions","Vanilla in Disguise Inspired by Vanille 45","Fragrance","Exact bottle/product image + direct image URL","https://scentualobsessionsperfume.com/products/vanilla-in-disguise-inspired-by-vanille-45","FACTORY_REBUILD_FROM_CANONICAL_TRUTH",""
"2046","Scentual Obsessions","Vanilla Vendetta – Inspired by Vanille Fatale","Fragrance","Exact bottle/product image + direct image URL","https://scentualobsessionsperfume.com/products/vanilla-vendetta-inspired-by-vanille-fatale","FACTORY_REBUILD_FROM_CANONICAL_TRUTH",""
"2047","Scentual Obsessions","Vanilla Woods Inspired by Aoud Vanille","Fragrance","Exact bottle/product image + direct image URL","https://scentualobsessionsperfume.com/products/vanilla-woods-inspired-by-aoud-vanille","FACTORY_REBUILD_FROM_CANONICAL_TRUTH",""
"2048","Scentual Obsessions","Vanille Obsessions Inspired by Blue Vanille","Fragrance","Exact bottle/product image + direct image URL","https://scentualobsessionsperfume.com/products/vanille-obsessions-inspired-by-blue-vanille","FACTORY_REBUILD_FROM_CANONICAL_TRUTH",""
"2049","Scentual Obsessions","Vantage Point Inspired by Attitude","Fragrance","Exact bottle/product image + direct image URL","https://scentualobsessionsperfume.com/products/untitled-sep11_19-51","FACTORY_REBUILD_FROM_CANONICAL_TRUTH",""
"2050","Scentual Obsessions","Velvet Charm Inspired By Palatine","Fragrance","Exact bottle/product image + direct image URL","https://scentualobsessionsperfume.com/products/velvet-charm-inspired-by-palatine","FACTORY_REBUILD_FROM_CANONICAL_TRUTH",""
"2051","Scentual Obsessions","Very Desirable Inspired by Irresistible (Men)","Fragrance","Exact bottle/product image + direct image URL","https://scentualobsessionsperfume.com/products/very-desirable","FACTORY_REBUILD_FROM_CANONICAL_TRUTH",""
"2052","Scentual Obsessions","Very Naughty Girl Inspired by Very Good Girl","Fragrance","Exact bottle/product image + direct image URL","https://scentualobsessionsperfume.com/products/very-naughty-girl-inspired-by-very-good-girl","FACTORY_REBUILD_FROM_CANONICAL_TRUTH",""
"2053","Scentual Obsessions","Vetiver Unleashed Inspired by Wild Vetiver","Fragrance","Exact bottle/product image + direct image URL","https://scentualobsessionsperfume.com/products/vetiver-unleashed-inspired-by-wild-vetiver","FACTORY_REBUILD_FROM_CANONICAL_TRUTH",""
"2054","Scentual Obsessions","Vibrant Strength Inspired by Eau Givree","Fragrance","Exact bottle/product image + direct image URL","https://scentualobsessionsperfume.com/products/vibrant-strength-inspired-by-eau-givree","FACTORY_REBUILD_FROM_CANONICAL_TRUTH",""
"2055","Scentual Obsessions","Vicious Inspired by Fierce","Fragrance","Exact bottle/product image + direct image URL","https://scentualobsessionsperfume.com/products/vicious","FACTORY_REBUILD_FROM_CANONICAL_TRUTH",""
"2056","Scentual Obsessions","Vicious Intense Inspired by Fierce Intense","Fragrance","Exact bottle/product image + direct image URL","https://scentualobsessionsperfume.com/products/vicious-intense","FACTORY_REBUILD_FROM_CANONICAL_TRUTH",""
"2057","Scentual Obsessions","Victory Inspired by Invictus","Fragrance","Exact bottle/product image + direct image URL","https://scentualobsessionsperfume.com/products/victory-inspired-by-invictus","FACTORY_REBUILD_FROM_CANONICAL_TRUTH",""
"2058","Scentual Obsessions","Victory Legend Inspired by Invictus Legend","Fragrance","Exact bottle/product image + direct image URL","https://scentualobsessionsperfume.com/products/victory-legend-inspired-by-invictus-legend","FACTORY_REBUILD_FROM_CANONICAL_TRUTH",""
"2059","Scentual Obsessions","Victory Platinum Inspired by Invictus Platinum","Fragrance","Exact bottle/product image + direct image URL","https://scentualobsessionsperfume.com/products/victory-platinum-inspired-by-invictus-platinum","FACTORY_REBUILD_FROM_CANONICAL_TRUTH",""
"2060","Scentual Obsessions","Vintage Man Inspired by Polo Green","Fragrance","Exact bottle/product image + direct image URL","https://scentualobsessionsperfume.com/products/vintage-man-inspired-by-polo-green","FACTORY_REBUILD_FROM_CANONICAL_TRUTH",""
"2061","Scentual Obsessions","VIP Exclusive Inspired by BDC","Eau de Parfum","Exact bottle/product image + direct image URL","https://scentualobsessionsperfume.com/products/vip-exclusive","FACTORY_REBUILD_FROM_CANONICAL_TRUTH",""
"2062","Scentual Obsessions","VIP Inspired by BDC","Parfum","Exact bottle/product image + direct image URL","https://scentualobsessionsperfume.com/products/vip","FACTORY_REBUILD_FROM_CANONICAL_TRUTH",""
"2063","Scentual Obsessions","Vip Inspired by Blue De","Eau de Toilette","Exact bottle/product image + direct image URL","https://scentualobsessionsperfume.com/products/vip-edt-inspired-by-blue-de-edt","FACTORY_REBUILD_FROM_CANONICAL_TRUTH",""
"2064","Scentual Obsessions","VIP Man Inspired by II","Fragrance","Exact bottle/product image + direct image URL","https://scentualobsessionsperfume.com/products/vip-man","FACTORY_REBUILD_FROM_CANONICAL_TRUTH",""
"2065","Scentual Obsessions","Vivid Beat Inspired by Sur La Route","Fragrance","Exact bottle/product image + direct image URL","https://scentualobsessionsperfume.com/products/vivid-beat-inspired-by-sur-la-route","FACTORY_REBUILD_FROM_CANONICAL_TRUTH",""
"2066","Scentual Obsessions","Voltage Rose: Inspired by eLVes","Fragrance","Exact bottle/product image + direct image URL","https://scentualobsessionsperfume.com/products/voltage-rose-inspired-by-elves","FACTORY_REBUILD_FROM_CANONICAL_TRUTH",""
"2067","Scentual Obsessions","Wallace Inspired by Original D.O","Fragrance","Exact bottle/product image + direct image URL","https://scentualobsessionsperfume.com/products/wallace-inspired-by-original-d-o","FACTORY_REBUILD_FROM_CANONICAL_TRUTH",""
"2068","Scentual Obsessions","Water of Royalty Inspired by Royal Water","Fragrance","Exact bottle/product image + direct image URL","https://scentualobsessionsperfume.com/products/water-of-royalty","FACTORY_REBUILD_FROM_CANONICAL_TRUTH",""
"2069","Scentual Obsessions","Weekly Sales Menu","Perfume","Exact bottle/product image + direct image URL","https://scentualobsessionsperfume.com/products/weekly-sales-menu","FACTORY_REBUILD_FROM_CANONICAL_TRUTH",""
"2070","Scentual Obsessions","Wheat Dreams Inspired by Old Fashioned","Fragrance","Exact bottle/product image + direct image URL","https://scentualobsessionsperfume.com/products/wheat-dreams-inspired-by-old-fashioned","FACTORY_REBUILD_FROM_CANONICAL_TRUTH",""
"2071","Scentual Obsessions","White Caramel Latte Inspired by Bianco Latte","Fragrance","Exact bottle/product image + direct image URL","https://scentualobsessionsperfume.com/products/white-caramel-latte-inspired-by-bianco-latte","FACTORY_REBUILD_FROM_CANONICAL_TRUTH",""
"2072","Scentual Obsessions","Wifey Inspired by Girlfriend","Fragrance","Exact bottle/product image + direct image URL","https://scentualobsessionsperfume.com/products/wifey-inspired-by-girlfriend","FACTORY_REBUILD_FROM_CANONICAL_TRUTH",""
"2073","Scentual Obsessions","Wild Thing Elixir Inspired by Sauvage Elixir","Fragrance","Exact bottle/product image + direct image URL","https://scentualobsessionsperfume.com/products/wild-thing-elixir","FACTORY_REBUILD_FROM_CANONICAL_TRUTH",""
"2074","Scentual Obsessions","Wild Thing Inspired by Sauvage","Eau de Toilette","Exact bottle/product image + direct image URL","https://scentualobsessionsperfume.com/products/wild-thing","FACTORY_REBUILD_FROM_CANONICAL_TRUTH",""
"2075","Scentual Obsessions","Wilderness of Arabia Inspired by Sahraa Oud","Fragrance","Exact bottle/product image + direct image URL","https://scentualobsessionsperfume.com/products/wilderness-of-arabia","FACTORY_REBUILD_FROM_CANONICAL_TRUTH",""
"2076","Scentual Obsessions","Winter Blue","Fragrance","Exact bottle/product image + direct image URL","https://scentualobsessionsperfume.com/products/the-arctic-duo-pre-order","FACTORY_REBUILD_FROM_CANONICAL_TRUTH",""
"2077","Scentual Obsessions","Winter in NY Inspired by NY 5th Ave","Fragrance","Exact bottle/product image + direct image URL","https://scentualobsessionsperfume.com/products/winter-in-ny","FACTORY_REBUILD_FROM_CANONICAL_TRUTH",""
"2078","Scentual Obsessions","Wishful Thinking - Inspired by Imagination","Fragrance","Exact bottle/product image + direct image URL","https://scentualobsessionsperfume.com/products/wishful-thinking-inspired-by-imagination-exact-match","FACTORY_REBUILD_FROM_CANONICAL_TRUTH",""
"2079","Scentual Obsessions","Woman of Steel Inspired by Metallique","Fragrance","Exact bottle/product image + direct image URL","https://scentualobsessionsperfume.com/products/woman-of-steel-inspired-by-metallique","FACTORY_REBUILD_FROM_CANONICAL_TRUTH",""
"2080","Scentual Obsessions","Wood Carver Inspired by Carved Oud","Fragrance","Exact bottle/product image + direct image URL","https://scentualobsessionsperfume.com/products/wood-carver-inspired-by-carved-oud","FACTORY_REBUILD_FROM_CANONICAL_TRUTH",""
"2081","Scentual Obsessions","Wood Cigar Inspired by Tobacco Oud","Fragrance","Exact bottle/product image + direct image URL","https://scentualobsessionsperfume.com/products/wood-cigar-inspired-by-tobacco-oud","FACTORY_REBUILD_FROM_CANONICAL_TRUTH",""
"2082","Scentual Obsessions","Wood Passion Inspired by Oud Wood","Fragrance","Exact bottle/product image + direct image URL","https://scentualobsessionsperfume.com/products/wood-passion-inspired-by-oud-wood","FACTORY_REBUILD_FROM_CANONICAL_TRUTH",""
"2083","Scentual Obsessions","Woods of Royalty Inspired by Royal Oud","Fragrance","Exact bottle/product image + direct image URL","https://scentualobsessionsperfume.com/products/woods-of-royalty","FACTORY_REBUILD_FROM_CANONICAL_TRUTH",""
"2084","Scentual Obsessions","Woody Cafe Inspired by Aoud Cafe","Fragrance","Exact bottle/product image + direct image URL","https://scentualobsessionsperfume.com/products/woody-cafe-inspired-by-aoud-cafe","FACTORY_REBUILD_FROM_CANONICAL_TRUTH",""
"2085","Scentual Obsessions","WORD IS BOND – Inspired by Promise","Fragrance","Exact bottle/product image + direct image URL","https://scentualobsessionsperfume.com/products/word-is-bond-inspired-by-promise-limited-edition-pre-release","FACTORY_REBUILD_FROM_CANONICAL_TRUTH",""
"2086","Scentual Obsessions","Workroom Inspired by Office","Fragrance","Exact bottle/product image + direct image URL","https://scentualobsessionsperfume.com/products/workroom-inspired-by-office-for-men","FACTORY_REBUILD_FROM_CANONICAL_TRUTH",""
"2087","Scentual Obsessions","Yours Truly Inspired by Myself","Fragrance","Exact bottle/product image + direct image URL","https://scentualobsessionsperfume.com/products/yours-truly-inspired-by-myself","FACTORY_REBUILD_FROM_CANONICAL_TRUTH",""
"2088","Scentual Obsessions","Yours Truly L’Absolu – Inspired by MYSLF L’Absolu","Fragrance","Exact bottle/product image + direct image URL","https://scentualobsessionsperfume.com/products/yours-truly-l-absolu-inspired-by-myslf-l-absolu","FACTORY_REBUILD_FROM_CANONICAL_TRUTH",""
"2089","Scentual Obsessions","Yours Truly Le Inspired by Myself Le","Parfum","Exact bottle/product image + direct image URL","https://scentualobsessionsperfume.com/products/yours-truly-le-parfum-inspired-by-myself-le-parfum","FACTORY_REBUILD_FROM_CANONICAL_TRUTH",""
"2090","Scentual Obsessions","Youthful Man Inspired by Y","Eau de Toilette","Exact bottle/product image + direct image URL","https://scentualobsessionsperfume.com/products/youthful-man-inspired-by-y-edt","FACTORY_REBUILD_FROM_CANONICAL_TRUTH",""
"2091","Scentual Obsessions","Youthful Man Le Inspired by Y Le","Parfum","Exact bottle/product image + direct image URL","https://scentualobsessionsperfume.com/products/youthful-man-le-parfum-inspired-by-y-le-parfum","FACTORY_REBUILD_FROM_CANONICAL_TRUTH",""
"2092","Scentual Obsessions","Youthful Man Live Inspired by Y Live Intense","Fragrance","Exact bottle/product image + direct image URL","https://scentualobsessionsperfume.com/products/youthful-man-live-inspired-by-y-live-intense","FACTORY_REBUILD_FROM_CANONICAL_TRUTH",""
"2093","Scentual Obsessions","Yummy Pistachio Obsession Inspired by Yum Pistachio Gelato","Fragrance","Exact bottle/product image + direct image URL","https://scentualobsessionsperfume.com/products/yummy-pistachio-obsession-inspired-by-yum-pistachio-gelato","FACTORY_REBUILD_FROM_CANONICAL_TRUTH",""
